dataset,partition,round,mean_effective_lambda,smoothed_effective_lambda
CIFAR-100,IID,1,4.002271066133948e-05,0.00041588622452514253
CIFAR-100,IID,2,7.964145802198781e-05,0.000571865848996752
CIFAR-100,IID,3,0.0001768716058152629,0.0007707349491516535
CIFAR-100,IID,4,0.0004886937823953534,0.001003330100246232
CIFAR-100,IID,5,0.0007252384309923978,0.00129084746481217
CIFAR-100,IID,6,0.0010172496544656813,0.0016364026347001632
CIFAR-100,IID,7,0.001488396241156118,0.0020469346728514163
CIFAR-100,IID,8,0.0019420205097396212,0.0025117550391768636
CIFAR-100,IID,9,0.002379717077735482,0.0030545463143780206
CIFAR-100,IID,10,0.0030230592129848613,0.003668797021487932
CIFAR-100,IID,11,0.0035289499770800163,0.00435465264772525
CIFAR-100,IID,12,0.004352783179150407,0.005106793052238738
CIFAR-100,IID,13,0.005223350258981239,0.005867137618739976
CIFAR-100,IID,14,0.0061980032829301365,0.006673222205422821
CIFAR-100,IID,15,0.007012328205543051,0.007555566283915462
CIFAR-100,IID,16,0.00818189183867869,0.008494780354675657
CIFAR-100,IID,17,0.009293402064670667,0.009464148330910133
CIFAR-100,IID,18,0.010464705999375025,0.010418516874522483
CIFAR-100,IID,19,0.011770799850097673,0.011531006847124875
CIFAR-100,IID,20,0.012130406928510964,0.012713417962009855
CIFAR-100,IID,21,0.013108518454708349,0.013873229476724265
CIFAR-100,IID,22,0.014723557418545747,0.015097305463461799
CIFAR-100,IID,23,0.016030231571142545,0.01631311446389147
CIFAR-100,IID,24,0.016920236721252646,0.017627652695699204
CIFAR-100,IID,25,0.017338587367170095,0.018981566838877816
CIFAR-100,IID,26,0.02021629956611589,0.020374215352704533
CIFAR-100,IID,27,0.022088949902425103,0.021861133900338132
CIFAR-100,IID,28,0.022620522979697407,0.023511251281806547
CIFAR-100,IID,29,0.024559143083993134,0.025175741610546698
CIFAR-100,IID,30,0.025249463211988142,0.026757610469720715
CIFAR-100,IID,31,0.027899965315794657,0.0284626729605152
CIFAR-100,IID,32,0.029602114212349873,0.03022558652046046
CIFAR-100,IID,33,0.03135443370677578,0.032027285886532274
CIFAR-100,IID,34,0.03407457806460171,0.03376951946006869
CIFAR-100,IID,35,0.03688216765053716,0.03541293814866974
CIFAR-100,IID,36,0.0380758733858106,0.03750982980652963
CIFAR-100,IID,37,0.03845159030615604,0.03955804106626442
CIFAR-100,IID,38,0.04160616893305976,0.041793441980677484
CIFAR-100,IID,39,0.04336394012043155,0.04383152611079188
CIFAR-100,IID,40,0.04436407785824735,0.04586364466515292
CIFAR-100,IID,41,0.046349803169162006,0.047865496241405805
CIFAR-100,IID,42,0.04674023023144093,0.04977462032681025
CIFAR-100,IID,43,0.05407389784759575,0.051687716727304385
CIFAR-100,IID,44,0.05528231198001503,0.05364939077925632
CIFAR-100,IID,45,0.05878047692818402,0.05574668974685863
CIFAR-100,IID,46,0.05847122726751064,0.057613805273245174
CIFAR-100,IID,47,0.060083892527765415,0.05995479663518612
CIFAR-100,IID,48,0.061382207350569026,0.062346196944695155
CIFAR-100,IID,49,0.06271143934566839,0.06457735714855876
CIFAR-100,IID,50,0.06557861365794919,0.06682302243795472
CIFAR-100,IID,51,0.06750098416508962,0.06882807459899652
CIFAR-100,IID,52,0.0699110748201909,0.07091727815213712
CIFAR-100,IID,53,0.06961290182885786,0.07285899068371651
CIFAR-100,IID,54,0.0784788105495457,0.07505534096430469
CIFAR-100,IID,55,0.08023508250088293,0.07712255428610251
CIFAR-100,IID,56,0.07981720622711612,0.07955218097648757
CIFAR-100,IID,57,0.08042520957238035,0.08198385486937965
CIFAR-100,IID,58,0.08414968026322282,0.08452363993248055
CIFAR-100,IID,59,0.08662036527712394,0.08688842679231996
CIFAR-100,IID,60,0.08790616490187465,0.08952535396339001
CIFAR-100,IID,61,0.09141648147633338,0.09239072519275947
CIFAR-100,IID,62,0.09109209235473285,0.09440139407384122
CIFAR-100,IID,63,0.0978266077063448,0.09651054256686233
CIFAR-100,IID,64,0.09918654773904968,0.09897122381095082
CIFAR-100,IID,65,0.10367538960446257,0.10154226397003438
CIFAR-100,IID,66,0.10297278706268102,0.10401751188994102
CIFAR-100,IID,67,0.10946498238624161,0.10647456445353531
CIFAR-100,IID,68,0.11259347026939973,0.10909709448613124
CIFAR-100,IID,69,0.10863884376577196,0.11138208334141363
CIFAR-100,IID,70,0.11187230989619953,0.11461694741742996
CIFAR-100,IID,71,0.11672742488844332,0.11701742500588581
CIFAR-100,IID,72,0.11899081195863367,0.11944793286750821
CIFAR-100,IID,73,0.1212783990618224,0.12177793104659489
CIFAR-100,IID,74,0.12347615373103846,0.12441237561449037
CIFAR-100,IID,75,0.12724411539081357,0.12726837067333702
CIFAR-100,IID,76,0.1256913143055694,0.1294966189393954
CIFAR-100,IID,77,0.1396150534949777,0.13280625375085453
CIFAR-100,IID,78,0.13383377153318268,0.13600461700513453
CIFAR-100,IID,79,0.13564416566338586,0.13859463966300553
CIFAR-100,IID,80,0.13862536229076258,0.14149624596164942
CIFAR-100,IID,81,0.14248945558111323,0.14435363481951663
CIFAR-100,IID,82,0.15230490826894125,0.14669056027130714
CIFAR-100,IID,83,0.1460171942602758,0.14924223592027266
CIFAR-100,IID,84,0.1582833659376589,0.15198946182674553
CIFAR-100,IID,85,0.15984775871039908,0.1541499725460386
CIFAR-100,IID,86,0.15557776475650864,0.15734273665745754
CIFAR-100,IID,87,0.16251490643829153,0.1604448683432921
CIFAR-100,IID,88,0.16413923192983085,0.16400913635552658
CIFAR-100,IID,89,0.15853003550789624,0.16697016078415472
CIFAR-100,IID,90,0.1655192501252964,0.16919440128214566
CIFAR-100,IID,91,0.16689970290266207,0.1720949849213568
CIFAR-100,IID,92,0.17202271428437413,0.17417715595870736
CIFAR-100,IID,93,0.1817252332044666,0.1771084266270973
CIFAR-100,IID,94,0.182176140950904,0.179882816804829
CIFAR-100,IID,95,0.1920893824742796,0.1829149938355396
CIFAR-100,IID,96,0.18690482201053524,0.18637472646760236
CIFAR-100,IID,97,0.18566851573880563,0.19027150621489403
CIFAR-100,IID,98,0.1895259488484427,0.19324068352860105
CIFAR-100,IID,99,0.1895159314979175,0.1961569270690748
CIFAR-100,IID,100,0.2038168187362482,0.19901842521833452
CIFAR-100,IID,101,0.1971936174224843,0.20122005476628044
CIFAR-100,IID,102,0.20799756189895077,0.20275580597206908
CIFAR-100,IID,103,0.21603522141077258,0.20410792755725327
CIFAR-100,IID,104,0.21698173171727123,0.2067244538502349
CIFAR-100,IID,105,0.21005690983090117,0.20941123651543617
CIFAR-100,IID,106,0.21064335600976905,0.21237816648599292
CIFAR-100,IID,107,0.2149451865232693,0.21531513849845932
CIFAR-100,IID,108,0.2147496764236553,0.21744834941249944
CIFAR-100,IID,109,0.20521240903773363,0.21980409879207727
CIFAR-100,IID,110,0.21237120625204264,0.22288037838272465
CIFAR-100,IID,111,0.2261527164052602,0.22538147755059715
CIFAR-100,IID,112,0.22597025571682455,0.2280170337556831
CIFAR-100,IID,113,0.23402989840679353,0.2314534201514347
CIFAR-100,IID,114,0.23357051168491352,0.2348619232803826
CIFAR-100,IID,115,0.23581498244684962,0.23794784396798985
CIFAR-100,IID,116,0.23252985811615184,0.24050108077276497
CIFAR-100,IID,117,0.25414175575866144,0.2444881927365486
CIFAR-100,IID,118,0.2535517089288606,0.24833221931377478
CIFAR-100,IID,119,0.2565150747935604,0.25126464904372164
CIFAR-100,IID,120,0.2616027057671745,0.25512893711772494
CIFAR-100,IID,121,0.26177090294398775,0.2580247261853203
CIFAR-100,IID,122,0.26123399683737836,0.2609545922231801
CIFAR-100,IID,123,0.25304822849528197,0.2643107876247188
CIFAR-100,IID,124,0.26501908849448796,0.26913533671567075
CIFAR-100,IID,125,0.27003160491043515,0.2714836148410985
CIFAR-100,IID,126,0.27013916235446345,0.2741970168252114
CIFAR-100,IID,127,0.28393457682687356,0.27747760530510296
CIFAR-100,IID,128,0.27746673442072484,0.2800850031091737
CIFAR-100,IID,129,0.2775185022528107,0.2832069592972977
CIFAR-100,IID,130,0.2861579134699302,0.2853904373104361
CIFAR-100,IID,131,0.3048980944804305,0.2888383837430656
CIFAR-100,IID,132,0.28936592764007807,0.2925786023108016
CIFAR-100,IID,133,0.29425273869055435,0.29573676727140424
CIFAR-100,IID,134,0.3057239019919332,0.2995512707671861
CIFAR-100,IID,135,0.3007136728282365,0.30247059803471893
CIFAR-100,IID,136,0.30860024576584805,0.3053486321535012
CIFAR-100,IID,137,0.29398616703445307,0.3095691488413212
CIFAR-100,IID,138,0.3047674249847242,0.3131084609413824
CIFAR-100,IID,139,0.32112236701052826,0.3145681962723975
CIFAR-100,IID,140,0.3174040793194751,0.3188251818563654
CIFAR-100,IID,141,0.3273567147911911,0.3208415725854841
CIFAR-100,IID,142,0.32772448583986563,0.32366989530986684
CIFAR-100,IID,143,0.320637246202459,0.3267257102686676
CIFAR-100,IID,144,0.34082625257011023,0.33046675959915955
CIFAR-100,IID,145,0.3392475949708481,0.3347216226955716
CIFAR-100,IID,146,0.3267941244456576,0.33843941664839305
CIFAR-100,IID,147,0.353220711399595,0.34096594405871233
CIFAR-100,IID,148,0.3244985996273365,0.34418704624488017
CIFAR-100,IID,149,0.34814874285767405,0.34617847188450257
CIFAR-100,IID,150,0.34655089721024823,0.3497127057002131
CIFAR-100,IID,151,0.36471598572322766,0.35288432529087227
CIFAR-100,IID,152,0.35780911348063327,0.355298496665973
CIFAR-100,IID,153,0.3605343342770463,0.3580173255931532
CIFAR-100,IID,154,0.3590202781653174,0.36191141911358454
CIFAR-100,IID,155,0.36572061211199297,0.36415630886241457
CIFAR-100,IID,156,0.357228099385527,0.36786095361255366
CIFAR-100,IID,157,0.3807379930755243,0.3702154459646357
CIFAR-100,IID,158,0.36821154006234547,0.3733613692368863
CIFAR-100,IID,159,0.37703882319662196,0.37469472810557364
CIFAR-100,IID,160,0.3800300288785513,0.37692054665629043
CIFAR-100,IID,161,0.3852055272521277,0.3801047608589668
CIFAR-100,IID,162,0.3868940576320459,0.384834877898186
CIFAR-100,IID,163,0.3800682708794218,0.38863747487599826
CIFAR-100,IID,164,0.383466128138904,0.39319556338214595
CIFAR-100,IID,165,0.3937397462940073,0.39570628866420227
CIFAR-100,IID,166,0.38471636875353743,0.39890922111814164
CIFAR-100,IID,167,0.3911963917413848,0.4023014461505357
CIFAR-100,IID,168,0.40829754731719203,0.4052317844087775
CIFAR-100,IID,169,0.4299720337536065,0.40817138404998116
CIFAR-100,IID,170,0.4227595667791773,0.41106084500683376
CIFAR-100,IID,171,0.42559942697774245,0.41461022784908047
CIFAR-100,IID,172,0.418398872306369,0.4175889894616767
CIFAR-100,IID,173,0.41625552687143513,0.42052539692400465
CIFAR-100,IID,174,0.4279221986825329,0.4243510467745073
CIFAR-100,IID,175,0.4239851027521781,0.4285384479840817
CIFAR-100,IID,176,0.42929952187018305,0.4316290105054977
CIFAR-100,IID,177,0.4302359719848347,0.43310934154664243
CIFAR-100,IID,178,0.43330901351312223,0.4359559628260647
CIFAR-100,IID,179,0.4281475523278481,0.4391122103140645
CIFAR-100,IID,180,0.43778585822892574,0.4436057728204669
CIFAR-100,IID,181,0.44210111651107703,0.44771685662030936
CIFAR-100,IID,182,0.45400740988500105,0.45100703208721243
CIFAR-100,IID,183,0.454655985138432,0.4542595399780134
CIFAR-100,IID,184,0.45217699937077754,0.45780335365161645
CIFAR-100,IID,185,0.4654588859705114,0.46180862171667825
CIFAR-100,IID,186,0.4729431392977399,0.46462473430817297
CIFAR-100,IID,187,0.4858023099024054,0.46914608980597655
CIFAR-100,IID,188,0.47792178386907186,0.4723258506069212
CIFAR-100,IID,189,0.47727483068607857,0.4754943739867377
CIFAR-100,IID,190,0.47277272111419216,0.4776931636021567
CIFAR-100,IID,191,0.4824567269742294,0.48072271283994583
CIFAR-100,IID,192,0.4903149929607616,0.48595787343765356
CIFAR-100,IID,193,0.4755507023855424,0.4897555483033725
CIFAR-100,IID,194,0.4959678847949015,0.4920584392434228
CIFAR-100,IID,195,0.48548227024309654,0.4942241162245879
CIFAR-100,IID,196,0.4896289672083247,0.49837211516985014
CIFAR-100,IID,197,0.4869892541162857,0.5018127229816036
CIFAR-100,IID,198,0.5000992237052687,0.5058843782139935
CIFAR-100,IID,199,0.530704408336393,0.5098291379868733
CIFAR-100,IID,200,0.5224240089562957,0.5134731198532233
CIFAR-100,IID,201,0.5074865033984949,0.5168529335546463
CIFAR-100,IID,202,0.5182874646198821,0.5193048817616805
CIFAR-100,IID,203,0.5401417680480056,0.5240308574579613
CIFAR-100,IID,204,0.5288839478623815,0.5285920328148839
CIFAR-100,IID,205,0.5338475496000405,0.5348038241741631
CIFAR-100,IID,206,0.541628123567426,0.5380445174440222
CIFAR-100,IID,207,0.5449747209560115,0.5380234133868299
CIFAR-100,IID,208,0.5262479079068875,0.5395097370214887
CIFAR-100,IID,209,0.5327471079004152,0.5425494106641656
CIFAR-100,IID,210,0.5563719056873064,0.5461448506110474
CIFAR-100,IID,211,0.5580465975621627,0.5477461625341786
CIFAR-100,IID,212,0.5801661245054742,0.5505700780268995
CIFAR-100,IID,213,0.548709622753155,0.5545156072963913
CIFAR-100,IID,214,0.5303878474785095,0.5578122042328313
CIFAR-100,IID,215,0.544718863476178,0.5604917910066942
CIFAR-100,IID,216,0.5530816080386489,0.5638634092199676
CIFAR-100,IID,217,0.5722190638231103,0.5652713269031449
CIFAR-100,IID,218,0.5641614468949723,0.5676132816157033
CIFAR-100,IID,219,0.5712426802531945,0.5705716414549828
CIFAR-100,IID,220,0.5930304886424167,0.5740777746429627
CIFAR-100,IID,221,0.5910770776140267,0.5786082523648306
CIFAR-100,IID,222,0.585168522563956,0.583932713327151
CIFAR-100,IID,223,0.5768221811059876,0.5901717423849766
CIFAR-100,IID,224,0.5538658731480745,0.5952129480278833
CIFAR-100,IID,225,0.5915012263756825,0.5973744001811643
CIFAR-100,IID,226,0.6024219951513563,0.600011249238393
CIFAR-100,IID,227,0.6327581223251706,0.6033039273190047
CIFAR-100,IID,228,0.6166667885811731,0.6061383202117914
CIFAR-100,IID,229,0.6102547619133172,0.6084010823728866
CIFAR-100,IID,230,0.6383042993435636,0.6106069845746503
CIFAR-100,IID,231,0.6286996926822468,0.6155283489506268
CIFAR-100,IID,232,0.6046408461223247,0.6221041694439923
CIFAR-100,IID,233,0.603714182753403,0.6253679950745684
CIFAR-100,IID,234,0.6206328514623735,0.6270497687883534
CIFAR-100,IID,235,0.6355463820342173,0.6290186324728294
CIFAR-100,IID,236,0.625018510030455,0.6331048804782679
CIFAR-100,IID,237,0.6182570555904109,0.6373647202821502
CIFAR-100,IID,238,0.6506426467456332,0.6412872038598535
CIFAR-100,IID,239,0.6525031805485557,0.6438002629892212
CIFAR-100,IID,240,0.6404586108343252,0.6485447659464812
CIFAR-100,IID,241,0.6276486008581308,0.6530845163191036
CIFAR-100,IID,242,0.6622910775923107,0.6549027463710815
CIFAR-100,IID,243,0.6779605086627485,0.6574857035243057
CIFAR-100,IID,244,0.6741523589715526,0.6614734766931859
CIFAR-100,IID,245,0.6971415530091132,0.6664316749009718
CIFAR-100,IID,246,0.6663955796227637,0.66868011197539
CIFAR-100,IID,247,0.6758083904812252,0.6718659127489349
CIFAR-100,IID,248,0.6718104383427377,0.6743063781888606
CIFAR-100,IID,249,0.6479063022420426,0.6771269488371772
CIFAR-100,IID,250,0.6742907393325792,0.6787956109173747
CIFAR-100,IID,251,0.6848351075636587,0.6797184733001604
CIFAR-100,IID,252,0.6926300287071994,0.680168583213312
CIFAR-100,IID,253,0.6843692028619053,0.6791576581873001
CIFAR-100,IID,254,0.7002901921517296,0.6809175135756012
CIFAR-100,IID,255,0.6770655924332123,0.6818426626279372
CIFAR-100,IID,256,0.6699571605828789,0.681647910306146
CIFAR-100,IID,257,0.6873210087952754,0.684568692534255
CIFAR-100,IID,258,0.6918034444045345,0.6883193777002157
CIFAR-100,IID,259,0.680904007668826,0.6908476069730262
CIFAR-100,IID,260,0.6819776776189345,0.6907027407488522
CIFAR-100,IID,261,0.6927934104472795,0.6897740515025655
CIFAR-100,IID,262,0.6896856262662661,0.6884182326108237
CIFAR-100,IID,263,0.6688891535158696,0.688449918159782
CIFAR-100,IID,264,0.6917180356636783,0.6890446193048116
CIFAR-100,IID,265,0.7305510168219885,0.6890479732602183
CIFAR-100,IID,266,0.7227585466558155,0.6905642829225017
CIFAR-100,IID,267,0.6904570353445902,0.6919677864897265
CIFAR-100,IID,268,0.6704388641676039,0.6939058498783909
CIFAR-100,IID,269,0.6799529087756019,0.6954684740828876
CIFAR-100,IID,270,0.6775408756675837,0.696357069432629
CIFAR-100,IID,271,0.6788776777583236,0.6977573251380035
CIFAR-100,IID,272,0.6873713181263762,0.7000155589770285
CIFAR-100,IID,273,0.7145480893387857,0.6991313863431532
CIFAR-100,IID,274,0.7019565611771996,0.6968357132329291
CIFAR-100,IID,275,0.7110486284489012,0.6972238966315648
CIFAR-100,IID,276,0.7162327735147304,0.6997474388925066
CIFAR-100,IID,277,0.7030145565123866,0.7000065248452937
CIFAR-100,IID,278,0.6898929890964864,0.702158921808447
CIFAR-100,IID,279,0.7255915432490527,0.7037379445070298
CIFAR-100,IID,280,0.7172884273138587,0.705077355839645
CIFAR-100,IID,281,0.6883234500024565,0.7052302952567879
CIFAR-100,IID,282,0.6962797863241252,0.705700356775374
CIFAR-100,IID,283,0.7082919980817307,0.7051819676703494
CIFAR-100,IID,284,0.6838391980674086,0.7042491094257494
CIFAR-100,IID,285,0.7098268301148811,0.7038888073595916
CIFAR-100,IID,286,0.7025630182370664,0.7047231731433845
CIFAR-100,IID,287,0.7074624881156042,0.70452624960034
CIFAR-100,IID,288,0.7168421805959284,0.7057988154656133
CIFAR-100,IID,289,0.7090074839559908,0.705808179548928
CIFAR-100,IID,290,0.7032727918735329,0.7049002532750323
CIFAR-100,IID,291,0.7022398998457319,0.706214532645805
CIFAR-100,IID,292,0.6976100255200215,0.7071523635548592
CIFAR-100,IID,293,0.7024084758533808,0.7064971904346726
CIFAR-100,IID,294,0.7226376901033851,0.7072204720712097
CIFAR-100,IID,295,0.7363769152929572,0.7061847115845186
CIFAR-100,IID,296,0.688463911252176,0.703992127006959
CIFAR-100,IID,297,0.6826608922156897,0.7042599498681115
CIFAR-100,IID,298,0.7280061886433206,0.70579948023553
CIFAR-100,IID,299,0.697906661703221,0.7065339911713768
CIFAR-100,IID,300,0.699999233312081,0.708319996481303
CIFAR-100,IID,301,0.7134122427851242,0.7099448645074533
CIFAR-100,IID,302,0.6919260808152373,0.7091052424349995
CIFAR-100,IID,303,0.6839534119325353,0.7085834244123874
CIFAR-100,IID,304,0.7130248268732775,0.7119933614696501
CIFAR-100,IID,305,0.7263657473848099,0.7136893489559439
CIFAR-100,IID,306,0.713257563883435,0.7111086141156239
CIFAR-100,IID,307,0.7244001051689152,0.7107436166832678
CIFAR-100,IID,308,0.7267814962456366,0.7117455229865787
CIFAR-100,IID,309,0.7100433590165768,0.7145360387735845
CIFAR-100,IID,310,0.7285496449537762,0.7165750000315164
CIFAR-100,IID,311,0.7396129671111145,0.7192695850263348
CIFAR-100,IID,312,0.7081007045100972,0.7190851747196276
CIFAR-100,IID,313,0.6892951660385207,0.7177513803890168
CIFAR-100,IID,314,0.6924317002178808,0.7179182407762518
CIFAR-100,IID,315,0.7150278278617448,0.7178171835901226
CIFAR-100,IID,316,0.7552699795902129,0.7180551277488779
CIFAR-100,IID,317,0.7225104996842135,0.7189349175857588
CIFAR-100,IID,318,0.7243721868548116,0.7172839974430293
CIFAR-100,IID,319,0.7102586722726691,0.7174833019398912
CIFAR-100,IID,320,0.7063588324256465,0.7187771626498558
CIFAR-100,IID,321,0.715760469691961,0.7206359790482042
CIFAR-100,IID,322,0.7228842473769765,0.7230600979946356
CIFAR-100,IID,323,0.730350658626967,0.7241090460458595
CIFAR-100,IID,324,0.7232402065697877,0.723617703293368
CIFAR-100,IID,325,0.7037858428128356,0.7235254426311618
CIFAR-100,IID,326,0.7426025345640426,0.7225141119396119
CIFAR-100,IID,327,0.7275086151595674,0.7235713568874846
CIFAR-100,IID,328,0.7171774120137457,0.7261743101195816
CIFAR-100,IID,329,0.7287934844143512,0.7274650172488136
CIFAR-100,IID,330,0.7307620486301023,0.7274889870497513
CIFAR-100,IID,331,0.747899838302841,0.7273400720544877
CIFAR-100,IID,332,0.7211265897511225,0.727321626328434
CIFAR-100,IID,333,0.709202226481563,0.7300261739826737
CIFAR-100,IID,334,0.7261173464907592,0.7299730999245766
CIFAR-100,IID,335,0.7454031309071003,0.7316070044274018
CIFAR-100,IID,336,0.7351210766304417,0.735612565067781
CIFAR-100,IID,337,0.723243794391041,0.7379429388801372
CIFAR-100,IID,338,0.7281169336980128,0.7368959828430801
CIFAR-100,IID,339,0.7229635206789826,0.7346385727147536
CIFAR-100,IID,340,0.744354057626431,0.7355514157811976
CIFAR-100,IID,341,0.7418064236925858,0.738195734685252
CIFAR-100,IID,342,0.7520171827019444,0.7384514116623417
CIFAR-100,IID,343,0.7772608216194343,0.7377066564900151
CIFAR-100,IID,344,0.7637490915996946,0.7384417810905349
CIFAR-100,IID,345,0.7150577080742476,0.740235677202523
CIFAR-100,IID,346,0.7140386863779443,0.7407684389700389
CIFAR-100,IID,347,0.734819235747784,0.7407749940248491
CIFAR-100,IID,348,0.7488670100423778,0.7400862815508666
CIFAR-100,IID,349,0.7299525011471039,0.7388155680729602
CIFAR-100,IID,350,0.7342318033222004,0.7372770499310365
CIFAR-100,IID,351,0.7461479456382405,0.7348691477654803
CIFAR-100,IID,352,0.7501522360708623,0.7340055642693188
CIFAR-100,IID,353,0.7361083602107497,0.7370929150005192
CIFAR-100,IID,354,0.7230618465011369,0.7404141076256571
CIFAR-100,IID,355,0.7340233705166935,0.7411681136794788
CIFAR-100,IID,356,0.7227457215239882,0.7404357021809873
CIFAR-100,IID,357,0.7289394105730876,0.7404416858936701
CIFAR-100,IID,358,0.7411422891360925,0.7418832751723466
CIFAR-100,IID,359,0.7507953391572729,0.7409332597778546
CIFAR-100,IID,360,0.7613679690422566,0.7419276306741032
CIFAR-100,IID,361,0.7638565757550105,0.7436367817158432
CIFAR-100,IID,362,0.7461293265551088,0.7461516424785231
CIFAR-100,IID,363,0.7378808375650057,0.7465677226706018
CIFAR-100,IID,364,0.7300422568373435,0.7475796705117687
CIFAR-100,IID,365,0.7558556425023488,0.748078155642817
CIFAR-100,IID,366,0.731897714720861,0.7515704799805318
CIFAR-100,IID,367,0.7650677995145893,0.7521694507385559
CIFAR-100,IID,368,0.7617456258368509,0.7515862954681527
CIFAR-100,IID,369,0.7607847579413354,0.7503547789098839
CIFAR-100,IID,370,0.7402645733978759,0.7502717945300503
CIFAR-100,IID,371,0.737924939141491,0.7510353333990463
CIFAR-100,IID,372,0.7364166875388125,0.7537868407101684
CIFAR-100,IID,373,0.7935271542018165,0.7534639219073608
CIFAR-100,IID,374,0.7597799005276331,0.7561718428860368
CIFAR-100,IID,375,0.7526206399862083,0.7568064775240333
CIFAR-100,IID,376,0.7453838273809774,0.7568967129731609
CIFAR-100,IID,377,0.7448845608576068,0.7566768765464628
CIFAR-100,IID,378,0.7493339205999426,0.758711801434505
CIFAR-100,IID,379,0.7713148665041778,0.758904480165521
CIFAR-100,IID,380,0.7510118604602322,0.7601918446557656
CIFAR-100,IID,381,0.7725165294010009,0.7553540970881227
CIFAR-100,IID,382,0.7745873190845356,0.7533397014725639
CIFAR-100,IID,383,0.763099157573765,0.7520075092957512
CIFAR-100,IID,384,0.7574872115408656,0.7526060189188398
CIFAR-100,IID,385,0.7707884467185108,0.7541905288199261
CIFAR-100,IID,386,0.7408151201067319,0.7553449478474216
CIFAR-100,IID,387,0.7557271548924802,0.7540227585933206
CIFAR-100,IID,388,0.7209609406871721,0.7548925951034026
CIFAR-100,IID,389,0.7295639662942517,0.7554363976155238
CIFAR-100,IID,390,0.7326377573340174,0.7556734170616388
CIFAR-100,IID,391,0.754361471727307,0.7567988062795087
CIFAR-100,IID,392,0.768652209373901,0.7567350135661755
CIFAR-100,IID,393,0.766650206012374,0.7544095573589263
CIFAR-100,IID,394,0.7514820276926628,0.7559132195213895
CIFAR-100,IID,395,0.764059408111461,0.755969525972052
CIFAR-100,IID,396,0.7806735670828209,0.7593265181003406
CIFAR-100,IID,397,0.7781426107762607,0.7614225740865479
CIFAR-100,IID,398,0.7799799958418137,0.7637992637104902
CIFAR-100,IID,399,0.7565303208408666,0.7655982310185547
CIFAR-100,IID,400,0.7359066036097736,0.7714950920618728
CIFAR-100,IID,401,0.7633700525436787,0.7724862972125599
CIFAR-100,IID,402,0.7565717516524202,0.7726675165646973
CIFAR-100,IID,403,0.7713158226115003,0.7737567502033501
CIFAR-100,IID,404,0.7610048060873613,0.7718738885781645
CIFAR-100,IID,405,0.7682881016931542,0.7694683563818631
CIFAR-100,IID,406,0.7813459813482745,0.7683464010642015
CIFAR-100,IID,407,0.8571051250236714,0.7686108532615984
CIFAR-100,IID,408,0.7815182832726777,0.7695587897022345
CIFAR-100,IID,409,0.7542003179747254,0.7701095499891394
CIFAR-100,IID,410,0.7803979126912526,0.7715651023943516
CIFAR-100,IID,411,0.7524306427050372,0.77210165946974
CIFAR-100,IID,412,0.7420596278317382,0.7735175724153972
CIFAR-100,IID,413,0.7631506660768899,0.7748241100782477
CIFAR-100,IID,414,0.7604971038018202,0.773098965531863
CIFAR-100,IID,415,0.7501256502193124,0.7649856557412387
CIFAR-100,IID,416,0.7716314568472529,0.761636944812817
CIFAR-100,IID,417,0.7784050377306047,0.7625711820043012
CIFAR-100,IID,418,0.779364178742326,0.7625500419407985
CIFAR-100,IID,419,0.782243500272221,0.7646736888202078
CIFAR-100,IID,420,0.7878861666359109,0.7672672731615204
CIFAR-100,IID,421,0.7554688131525045,0.7675673119087184
CIFAR-100,IID,422,0.7354054781643058,0.7674117119053138
CIFAR-100,IID,423,0.7312876193463536,0.7672636934280628
CIFAR-100,IID,424,0.7682138758469883,0.7653816488653805
CIFAR-100,IID,425,0.7800808117387117,0.764921179380322
CIFAR-100,IID,426,0.7842853458961784,0.7646596684468066
CIFAR-100,IID,427,0.7809633929514267,0.7632686488291952
CIFAR-100,IID,428,0.7676512472848607,0.7621817593606243
CIFAR-100,IID,429,0.7581631037507509,0.7656052081328107
CIFAR-100,IID,430,0.7479053730605469,0.7683921211097414
CIFAR-100,IID,431,0.7434007884070206,0.7705180554282278
CIFAR-100,IID,432,0.7714979954547264,0.7721662680497866
CIFAR-100,IID,433,0.7754415147395927,0.7728132031273163
CIFAR-100,IID,434,0.7613782060080487,0.7739347578368226
CIFAR-100,IID,435,0.7715828246073464,0.77436100618817
CIFAR-100,IID,436,0.8068205447353035,0.7737582351149354
CIFAR-100,IID,437,0.7772091728182661,0.7748827575341447
CIFAR-100,IID,438,0.7631766341236501,0.7770511894658062
CIFAR-100,IID,439,0.7929370651703708,0.7788758154222352
CIFAR-100,IID,440,0.7897848379016571,0.780821362763896
CIFAR-100,IID,441,0.8011086665387726,0.7822190893444412
CIFAR-100,IID,442,0.7873571182216372,0.7843677932147964
CIFAR-100,IID,443,0.75860968118634,0.7849227533555819
CIFAR-100,IID,444,0.7750309400388911,0.7843016296831485
CIFAR-100,IID,445,0.7804318520354706,0.7850242774834981
CIFAR-100,IID,446,0.770770177753455,0.7852186381374744
CIFAR-100,IID,447,0.8006812055796392,0.7857988816520137
CIFAR-100,IID,448,0.7964074134477702,0.7850811983519337
CIFAR-100,IID,449,0.7936087640633771,0.7832503600171069
CIFAR-100,IID,450,0.7799072267191306,0.782486836740672
CIFAR-100,IID,451,0.7975036896487999,0.7816726621841121
CIFAR-100,IID,452,0.7880488898235115,0.7794778490559592
CIFAR-100,IID,453,0.7660920439332942,0.7803079654129255
CIFAR-100,IID,454,0.8016407178884594,0.7823961301084386
CIFAR-100,IID,455,0.7790195884004578,0.7806274712966415
CIFAR-100,IID,456,0.7736460915163708,0.7802159667726545
CIFAR-100,IID,457,0.7759042690751127,0.7792355805036891
CIFAR-100,IID,458,0.7463970628379404,0.7793186245774715
CIFAR-100,IID,459,0.742108743116598,0.7795261038127841
CIFAR-100,IID,460,0.792883597389967,0.7782995259333838
CIFAR-100,IID,461,0.8020926481861504,0.7794448884967394
CIFAR-100,IID,462,0.7741513234026826,0.7776439647297864
CIFAR-100,IID,463,0.7902348455879638,0.7781010257298672
CIFAR-100,IID,464,0.7789029700288957,0.7797906187798141
CIFAR-100,IID,465,0.7811528878258656,0.7811039305997706
CIFAR-100,IID,466,0.8006158781784892,0.7833133363957088
CIFAR-100,IID,467,0.7696502216325081,0.7873375167318064
CIFAR-100,IID,468,0.7832724823836293,0.7881878030730277
CIFAR-100,IID,469,0.7746268613841643,0.7866362898384849
CIFAR-100,IID,470,0.7858755034016689,0.7877242619514306
CIFAR-100,IID,471,0.7989899872655761,0.789084812841111
CIFAR-100,IID,472,0.7956039463744583,0.7907657143978254
CIFAR-100,IID,473,0.7795381497770155,0.7913771831879449
CIFAR-100,IID,474,0.8024714481580603,0.7909973649676637
CIFAR-100,IID,475,0.8056378925082883,0.7925363689585059
CIFAR-100,IID,476,0.7788199496680093,0.79316037915632
CIFAR-100,IID,477,0.7904709050968698,0.7941019044112777
CIFAR-100,IID,478,0.8106431089331677,0.7944556632249398
CIFAR-100,IID,479,0.8041164933796111,0.7932446270941245
CIFAR-100,IID,480,0.7903249196776576,0.7928002264533578
CIFAR-100,IID,481,0.7949186048742709,0.7932520704180073
CIFAR-100,IID,482,0.7927352814951403,0.7908121202694244
CIFAR-100,IID,483,0.7926326353508423,0.7899414449419067
CIFAR-100,IID,484,0.7887497402085286,0.7909116353493726
CIFAR-100,IID,485,0.7911818856066011,0.7918854232306639
CIFAR-100,IID,486,0.7808244453033467,0.7910105301084117
CIFAR-100,IID,487,0.788937936762958,0.7909899827328456
CIFAR-100,IID,488,0.7863158092467578,0.7913438349570887
CIFAR-100,IID,489,0.7658721959293164,0.7896088344468015
CIFAR-100,IID,490,0.7925777625955215,0.7891427347904427
CIFAR-100,IID,491,0.7933728057799975,0.7888216071592006
CIFAR-100,IID,492,0.8050777233162403,0.7881103996497273
CIFAR-100,IID,493,0.7975197120993853,0.7886136110633083
CIFAR-100,IID,494,0.8038082827461194,0.7898073184971062
CIFAR-100,IID,495,0.7956327030413043,0.7904601265002633
CIFAR-100,IID,496,0.7688935972199629,0.7912877430045004
CIFAR-100,IID,497,0.7857437866497592,0.7934782670632339
CIFAR-100,IID,498,0.7878157208822103,0.7938884200108869
CIFAR-100,IID,499,0.7780816275664295,0.7942455700795747
CIFAR-100,IID,500,0.7987300568103157,0.7938223923125131
CIFAR-100,beta=0.5,1,4.008648210479446e-05,0.00023308397733843038
CIFAR-100,beta=0.5,2,7.853679857130353e-05,0.00030999170342751743
CIFAR-100,beta=0.5,3,0.00012273598793476054,0.0004048596552213448
CIFAR-100,beta=0.5,4,0.00023955891917485736,0.0005147172323053096
CIFAR-100,beta=0.5,5,0.0004159752429581754,0.0006591110277163651
CIFAR-100,beta=0.5,6,0.0005426540184321277,0.0008300262143259369
CIFAR-100,beta=0.5,7,0.0007453793466793971,0.001024113393013847
CIFAR-100,beta=0.5,8,0.0010307274894874783,0.0012679093104271788
CIFAR-100,beta=0.5,9,0.0011937023734411001,0.0015400782104577182
CIFAR-100,beta=0.5,10,0.001463105759012206,0.0018374176809577277
CIFAR-100,beta=0.5,11,0.0016879501383642661,0.0021675985017413366
CIFAR-100,beta=0.5,12,0.0022059934132706276,0.002566716114746749
CIFAR-100,beta=0.5,13,0.0026038142812483704,0.0030769327284960028
CIFAR-100,beta=0.5,14,0.002951394162423447,0.003580523904975176
CIFAR-100,beta=0.5,15,0.003697025243304771,0.004128760826670464
CIFAR-100,beta=0.5,16,0.0041226199825628845,0.004673847123298542
CIFAR-100,beta=0.5,17,0.004538628856071449,0.005306046380182937
CIFAR-100,beta=0.5,18,0.00507544829968889,0.005943601499417404
CIFAR-100,beta=0.5,19,0.006226323114256045,0.006655297258922132
CIFAR-100,beta=0.5,20,0.00806922444919698,0.007443035281395527
CIFAR-100,beta=0.5,21,0.008096521665619725,0.008271249854500203
CIFAR-100,beta=0.5,22,0.008968933172108723,0.009116645975392986
CIFAR-100,beta=0.5,23,0.00920702193890863,0.009956691242614784
CIFAR-100,beta=0.5,24,0.010676691226707035,0.010832964850457294
CIFAR-100,beta=0.5,25,0.011026432547529205,0.011809679574179482
CIFAR-100,beta=0.5,26,0.012363386530935189,0.01277757417999026
CIFAR-100,beta=0.5,27,0.014022063750371558,0.01392356593723149
CIFAR-100,beta=0.5,28,0.015027032877818489,0.014991892410830699
CIFAR-100,beta=0.5,29,0.01563233597581521,0.016098951275419337
CIFAR-100,beta=0.5,30,0.016297704251631736,0.0172617107150633
CIFAR-100,beta=0.5,31,0.017266724100200536,0.018498636351312586
CIFAR-100,beta=0.5,32,0.019189349711904252,0.019703466036148126
CIFAR-100,beta=0.5,33,0.01959386738685057,0.02096743470187287
CIFAR-100,beta=0.5,34,0.02341619947287449,0.02228185677336256
CIFAR-100,beta=0.5,35,0.024094121553185112,0.02362119006515737
CIFAR-100,beta=0.5,36,0.0247024046344493,0.02486273578427032
CIFAR-100,beta=0.5,37,0.026410324766768162,0.026258092772305
CIFAR-100,beta=0.5,38,0.02776090648264793,0.027938448660946386
CIFAR-100,beta=0.5,39,0.02874913649924008,0.029493173166562144
CIFAR-100,beta=0.5,40,0.029985962533400384,0.03081383438391174
CIFAR-100,beta=0.5,41,0.032079717603280586,0.03243516959333956
CIFAR-100,beta=0.5,42,0.0341120631272937,0.03372777504455138
CIFAR-100,beta=0.5,43,0.033650218664512746,0.03543335443983204
CIFAR-100,beta=0.5,44,0.03656269079633544,0.037093901269737425
CIFAR-100,beta=0.5,45,0.04150304258125252,0.03865330099245843
CIFAR-100,beta=0.5,46,0.0405875916844369,0.04017207716340396
CIFAR-100,beta=0.5,47,0.038999267972148206,0.04177013063156442
CIFAR-100,beta=0.5,48,0.04391389552826788,0.04351847188231918
CIFAR-100,beta=0.5,49,0.04280528124105176,0.04521500703863154
CIFAR-100,beta=0.5,50,0.049677812482395105,0.046958570088716074
CIFAR-100,beta=0.5,51,0.04961060708303004,0.04884007951797179
CIFAR-100,beta=0.5,52,0.0498013206075832,0.05063670351737167
CIFAR-100,beta=0.5,53,0.05054254904683079,0.05242043784671002
CIFAR-100,beta=0.5,54,0.052719938521646956,0.054172867527204106
CIFAR-100,beta=0.5,55,0.05621108129472173,0.055951804383961475
CIFAR-100,beta=0.5,56,0.057527744947966065,0.05738865061835803
CIFAR-100,beta=0.5,57,0.06026550887856169,0.05932372162714568
CIFAR-100,beta=0.5,58,0.0618728601033486,0.06087675613826827
CIFAR-100,beta=0.5,59,0.06351205078733364,0.06272811999781398
CIFAR-100,beta=0.5,60,0.06825905752132769,0.06465732750424637
CIFAR-100,beta=0.5,61,0.06687403689184819,0.06734286441131257
CIFAR-100,beta=0.5,62,0.06568332082350878,0.06934707997230787
CIFAR-100,beta=0.5,63,0.06546658904421622,0.07141128385104971
CIFAR-100,beta=0.5,64,0.0718313463728666,0.0736248238881788
CIFAR-100,beta=0.5,65,0.07297333014923384,0.07553154950717855
CIFAR-100,beta=0.5,66,0.07738106497621584,0.07740007618586493
CIFAR-100,beta=0.5,67,0.07873943320406891,0.07979632268839947
CIFAR-100,beta=0.5,68,0.09082560265282397,0.08203971721529564
CIFAR-100,beta=0.5,69,0.08278317193657644,0.08445882409608602
CIFAR-100,beta=0.5,70,0.08717413947584929,0.08705422606712988
CIFAR-100,beta=0.5,71,0.09073084550490222,0.090271653019493
CIFAR-100,beta=0.5,72,0.08886639316355818,0.09302005163226582
CIFAR-100,beta=0.5,73,0.08990076028364417,0.09567972378749688
CIFAR-100,beta=0.5,74,0.09945574832535145,0.0986087235570034
CIFAR-100,beta=0.5,75,0.10190997542477039,0.1011575199313794
CIFAR-100,beta=0.5,76,0.1031606401037037,0.10298442421470341
CIFAR-100,beta=0.5,77,0.10461435038916704,0.10550386388374654
CIFAR-100,beta=0.5,78,0.11372799332966288,0.10743849366551476
CIFAR-100,beta=0.5,79,0.11305732556445895,0.11019893079344645
CIFAR-100,beta=0.5,80,0.1128684124776999,0.11253677698452488
CIFAR-100,beta=0.5,81,0.12131606151881362,0.11506532345930487
CIFAR-100,beta=0.5,82,0.11697137881970902,0.11782448678094906
CIFAR-100,beta=0.5,83,0.11822916690268401,0.11980585067797446
CIFAR-100,beta=0.5,84,0.12057476697222332,0.12123032275838364
CIFAR-100,beta=0.5,85,0.1161935862023726,0.12327695427957695
CIFAR-100,beta=0.5,86,0.13213740242387756,0.12492395239148082
CIFAR-100,beta=0.5,87,0.12393408602973459,0.12711604679277452
CIFAR-100,beta=0.5,88,0.12782895740534403,0.1297594543558586
CIFAR-100,beta=0.5,89,0.1408431981500143,0.13202432006769213
CIFAR-100,beta=0.5,90,0.1316304338801513,0.13369192116382936
CIFAR-100,beta=0.5,91,0.12452772130984138,0.1356102112392942
CIFAR-100,beta=0.5,92,0.13531382320706675,0.13844306507629736
CIFAR-100,beta=0.5,93,0.13843296500822105,0.14074850850284776
CIFAR-100,beta=0.5,94,0.1459387415838644,0.1423922763974854
CIFAR-100,beta=0.5,95,0.15251952592396065,0.14456975126587304
CIFAR-100,beta=0.5,96,0.1552890471963168,0.14641589524825982
CIFAR-100,beta=0.5,97,0.1419853952617677,0.14812437967844266
CIFAR-100,beta=0.5,98,0.1470035180346567,0.15067723167834002
CIFAR-100,beta=0.5,99,0.16306757452727033,0.15397136898306316
CIFAR-100,beta=0.5,100,0.15077523760062872,0.15680875742097264
CIFAR-100,beta=0.5,101,0.1567939208434421,0.15950320908441093
CIFAR-100,beta=0.5,102,0.15659620905554938,0.16224872240564225
CIFAR-100,beta=0.5,103,0.15552111714114578,0.16392047842842045
CIFAR-100,beta=0.5,104,0.16647046460275647,0.16508373022377432
CIFAR-100,beta=0.5,105,0.16992321387861162,0.16828822488680625
CIFAR-100,beta=0.5,106,0.17393978088068854,0.17204695348109486
CIFAR-100,beta=0.5,107,0.17787464977570924,0.17402688429618776
CIFAR-100,beta=0.5,108,0.17884973995979547,0.17699473309369093
CIFAR-100,beta=0.5,109,0.18712144140233433,0.18064747704561956
CIFAR-100,beta=0.5,110,0.17759586626563342,0.18373713201247532
CIFAR-100,beta=0.5,111,0.1727378241266247,0.1870448256770405
CIFAR-100,beta=0.5,112,0.19005281520724732,0.18901781687621805
CIFAR-100,beta=0.5,113,0.20338444694898566,0.1915106413826432
CIFAR-100,beta=0.5,114,0.19276653675366445,0.1943310150114093
CIFAR-100,beta=0.5,115,0.19529296956317563,0.19630738646987114
CIFAR-100,beta=0.5,116,0.21158508012237132,0.19754761978376276
CIFAR-100,beta=0.5,117,0.20294103355838589,0.1991595503120706
CIFAR-100,beta=0.5,118,0.20513652210962294,0.2023171645309768
CIFAR-100,beta=0.5,119,0.19606533259041997,0.20578260780834454
CIFAR-100,beta=0.5,120,0.2073155814749889,0.20833667134591694
CIFAR-100,beta=0.5,121,0.2162453853121801,0.21063531406274438
CIFAR-100,beta=0.5,122,0.2075202216526372,0.213712014363348
CIFAR-100,beta=0.5,123,0.19745323966817,0.21625206461528956
CIFAR-100,beta=0.5,124,0.21130039932695185,0.21804333035874468
CIFAR-100,beta=0.5,125,0.2249600795492262,0.2201391020204525
CIFAR-100,beta=0.5,126,0.22471947328714048,0.22279121168863036
CIFAR-100,beta=0.5,127,0.2283637682708332,0.22682583874198167
CIFAR-100,beta=0.5,128,0.23786408770139694,0.22940124631537454
CIFAR-100,beta=0.5,129,0.2389170412627189,0.2311234707137738
CIFAR-100,beta=0.5,130,0.23339372334229935,0.23414489957841778
CIFAR-100,beta=0.5,131,0.23845406627419874,0.2384110756569846
CIFAR-100,beta=0.5,132,0.2343776084840028,0.24171263330316814
CIFAR-100,beta=0.5,133,0.24491816713229086,0.24402983056228075
CIFAR-100,beta=0.5,134,0.2565847383906896,0.24638910442998935
CIFAR-100,beta=0.5,135,0.24594669507588138,0.2484985371726613
CIFAR-100,beta=0.5,136,0.24207875128816872,0.2506090217521007
CIFAR-100,beta=0.5,137,0.25284165462229663,0.25309872253702925
CIFAR-100,beta=0.5,138,0.2614458808466725,0.2551055769959927
CIFAR-100,beta=0.5,139,0.2608237640197052,0.25697383333166907
CIFAR-100,beta=0.5,140,0.2597180384359154,0.25915280445382743
CIFAR-100,beta=0.5,141,0.2601085813027689,0.2623731332816675
CIFAR-100,beta=0.5,142,0.2600052594109129,0.2656385604938513
CIFAR-100,beta=0.5,143,0.26952135639298824,0.2683892250775674
CIFAR-100,beta=0.5,144,0.27626255303664726,0.2707384645467352
CIFAR-100,beta=0.5,145,0.2634965402267507,0.2716864436636004
CIFAR-100,beta=0.5,146,0.2664779113093453,0.2729316514100553
CIFAR-100,beta=0.5,147,0.2670621753163781,0.2745652858010033
CIFAR-100,beta=0.5,148,0.29322309954989234,0.27640031337537707
CIFAR-100,beta=0.5,149,0.30556614657344694,0.27826308926734267
CIFAR-100,beta=0.5,150,0.2872066638316221,0.2811334887679505
CIFAR-100,beta=0.5,151,0.2773173433256855,0.2836421862778903
CIFAR-100,beta=0.5,152,0.26706134137527476,0.2866503067478053
CIFAR-100,beta=0.5,153,0.2801239970434965,0.2906191991965311
CIFAR-100,beta=0.5,154,0.2853282798839241,0.2932766685578072
CIFAR-100,beta=0.5,155,0.2872434520515228,0.29638543590801414
CIFAR-100,beta=0.5,156,0.288050219682253,0.29685880239743706
CIFAR-100,beta=0.5,157,0.3030612519200313,0.297885227640739
CIFAR-100,beta=0.5,158,0.307151819042083,0.30075693202284204
CIFAR-100,beta=0.5,159,0.32138436008537186,0.3046469060483564
CIFAR-100,beta=0.5,160,0.323029926957639,0.3093674078335679
CIFAR-100,beta=0.5,161,0.3063399517284868,0.31293637541032315
CIFAR-100,beta=0.5,162,0.3136936855694813,0.3155669197529428
CIFAR-100,beta=0.5,163,0.30032359689123655,0.31841853264604775
CIFAR-100,beta=0.5,164,0.32096252522297675,0.3214991883151817
CIFAR-100,beta=0.5,165,0.3302822295631687,0.3251250845111318
CIFAR-100,beta=0.5,166,0.33566695370839994,0.32797357276632394
CIFAR-100,beta=0.5,167,0.33786886815344613,0.3296514583684518
CIFAR-100,beta=0.5,168,0.33365851069482544,0.3315250610674572
CIFAR-100,beta=0.5,169,0.32478644502321996,0.3349644311743387
CIFAR-100,beta=0.5,170,0.3300176454480967,0.3373950338221491
CIFAR-100,beta=0.5,171,0.3342600547192631,0.3411732444044774
CIFAR-100,beta=0.5,172,0.3574496948592824,0.3435053090151993
CIFAR-100,beta=0.5,173,0.3498791428699649,0.3442522149769809
CIFAR-100,beta=0.5,174,0.34655264411728903,0.3445679399311968
CIFAR-100,beta=0.5,175,0.35113396744272063,0.3458152675739054
CIFAR-100,beta=0.5,176,0.3579305033317088,0.34781251049703704
CIFAR-100,beta=0.5,177,0.3501527252866371,0.35215349564001935
CIFAR-100,beta=0.5,178,0.35699675562616145,0.3554941518371097
CIFAR-100,beta=0.5,179,0.35594349438380524,0.3593496684173045
CIFAR-100,beta=0.5,180,0.3414858189898931,0.3604918312288833
CIFAR-100,beta=0.5,181,0.34040282802163885,0.36179791302719916
CIFAR-100,beta=0.5,182,0.3565787827940746,0.3655591472547679
CIFAR-100,beta=0.5,183,0.36361715454180044,0.367255264093323
CIFAR-100,beta=0.5,184,0.3899012221679543,0.37039206296146165
CIFAR-100,beta=0.5,185,0.3801274884044513,0.37426149890570476
CIFAR-100,beta=0.5,186,0.3920928034221856,0.377347033963114
CIFAR-100,beta=0.5,187,0.3745821370329649,0.3810912460742044
CIFAR-100,beta=0.5,188,0.3694703698447026,0.3867980179085921
CIFAR-100,beta=0.5,189,0.4029711575308198,0.392271771416141
CIFAR-100,beta=0.5,190,0.3765757200210471,0.39635964942719504
CIFAR-100,beta=0.5,191,0.404982486353788,0.4009468016405796
CIFAR-100,beta=0.5,192,0.40819426445028373,0.40324905762055185
CIFAR-100,beta=0.5,193,0.40327978148730015,0.405487247484144
CIFAR-100,beta=0.5,194,0.41210667605016227,0.40707277079203685
CIFAR-100,beta=0.5,195,0.42708739650570804,0.4110151317219935
CIFAR-100,beta=0.5,196,0.42250913063487283,0.41518291068762303
CIFAR-100,beta=0.5,197,0.4178969529598852,0.4165589683225452
CIFAR-100,beta=0.5,198,0.4324244377425693,0.4214456296821151
CIFAR-100,beta=0.5,199,0.42443506186753693,0.4237450036017014
CIFAR-100,beta=0.5,200,0.4137003363583336,0.42666233607203863
CIFAR-100,beta=0.5,201,0.41587565304057855,0.4298951356958143
CIFAR-100,beta=0.5,202,0.43371755098231424,0.43150856357089357
CIFAR-100,beta=0.5,203,0.43198705432914586,0.4323288397267191
CIFAR-100,beta=0.5,204,0.4236120220546522,0.4339161818587024
CIFAR-100,beta=0.5,205,0.44987564041459505,0.43584643162954206
CIFAR-100,beta=0.5,206,0.4394730951475828,0.43808259035029024
CIFAR-100,beta=0.5,207,0.45195425150534146,0.43961882068972835
CIFAR-100,beta=0.5,208,0.4517717758439347,0.44164052161463363
CIFAR-100,beta=0.5,209,0.4363080941763511,0.44360683230272085
CIFAR-100,beta=0.5,210,0.43939153884309123,0.44481222883984
CIFAR-100,beta=0.5,211,0.44631926261462285,0.44816391859043425
CIFAR-100,beta=0.5,212,0.44685069952248,0.45290266204885393
CIFAR-100,beta=0.5,213,0.46596681855379324,0.454287504520643
CIFAR-100,beta=0.5,214,0.44747851695910884,0.45790324791036996
CIFAR-100,beta=0.5,215,0.44402585023191304,0.4582791792114361
CIFAR-100,beta=0.5,216,0.44537031336188776,0.46036107852429925
CIFAR-100,beta=0.5,217,0.4517984990391013,0.4632445283362727
CIFAR-100,beta=0.5,218,0.4822624005880593,0.4657645872607621
CIFAR-100,beta=0.5,219,0.4946931739309465,0.46751065003387665
CIFAR-100,beta=0.5,220,0.4706482774914312,0.4707750801001201
CIFAR-100,beta=0.5,221,0.4937092459934873,0.47219485240025655
CIFAR-100,beta=0.5,222,0.4575932210213334,0.47400391600437813
CIFAR-100,beta=0.5,223,0.483000265536882,0.47852425807371224
CIFAR-100,beta=0.5,224,0.4795598413559533,0.4847728350251376
CIFAR-100,beta=0.5,225,0.4771924227104316,0.4907627458095514
CIFAR-100,beta=0.5,226,0.4725102042113418,0.4921459993836412
CIFAR-100,beta=0.5,227,0.4958171505161303,0.49386710057492367
CIFAR-100,beta=0.5,228,0.487263403055841,0.49714403561048953
CIFAR-100,beta=0.5,229,0.47461447102093235,0.4989339424188857
CIFAR-100,beta=0.5,230,0.5118309812719244,0.5018196996908115
CIFAR-100,beta=0.5,231,0.5390989676332686,0.5037617872619619
CIFAR-100,beta=0.5,232,0.5416471608053088,0.5062133789071972
CIFAR-100,beta=0.5,233,0.5030112041994051,0.5112613569069921
CIFAR-100,beta=0.5,234,0.5205096918001841,0.5164573975570638
CIFAR-100,beta=0.5,235,0.519802303024919,0.5207434864456683
CIFAR-100,beta=0.5,236,0.5205578481194305,0.5231506526662955
CIFAR-100,beta=0.5,237,0.500879580100219,0.5263873311275483
CIFAR-100,beta=0.5,238,0.512131579104138,0.5289351094374773
CIFAR-100,beta=0.5,239,0.5163337160344835,0.5293045240598147
CIFAR-100,beta=0.5,240,0.5529120927073542,0.5311131451368346
CIFAR-100,beta=0.5,241,0.5504508139624166,0.5345428633538627
CIFAR-100,beta=0.5,242,0.5601084838451984,0.538031276226622
CIFAR-100,beta=0.5,243,0.5233708963652483,0.5409635985736458
CIFAR-100,beta=0.5,244,0.5231646479397252,0.54474152167744
CIFAR-100,beta=0.5,245,0.5500476559208602,0.5483591675079769
CIFAR-100,beta=0.5,246,0.5446401869683287,0.5507994696267098
CIFAR-100,beta=0.5,247,0.5687764769606077,0.5528970040465231
CIFAR-100,beta=0.5,248,0.5544569774548253,0.554447081440492
CIFAR-100,beta=0.5,249,0.5728358848915732,0.5584762538538792
CIFAR-100,beta=0.5,250,0.5637871382302788,0.5590846602348406
CIFAR-100,beta=0.5,251,0.577226694676343,0.5640507000134707
CIFAR-100,beta=0.5,252,0.5551442675582726,0.5638058772985844
CIFAR-100,beta=0.5,253,0.5487361108851315,0.5626956386678507
CIFAR-100,beta=0.5,254,0.5477967323316829,0.5638117745267776
CIFAR-100,beta=0.5,255,0.5761632536168906,0.5647393814840056
CIFAR-100,beta=0.5,256,0.6108884001632224,0.5656782358410835
CIFAR-100,beta=0.5,257,0.5692345795596201,0.5647587010112389
CIFAR-100,beta=0.5,258,0.5978614930446977,0.5651170203363853
CIFAR-100,beta=0.5,259,0.5194923072164311,0.5642393007599257
CIFAR-100,beta=0.5,260,0.5333940764598536,0.5635668445564284
CIFAR-100,beta=0.5,261,0.5613822248522331,0.5649408600281601
CIFAR-100,beta=0.5,262,0.5826905813190273,0.5650879872631155
CIFAR-100,beta=0.5,263,0.568539792810994,0.5627015529207374
CIFAR-100,beta=0.5,264,0.5590428624439063,0.5616410748438614
CIFAR-100,beta=0.5,265,0.5691619281074749,0.5628008061554785
CIFAR-100,beta=0.5,266,0.564060901029448,0.5616594235633112
CIFAR-100,beta=0.5,267,0.5450574245058114,0.5654907874851457
CIFAR-100,beta=0.5,268,0.5693463429611085,0.5666778823662357
CIFAR-100,beta=0.5,269,0.5500036408560149,0.5676856489555819
CIFAR-100,beta=0.5,270,0.5403667384812193,0.5672472835681597
CIFAR-100,beta=0.5,271,0.5949812290100811,0.5676926399723988
CIFAR-100,beta=0.5,272,0.5866305492338748,0.5690202206764734
CIFAR-100,beta=0.5,273,0.5807407541621883,0.5719930629321155
CIFAR-100,beta=0.5,274,0.5769627660439489,0.5741902416226071
CIFAR-100,beta=0.5,275,0.5512004996762048,0.5764819701652676
CIFAR-100,beta=0.5,276,0.576498723692427,0.5755145814124948
CIFAR-100,beta=0.5,277,0.5761151005076928,0.5762006747814238
CIFAR-100,beta=0.5,278,0.5752201388745821,0.5792990538739914
CIFAR-100,beta=0.5,279,0.5789565730050239,0.578738849027514
CIFAR-100,beta=0.5,280,0.6137545619421058,0.5783605861765216
CIFAR-100,beta=0.5,281,0.5970185813868235,0.5794806848289804
CIFAR-100,beta=0.5,282,0.5794333526457176,0.5794144390413464
CIFAR-100,beta=0.5,283,0.5548355116695168,0.5817799780874022
CIFAR-100,beta=0.5,284,0.5602950413899489,0.5815159084829844
CIFAR-100,beta=0.5,285,0.5868424248697348,0.5832024161220432
CIFAR-100,beta=0.5,286,0.5865781563129225,0.586832039925837
CIFAR-100,beta=0.5,287,0.5809566064689895,0.5855232544996553
CIFAR-100,beta=0.5,288,0.5975422339490688,0.5834255454405713
CIFAR-100,beta=0.5,289,0.5759690792294379,0.5827314419768184
CIFAR-100,beta=0.5,290,0.5866835853670435,0.5834588321466733
CIFAR-100,beta=0.5,291,0.5725376796261573,0.5845988068315449
CIFAR-100,beta=0.5,292,0.6014127150935739,0.5869347323913456
CIFAR-100,beta=0.5,293,0.6296644959314898,0.5873952314452593
CIFAR-100,beta=0.5,294,0.5593247916122991,0.5879354319652028
CIFAR-100,beta=0.5,295,0.5822889260558471,0.5887821474875129
CIFAR-100,beta=0.5,296,0.5866070294305266,0.5904373336262434
CIFAR-100,beta=0.5,297,0.590344205193541,0.5925508284522969
CIFAR-100,beta=0.5,298,0.5719351319425938,0.5925608016082602
CIFAR-100,beta=0.5,299,0.59533392478696,0.5940700058800422
CIFAR-100,beta=0.5,300,0.5937499106784399,0.5934611788669701
CIFAR-100,beta=0.5,301,0.594681164112074,0.5915904225698618
CIFAR-100,beta=0.5,302,0.5936573393036404,0.5952597068465428
CIFAR-100,beta=0.5,303,0.6223700260300264,0.596310837057499
CIFAR-100,beta=0.5,304,0.6076715016202422,0.5973215643930528
CIFAR-100,beta=0.5,305,0.586833182706491,0.5984352495426776
CIFAR-100,beta=0.5,306,0.5951757437028882,0.6003994295927909
CIFAR-100,beta=0.5,307,0.5922803098974914,0.5993927926067638
CIFAR-100,beta=0.5,308,0.6016031514748678,0.5977515472322246
CIFAR-100,beta=0.5,309,0.6143640557625136,0.5982693945877431
CIFAR-100,beta=0.5,310,0.5980558792201881,0.5979897012922215
CIFAR-100,beta=0.5,311,0.6017679394638333,0.5948827725467958
CIFAR-100,beta=0.5,312,0.6070494824379129,0.5944871067915574
CIFAR-100,beta=0.5,313,0.6013978326942928,0.5968281058346031
CIFAR-100,beta=0.5,314,0.580234369996554,0.5958433620302221
CIFAR-100,beta=0.5,315,0.5691312300603516,0.5976135546786631
CIFAR-100,beta=0.5,316,0.6024488744448528,0.5972687120570707
CIFAR-100,beta=0.5,317,0.5894619398708174,0.5940950137121717
CIFAR-100,beta=0.5,318,0.5757660948486404,0.5931158483528977
CIFAR-100,beta=0.5,319,0.6017365152916646,0.5942903321981547
CIFAR-100,beta=0.5,320,0.621948168352177,0.5950722164228122
CIFAR-100,beta=0.5,321,0.5804045866371742,0.5940160681078686
CIFAR-100,beta=0.5,322,0.618833199624107,0.5941410599585132
CIFAR-100,beta=0.5,323,0.5964305121509818,0.598064289981136
CIFAR-100,beta=0.5,324,0.5667585805890264,0.6003130215825407
CIFAR-100,beta=0.5,325,0.5833683988310792,0.6033084031399393
CIFAR-100,beta=0.5,326,0.6193851971426889,0.6047523702393093
CIFAR-100,beta=0.5,327,0.6187777458077738,0.6073199858419688
CIFAR-100,beta=0.5,328,0.5855556079701397,0.6074802373769175
CIFAR-100,beta=0.5,329,0.5821092477562246,0.6094997471514714
CIFAR-100,beta=0.5,330,0.6279796803996934,0.6067632643112566
CIFAR-100,beta=0.5,331,0.6361798484659239,0.6058520776056415
CIFAR-100,beta=0.5,332,0.6343926632317947,0.608534568348435
CIFAR-100,beta=0.5,333,0.5974256013391901,0.6089336276924338
CIFAR-100,beta=0.5,334,0.6402507493315555,0.6063051363114921
CIFAR-100,beta=0.5,335,0.6243519413764076,0.6065556271894178
CIFAR-100,beta=0.5,336,0.610697233255482,0.6095456478855262
CIFAR-100,beta=0.5,337,0.5777859570208868,0.6099421174819291
CIFAR-100,beta=0.5,338,0.5827627115667561,0.6089200634384143
CIFAR-100,beta=0.5,339,0.6069959417309266,0.6080389182691042
CIFAR-100,beta=0.5,340,0.5893542889910613,0.6070198284183675
CIFAR-100,beta=0.5,341,0.5799578264285641,0.6087247183445942
CIFAR-100,beta=0.5,342,0.6225351089766609,0.6067611059430011
CIFAR-100,beta=0.5,343,0.6304059184117665,0.6045302014145696
CIFAR-100,beta=0.5,344,0.5880562917022646,0.6036184673801942
CIFAR-100,beta=0.5,345,0.6126488697469745,0.604591944570445
CIFAR-100,beta=0.5,346,0.6229626709262723,0.6071658600903914
CIFAR-100,beta=0.5,347,0.6191063154707437,0.6074323892503001
CIFAR-100,beta=0.5,348,0.6229989502325908,0.6089149202735997
CIFAR-100,beta=0.5,349,0.61079656330766,0.6093710599847513
CIFAR-100,beta=0.5,350,0.5908883734499326,0.6086646101793685
CIFAR-100,beta=0.5,351,0.5970212227398516,0.6069107248627628
CIFAR-100,beta=0.5,352,0.5923881148746493,0.6075152924956697
CIFAR-100,beta=0.5,353,0.6213714443659533,0.6089007808796703
CIFAR-100,beta=0.5,354,0.6109938791295577,0.6107003244259939
CIFAR-100,beta=0.5,355,0.6115922543405554,0.6120149768276257
CIFAR-100,beta=0.5,356,0.5867999220958353,0.6119425213220869
CIFAR-100,beta=0.5,357,0.6119383618959188,0.6119903649388987
CIFAR-100,beta=0.5,358,0.6040976386626815,0.6151368832746792
CIFAR-100,beta=0.5,359,0.5971248061958682,0.6173834122721504
CIFAR-100,beta=0.5,360,0.6334311955069836,0.6194883541727845
CIFAR-100,beta=0.5,361,0.6499558241211243,0.6218359180934129
CIFAR-100,beta=0.5,362,0.6388261014952231,0.6232573430309177
CIFAR-100,beta=0.5,363,0.6219121176495099,0.6233732907909716
CIFAR-100,beta=0.5,364,0.6115142175598364,0.6251432806664107
CIFAR-100,beta=0.5,365,0.6380861484866384,0.6267200615273603
CIFAR-100,beta=0.5,366,0.6307191577019207,0.6275575799124641
CIFAR-100,beta=0.5,367,0.6239622433841608,0.6284704443075123
CIFAR-100,beta=0.5,368,0.6565849031753792,0.6296657057862762
CIFAR-100,beta=0.5,369,0.6323152531921304,0.6284264337304962
CIFAR-100,beta=0.5,370,0.6133314707413642,0.6286605269663214
CIFAR-100,beta=0.5,371,0.6133497702274215,0.6287723852030074
CIFAR-100,beta=0.5,372,0.6355900748101604,0.6303458808665252
CIFAR-100,beta=0.5,373,0.6166604144392384,0.6280539606754906
CIFAR-100,beta=0.5,374,0.6108177721215918,0.6265125998177592
CIFAR-100,beta=0.5,375,0.651360117688442,0.6259732792656725
CIFAR-100,beta=0.5,376,0.6313667432844233,0.6236068024421789
CIFAR-100,beta=0.5,377,0.6423375000326019,0.6222150413309879
CIFAR-100,beta=0.5,378,0.6235899911998017,0.6226292961872398
CIFAR-100,beta=0.5,379,0.6351166525126049,0.6230307376583812
CIFAR-100,beta=0.5,380,0.6037073456211183,0.6215962265766927
CIFAR-100,beta=0.5,381,0.6075987448359501,0.6211840668674761
CIFAR-100,beta=0.5,382,0.6158724351028597,0.6200640975112709
CIFAR-100,beta=0.5,383,0.6210877508229758,0.6182256765712763
CIFAR-100,beta=0.5,384,0.6114388365242643,0.6171463669750181
CIFAR-100,beta=0.5,385,0.6195452935851429,0.6178764346340151
CIFAR-100,beta=0.5,386,0.6193713922945425,0.6187181035754526
CIFAR-100,beta=0.5,387,0.6140724085848311,0.617393461332825
CIFAR-100,beta=0.5,388,0.6104780188009908,0.6214423914900169
CIFAR-100,beta=0.5,389,0.5940182317785143,0.622121687219822
CIFAR-100,beta=0.5,390,0.6237838035885211,0.6220216735713117
CIFAR-100,beta=0.5,391,0.615177099340553,0.6235878828614108
CIFAR-100,beta=0.5,392,0.6532885149175572,0.6237787689904325
CIFAR-100,beta=0.5,393,0.6362150253213651,0.6235527212734249
CIFAR-100,beta=0.5,394,0.6152470188731891,0.623673026089746
CIFAR-100,beta=0.5,395,0.6644412979789974,0.6248576492363457
CIFAR-100,beta=0.5,396,0.6177881807830258,0.626727379537224
CIFAR-100,beta=0.5,397,0.6143722303752043,0.6280838847557069
CIFAR-100,beta=0.5,398,0.6445808901744627,0.6279671686060685
CIFAR-100,beta=0.5,399,0.6143021284595902,0.6288136239676755
CIFAR-100,beta=0.5,400,0.6161545778300276,0.6284864146065309
CIFAR-100,beta=0.5,401,0.62117596453936,0.6286181356154819
CIFAR-100,beta=0.5,402,0.6318417557838263,0.6304392474056696
CIFAR-100,beta=0.5,403,0.6385239733141665,0.6290417958529335
CIFAR-100,beta=0.5,404,0.6143658100557581,0.6299424988750095
CIFAR-100,beta=0.5,405,0.6220330613439433,0.6305832175047407
CIFAR-100,beta=0.5,406,0.6278739297646599,0.6311290000797393
CIFAR-100,beta=0.5,407,0.6483803745003851,0.6308169536290745
CIFAR-100,beta=0.5,408,0.6381908404556298,0.6325707057558116
CIFAR-100,beta=0.5,409,0.6425636957260066,0.6343889469669229
CIFAR-100,beta=0.5,410,0.6434795246879564,0.6352938018973464
CIFAR-100,beta=0.5,411,0.6312987261141669,0.6333654386103694
CIFAR-100,beta=0.5,412,0.6239830098211707,0.6332309558262365
CIFAR-100,beta=0.5,413,0.6527676287994414,0.6329554787097648
CIFAR-100,beta=0.5,414,0.6096214316996201,0.6309166366228355
CIFAR-100,beta=0.5,415,0.6424608597310837,0.630373960663913
CIFAR-100,beta=0.5,416,0.6484495827060287,0.6314894700485885
CIFAR-100,beta=0.5,417,0.6454145797401789,0.6316498122643847
CIFAR-100,beta=0.5,418,0.6095985240095125,0.6314757505501043
CIFAR-100,beta=0.5,419,0.6123485682937636,0.6330030864994101
CIFAR-100,beta=0.5,420,0.6179009045968678,0.6350510656330314
CIFAR-100,beta=0.5,421,0.5972912984607197,0.6332281173267741
CIFAR-100,beta=0.5,422,0.6402402351165474,0.6376962379191315
CIFAR-100,beta=0.5,423,0.6549234812257614,0.6385737895577895
CIFAR-100,beta=0.5,424,0.6449688289629498,0.636853492988279
CIFAR-100,beta=0.5,425,0.6408685989737536,0.6367968072331851
CIFAR-100,beta=0.5,426,0.6542087653537515,0.6417379835944977
CIFAR-100,beta=0.5,427,0.6547026968254911,0.6437583583317622
CIFAR-100,beta=0.5,428,0.6254234042055828,0.6429130520014031
CIFAR-100,beta=0.5,429,0.6766432405849828,0.6444198633544056
CIFAR-100,beta=0.5,430,0.6556241343109528,0.6457457202878444
CIFAR-100,beta=0.5,431,0.622645134163371,0.6443195391782586
CIFAR-100,beta=0.5,432,0.6445642934137703,0.6428968696145435
CIFAR-100,beta=0.5,433,0.683716169429202,0.6434671283016038
CIFAR-100,beta=0.5,434,0.64265418935273,0.6439155162429426
CIFAR-100,beta=0.5,435,0.6052213096414786,0.6454658606121071
CIFAR-100,beta=0.5,436,0.6198934687557567,0.6463431221339297
CIFAR-100,beta=0.5,437,0.6601280891181285,0.6411160271924117
CIFAR-100,beta=0.5,438,0.6335307645819771,0.6387999337265096
CIFAR-100,beta=0.5,439,0.6236287855072248,0.6393086261128207
CIFAR-100,beta=0.5,440,0.6494224792796575,0.6382356294862336
CIFAR-100,beta=0.5,441,0.6609345844738346,0.6364272339709687
CIFAR-100,beta=0.5,442,0.6779578623629589,0.6376007286155394
CIFAR-100,beta=0.5,443,0.6385823270329212,0.64180289795275
CIFAR-100,beta=0.5,444,0.5982368164622132,0.6432500522245114
CIFAR-100,beta=0.5,445,0.6208827323224219,0.6412601676973304
CIFAR-100,beta=0.5,446,0.6302755199580381,0.6418009058581535
CIFAR-100,beta=0.5,447,0.6284693440149624,0.6455160446077206
CIFAR-100,beta=0.5,448,0.6565902367002279,0.6447346252164108
CIFAR-100,beta=0.5,449,0.6602566090212907,0.6445632692851679
CIFAR-100,beta=0.5,450,0.6682538496996366,0.6436551598752842
CIFAR-100,beta=0.5,451,0.641600782832176,0.6443182011778168
CIFAR-100,beta=0.5,452,0.6302798212104153,0.6482536849341634
CIFAR-100,beta=0.5,453,0.6416418369943245,0.6509620805471493
CIFAR-100,beta=0.5,454,0.6793558667507316,0.651321972695429
CIFAR-100,beta=0.5,455,0.6377011884100121,0.6522701249272488
CIFAR-100,beta=0.5,456,0.6583642455051898,0.651227000727417
CIFAR-100,beta=0.5,457,0.664336221214703,0.6503033059612887
CIFAR-100,beta=0.5,458,0.6485279465709101,0.6512286610309147
CIFAR-100,beta=0.5,459,0.6572690728074113,0.6549531161900219
CIFAR-100,beta=0.5,460,0.6615086665172119,0.6583319943269342
CIFAR-100,beta=0.5,461,0.6356739021822333,0.6599455023720506
CIFAR-100,beta=0.5,462,0.6426916274922568,0.6614170262513678
CIFAR-100,beta=0.5,463,0.640943373702753,0.6644391703402311
CIFAR-100,beta=0.5,464,0.6464011875293668,0.665526442900345
CIFAR-100,beta=0.5,465,0.6821341757440254,0.6640593532615767
CIFAR-100,beta=0.5,466,0.6974676102187859,0.6618827189072711
CIFAR-100,beta=0.5,467,0.6809629932640979,0.6617223382403336
CIFAR-100,beta=0.5,468,0.6658444576710695,0.6606347219954706
CIFAR-100,beta=0.5,469,0.7014287249404894,0.6622309947463875
CIFAR-100,beta=0.5,470,0.6830333497429619,0.6634869496615468
CIFAR-100,beta=0.5,471,0.6746733339068987,0.6643968424189748
CIFAR-100,beta=0.5,472,0.642329876633179,0.6645324080372248
CIFAR-100,beta=0.5,473,0.6158784312563265,0.6628363396396756
CIFAR-100,beta=0.5,474,0.6548633628033466,0.6596282125289232
CIFAR-100,beta=0.5,475,0.6451944228442676,0.6563503813866761
CIFAR-100,beta=0.5,476,0.6596179934459869,0.6564216933023836
CIFAR-100,beta=0.5,477,0.6615309512196479,0.6545624718141495
CIFAR-100,beta=0.5,478,0.6545917650641739,0.6537057576690511
CIFAR-100,beta=0.5,479,0.648434671803116,0.6534245917153388
CIFAR-100,beta=0.5,480,0.6566931497807852,0.6559499648891121
CIFAR-100,beta=0.5,481,0.6493457035574999,0.6595576419465671
CIFAR-100,beta=0.5,482,0.6317955261303918,0.658873023810037
CIFAR-100,beta=0.5,483,0.6669141364066826,0.6625163481896631
CIFAR-100,beta=0.5,484,0.6735404026169783,0.6624182498133786
CIFAR-100,beta=0.5,485,0.670182637566488,0.6615413684999727
CIFAR-100,beta=0.5,486,0.6704558446012135,0.6626827592860006
CIFAR-100,beta=0.5,487,0.6802104742397753,0.6639544413049917
CIFAR-100,beta=0.5,488,0.6699935871181528,0.6669921618219471
CIFAR-100,beta=0.5,489,0.6445940907553936,0.6681587119207529
CIFAR-100,beta=0.5,490,0.6998442885386601,0.6692955266421726
CIFAR-100,beta=0.5,491,0.658146517801719,0.6696817487991503
CIFAR-100,beta=0.5,492,0.6483777315185605,0.6674926792532087
CIFAR-100,beta=0.5,493,0.6717126268545927,0.6675320320016216
CIFAR-100,beta=0.5,494,0.6675099020879809,0.6675531709477195
CIFAR-100,beta=0.5,495,0.7022589575351172,0.6669240012512466
CIFAR-100,beta=0.5,496,0.666843955039587,0.6669759573628818
CIFAR-100,beta=0.5,497,0.6488477469516872,0.6687212132320345
CIFAR-100,beta=0.5,498,0.6727074687613475,0.6667831225823027
CIFAR-100,beta=0.5,499,0.6407043594278534,0.6676248833150334
CIFAR-100,beta=0.5,500,0.6707729287926824,0.6691178964666417
CIFAR-100,beta=0.3,1,3.995297539884825e-05,0.0001985501155510037
CIFAR-100,beta=0.3,2,8.008454204787031e-05,0.00027335978707339386
CIFAR-100,beta=0.3,3,0.00012934663187910846,0.0003564490532978385
CIFAR-100,beta=0.3,4,0.0002003266831182144,0.0004503246312826784
CIFAR-100,beta=0.3,5,0.00030077195778551623,0.0005821217899510406
CIFAR-100,beta=0.3,6,0.00048462086583062666,0.0007208179602171297
CIFAR-100,beta=0.3,7,0.0006628837792097315,0.00091121822401033
CIFAR-100,beta=0.3,8,0.0008005934702032018,0.0011056311617729355
CIFAR-100,beta=0.3,9,0.0011620980482347004,0.001325924335949004
CIFAR-100,beta=0.3,10,0.0012862919687655176,0.0015514982255846674
CIFAR-100,beta=0.3,11,0.0014480866451714474,0.0018301286026711596
CIFAR-100,beta=0.3,12,0.00201691035542428,0.002167621219905959
CIFAR-100,beta=0.3,13,0.002120395529390184,0.0024921912412679045
CIFAR-100,beta=0.3,14,0.0028959569322968537,0.0028619715435882127
CIFAR-100,beta=0.3,15,0.002956147041837931,0.0032470322785531727
CIFAR-100,beta=0.3,16,0.0033443505880398757,0.0037449786019041332
CIFAR-100,beta=0.3,17,0.0034636928865828184,0.004175994884835012
CIFAR-100,beta=0.3,18,0.0043088022881764936,0.004671758501951297
CIFAR-100,beta=0.3,19,0.005262715941640206,0.005253964760302597
CIFAR-100,beta=0.3,20,0.005169322278214693,0.00574541543907787
CIFAR-100,beta=0.3,21,0.006031325400635253,0.006266275353910171
CIFAR-100,beta=0.3,22,0.0064387948036841265,0.006835356589508042
CIFAR-100,beta=0.3,23,0.008269788320467613,0.007520317974299866
CIFAR-100,beta=0.3,24,0.007627342292197886,0.008145539190126448
CIFAR-100,beta=0.3,25,0.008722746225509791,0.00891941632740644
CIFAR-100,beta=0.3,26,0.010181180520440944,0.009760616367327815
CIFAR-100,beta=0.3,27,0.00938867053705336,0.010671090751067631
CIFAR-100,beta=0.3,28,0.00993329425187471,0.011529983476287432
CIFAR-100,beta=0.3,29,0.011432175466264915,0.0124441670020688
CIFAR-100,beta=0.3,30,0.013230567813715292,0.013432338597850745
CIFAR-100,beta=0.3,31,0.012722668825438623,0.014468763084629402
CIFAR-100,beta=0.3,32,0.0150718499457827,0.015500711287558215
CIFAR-100,beta=0.3,33,0.01692680288699713,0.016561121341132454
CIFAR-100,beta=0.3,34,0.01891983169773743,0.017672858736734676
CIFAR-100,beta=0.3,35,0.01805271315651174,0.01869385201793542
CIFAR-100,beta=0.3,36,0.019744078287355776,0.019953401853803267
CIFAR-100,beta=0.3,37,0.021261368740413258,0.021204017505730154
CIFAR-100,beta=0.3,38,0.023816155622147447,0.022548051231340942
CIFAR-100,beta=0.3,39,0.023106565336130112,0.023947009235983252
CIFAR-100,beta=0.3,40,0.024628897029123364,0.025333211690344026
CIFAR-100,beta=0.3,41,0.026857241454474313,0.02653576579745569
CIFAR-100,beta=0.3,42,0.02470356975506453,0.02808508556551932
CIFAR-100,beta=0.3,43,0.028826541789892395,0.029499898078409737
CIFAR-100,beta=0.3,44,0.030191410245168214,0.03052089135832771
CIFAR-100,beta=0.3,45,0.03339107369787708,0.031605919397753965
CIFAR-100,beta=0.3,46,0.0337070388950733,0.03279889207685316
CIFAR-100,beta=0.3,47,0.03586488676119431,0.034513076897175275
CIFAR-100,beta=0.3,48,0.0349651144936721,0.03619972825253541
CIFAR-100,beta=0.3,49,0.042159628218691916,0.0377786411767582
CIFAR-100,beta=0.3,50,0.039274900849868,0.039251088240789274
CIFAR-100,beta=0.3,51,0.03505897748612535,0.040622703180547864
CIFAR-100,beta=0.3,52,0.0375367893318071,0.041736783634038946
CIFAR-100,beta=0.3,53,0.04171074580863535,0.04313669279640147
CIFAR-100,beta=0.3,54,0.048819337640961954,0.044770024877089074
CIFAR-100,beta=0.3,55,0.049928667359525315,0.04635600364244448
CIFAR-100,beta=0.3,56,0.05054093531781616,0.048211708339594796
CIFAR-100,beta=0.3,57,0.04679027571553066,0.0494729404921371
CIFAR-100,beta=0.3,58,0.049400765886271195,0.05088379263758787
CIFAR-100,beta=0.3,59,0.04690261704753445,0.053116197652463545
CIFAR-100,beta=0.3,60,0.05438971113331494,0.054932891046323554
CIFAR-100,beta=0.3,61,0.05820702010538746,0.05674373129858649
CIFAR-100,beta=0.3,62,0.059654568241525374,0.05837635458385657
CIFAR-100,beta=0.3,63,0.0628006849509268,0.059577753327136516
CIFAR-100,beta=0.3,64,0.06107811050682643,0.060758355257244115
CIFAR-100,beta=0.3,65,0.06043768303162946,0.06289133535886388
CIFAR-100,beta=0.3,66,0.06854505270926045,0.06532110809721467
CIFAR-100,beta=0.3,67,0.06478719023970728,0.06730211102044009
CIFAR-100,beta=0.3,68,0.06887334959257943,0.0693443958322635
CIFAR-100,beta=0.3,69,0.07330868692001333,0.07130631143528161
CIFAR-100,beta=0.3,70,0.06794964850872443,0.07319717921806035
CIFAR-100,beta=0.3,71,0.06824996426943013,0.07515126186382622
CIFAR-100,beta=0.3,72,0.07878497723982711,0.07734434796706938
CIFAR-100,beta=0.3,73,0.08584735696153295,0.07984045212983669
CIFAR-100,beta=0.3,74,0.07661766089591593,0.08153168187979172
CIFAR-100,beta=0.3,75,0.08502398331066599,0.08348290311153804
CIFAR-100,beta=0.3,76,0.08763575415065923,0.085590474198682
CIFAR-100,beta=0.3,77,0.08801758498320641,0.0872655696933481
CIFAR-100,beta=0.3,78,0.09211192463741462,0.08952956420244246
CIFAR-100,beta=0.3,79,0.09397440205547399,0.09198757444998922
CIFAR-100,beta=0.3,80,0.09787924547313911,0.09402417947279033
CIFAR-100,beta=0.3,81,0.09391349895858594,0.09597829214270909
CIFAR-100,beta=0.3,82,0.09405550871590197,0.09781258375985546
CIFAR-100,beta=0.3,83,0.10048691589973897,0.09945730711726487
CIFAR-100,beta=0.3,84,0.09843511934000487,0.10121568617921514
CIFAR-100,beta=0.3,85,0.10190956614513966,0.10294781833270195
CIFAR-100,beta=0.3,86,0.10512011798263136,0.10476632319459121
CIFAR-100,beta=0.3,87,0.10933405258184399,0.10740759269049001
CIFAR-100,beta=0.3,88,0.11515904701031396,0.10904407812498555
CIFAR-100,beta=0.3,89,0.1041320351531118,0.1102750165935769
CIFAR-100,beta=0.3,90,0.10969483367180702,0.11227639877994473
CIFAR-100,beta=0.3,91,0.11401144007991341,0.11417097654083139
CIFAR-100,beta=0.3,92,0.11399956728550839,0.11611899382972925
CIFAR-100,beta=0.3,93,0.1193894975657537,0.1179101835834236
CIFAR-100,beta=0.3,94,0.13359344449395613,0.11986332838684087
CIFAR-100,beta=0.3,95,0.12242652699057208,0.12122575830867946
CIFAR-100,beta=0.3,96,0.11237757598745643,0.12281059283980071
CIFAR-100,beta=0.3,97,0.1240762415114193,0.12496548083390285
CIFAR-100,beta=0.3,98,0.12890558231303875,0.12692798094960736
CIFAR-100,beta=0.3,99,0.12765537867347282,0.12896652549436574
CIFAR-100,beta=0.3,100,0.12877741245055496,0.1308655345762001
CIFAR-100,beta=0.3,101,0.1344172900338903,0.13308735629696938
CIFAR-100,beta=0.3,102,0.12977050140942276,0.13436647035605956
CIFAR-100,beta=0.3,103,0.1389315649771326,0.135150481768072
CIFAR-100,beta=0.3,104,0.13645535506464412,0.1375202876941525
CIFAR-100,beta=0.3,105,0.1391323354073747,0.14033092362625324
CIFAR-100,beta=0.3,106,0.1445896082512891,0.1423807771720189
CIFAR-100,beta=0.3,107,0.14248470351302392,0.14480411496948786
CIFAR-100,beta=0.3,108,0.1527168233772931,0.14748756264130153
CIFAR-100,beta=0.3,109,0.1527801553803086,0.148951126815608
CIFAR-100,beta=0.3,110,0.13418669817075896,0.15141872131413672
CIFAR-100,beta=0.3,111,0.1479246648786639,0.15352932935542635
CIFAR-100,beta=0.3,112,0.16623578049293047,0.15542280238019632
CIFAR-100,beta=0.3,113,0.1596533854995233,0.1577496876298807
CIFAR-100,beta=0.3,114,0.16400544563550756,0.1596301019510341
CIFAR-100,beta=0.3,115,0.16902912752775978,0.160741823420853
CIFAR-100,beta=0.3,116,0.15637075264848696,0.16183484964145242
CIFAR-100,beta=0.3,117,0.1667844188873541,0.16342383924747433
CIFAR-100,beta=0.3,118,0.17059068559647672,0.16631550280315072
CIFAR-100,beta=0.3,119,0.16485745043619343,0.16898990312869414
CIFAR-100,beta=0.3,120,0.1740356141526409,0.1704319459826966
CIFAR-100,beta=0.3,121,0.17279582306859023,0.17221777725717255
CIFAR-100,beta=0.3,122,0.1591605255603069,0.17418845079894585
CIFAR-100,beta=0.3,123,0.16911221668628446,0.1756221122305882
CIFAR-100,beta=0.3,124,0.17661499947063702,0.17799956963947977
CIFAR-100,beta=0.3,125,0.17756165150590456,0.1797889742594491
CIFAR-100,beta=0.3,126,0.18804066976181527,0.1818328789875342
CIFAR-100,beta=0.3,127,0.1878664233029671,0.1844077384738735
CIFAR-100,beta=0.3,128,0.18644085461666327,0.18596313022206115
CIFAR-100,beta=0.3,129,0.19356554876210702,0.18810524736466494
CIFAR-100,beta=0.3,130,0.19053404900239523,0.1911953468584811
CIFAR-100,beta=0.3,131,0.19203261378186057,0.19512576229033626
CIFAR-100,beta=0.3,132,0.19362548818689368,0.19860888993573508
CIFAR-100,beta=0.3,133,0.2012492565177535,0.20014109747763215
CIFAR-100,beta=0.3,134,0.20348034273128318,0.20189314323246005
CIFAR-100,beta=0.3,135,0.19736649037545512,0.2043801918968008
CIFAR-100,beta=0.3,136,0.20492758020764734,0.20695252700655692
CIFAR-100,beta=0.3,137,0.20551201796754906,0.20904084000844853
CIFAR-100,beta=0.3,138,0.2280684481641119,0.2103466959995893
CIFAR-100,beta=0.3,139,0.22886191415161913,0.21273452123732867
CIFAR-100,beta=0.3,140,0.20054476463436094,0.21517475034106387
CIFAR-100,beta=0.3,141,0.2143213560842338,0.2185870989818763
CIFAR-100,beta=0.3,142,0.2251721532680778,0.2216374158075644
CIFAR-100,beta=0.3,143,0.2250258812630054,0.2237156203392103
CIFAR-100,beta=0.3,144,0.224890243790481,0.225768728617145
CIFAR-100,beta=0.3,145,0.21012188886950703,0.22855508880361322
CIFAR-100,beta=0.3,146,0.22784999234795106,0.23011340085132315
CIFAR-100,beta=0.3,147,0.23022892474292184,0.23236511557523878
CIFAR-100,beta=0.3,148,0.2524344861299401,0.23567674549891485
CIFAR-100,beta=0.3,149,0.24923509511660447,0.23807675246034005
CIFAR-100,beta=0.3,150,0.22853955835014328,0.24086152456689713
CIFAR-100,beta=0.3,151,0.23572420437666808,0.24175684212428916
CIFAR-100,beta=0.3,152,0.24730742076457252,0.2431689232291006
CIFAR-100,beta=0.3,153,0.2514431288797604,0.2470784905849694
CIFAR-100,beta=0.3,154,0.26263763501035386,0.24943871803136627
CIFAR-100,beta=0.3,155,0.25021921348950193,0.2507395641185584
CIFAR-100,beta=0.3,156,0.2503214605056119,0.25110670635492544
CIFAR-100,beta=0.3,157,0.26694373486643397,0.253592652579658
CIFAR-100,beta=0.3,158,0.2384556446238853,0.2577992821258195
CIFAR-100,beta=0.3,159,0.2460714603626526,0.26134942341926576
CIFAR-100,beta=0.3,160,0.26876539920753906,0.26238796508085616
CIFAR-100,beta=0.3,161,0.26325340404390396,0.2627766227865563
CIFAR-100,beta=0.3,162,0.24974161605080442,0.2639530046378388
CIFAR-100,beta=0.3,163,0.25794161967544604,0.2672774606867766
CIFAR-100,beta=0.3,164,0.2865242884875932,0.2712142351594823
CIFAR-100,beta=0.3,165,0.29163900154256484,0.27190827794328637
CIFAR-100,beta=0.3,166,0.28897632377836213,0.2747432656455781
CIFAR-100,beta=0.3,167,0.26288554568842903,0.27906390828084765
CIFAR-100,beta=0.3,168,0.2572729944652622,0.2801843016628281
CIFAR-100,beta=0.3,169,0.28028336277959076,0.28228376406894534
CIFAR-100,beta=0.3,170,0.30008605422357004,0.28590598525584254
CIFAR-100,beta=0.3,171,0.30937307759619714,0.28743455637919546
CIFAR-100,beta=0.3,172,0.2773543766234951,0.28649228962962986
CIFAR-100,beta=0.3,173,0.2809804601582614,0.2862750967784852
CIFAR-100,beta=0.3,174,0.31088109989169543,0.28800112402837613
CIFAR-100,beta=0.3,175,0.2855712999372451,0.29034378485122536
CIFAR-100,beta=0.3,176,0.2947453401356632,0.2937861342929372
CIFAR-100,beta=0.3,177,0.30407493385426243,0.29604495439023276
CIFAR-100,beta=0.3,178,0.28087018652573986,0.29833597690081026
CIFAR-100,beta=0.3,179,0.2723902872441095,0.2981623486937089
CIFAR-100,beta=0.3,180,0.28838110877539536,0.300268724036537
CIFAR-100,beta=0.3,181,0.31486673252672565,0.3033575671859982
CIFAR-100,beta=0.3,182,0.298025458031168,0.3036284030598025
CIFAR-100,beta=0.3,183,0.3089082360909393,0.3074298527729523
CIFAR-100,beta=0.3,184,0.3141656642390237,0.3095631988649241
CIFAR-100,beta=0.3,185,0.33445139188223283,0.3118221860062297
CIFAR-100,beta=0.3,186,0.3067686544896764,0.31550295046572613
CIFAR-100,beta=0.3,187,0.30895000676591683,0.3207735206905016
CIFAR-100,beta=0.3,188,0.3273131074001801,0.32411430900533234
CIFAR-100,beta=0.3,189,0.31494363799875946,0.326080691854377
CIFAR-100,beta=0.3,190,0.3425930456344936,0.33020080878634256
CIFAR-100,beta=0.3,191,0.3267455315152401,0.3329184150385637
CIFAR-100,beta=0.3,192,0.33795974097384496,0.3344041550116291
CIFAR-100,beta=0.3,193,0.33608165341818624,0.33499489679426697
CIFAR-100,beta=0.3,194,0.3514488406157417,0.3378541674172122
CIFAR-100,beta=0.3,195,0.3384929334978567,0.34073625145849584
CIFAR-100,beta=0.3,196,0.34436247526239533,0.34228503511620834
CIFAR-100,beta=0.3,197,0.35982721201065127,0.3450384298819135
CIFAR-100,beta=0.3,198,0.34967232987425656,0.3463096502611565
CIFAR-100,beta=0.3,199,0.336451763835005,0.35008805545413463
CIFAR-100,beta=0.3,200,0.34331251862180046,0.3524326765621345
CIFAR-100,beta=0.3,201,0.349657713833854,0.3563524883988115
CIFAR-100,beta=0.3,202,0.35218126738517164,0.3581461873664598
CIFAR-100,beta=0.3,203,0.3505448622658669,0.3600542972896289
CIFAR-100,beta=0.3,204,0.3562445594843374,0.3617044531735961
CIFAR-100,beta=0.3,205,0.36166135132313826,0.36410538323704306
CIFAR-100,beta=0.3,206,0.3834216094099117,0.36455282137875494
CIFAR-100,beta=0.3,207,0.37312905759384324,0.3657571865930656
CIFAR-100,beta=0.3,208,0.3948788309683423,0.36847781485999337
CIFAR-100,beta=0.3,209,0.378354325130466,0.3719412935289153
CIFAR-100,beta=0.3,210,0.3671145823453942,0.37523568055075257
CIFAR-100,beta=0.3,211,0.36911481352190284,0.3800535768785245
CIFAR-100,beta=0.3,212,0.39584116296235616,0.3822537465867257
CIFAR-100,beta=0.3,213,0.35638390199993497,0.3841995274826706
CIFAR-100,beta=0.3,214,0.35451724204966484,0.38504449257017165
CIFAR-100,beta=0.3,215,0.3841219426257162,0.38796979936915793
CIFAR-100,beta=0.3,216,0.40160989386768337,0.38786759660399245
CIFAR-100,beta=0.3,217,0.40159707271272993,0.3864186873520039
CIFAR-100,beta=0.3,218,0.42281330718244536,0.38913792771860745
CIFAR-100,beta=0.3,219,0.38924710510735544,0.39141364696871467
CIFAR-100,beta=0.3,220,0.39084806476231215,0.3920402613197911
CIFAR-100,beta=0.3,221,0.3960960857224274,0.39577617678938515
CIFAR-100,beta=0.3,222,0.4170086595786371,0.4011511358888355
CIFAR-100,beta=0.3,223,0.39334578949085974,0.4045051299321527
CIFAR-100,beta=0.3,224,0.3566206863506377,0.4074316628400354
CIFAR-100,beta=0.3,225,0.4079031878444481,0.40885931443848983
CIFAR-100,beta=0.3,226,0.40325060227351095,0.4082734338264706
CIFAR-100,beta=0.3,227,0.4052403782285026,0.4137617484102913
CIFAR-100,beta=0.3,228,0.41242263404384705,0.41779273907408554
CIFAR-100,beta=0.3,229,0.4351416285414199,0.4187727118134851
CIFAR-100,beta=0.3,230,0.4344318532754749,0.4180730297270504
CIFAR-100,beta=0.3,231,0.4455078874859237,0.4220747580511167
CIFAR-100,beta=0.3,232,0.42301184668954567,0.428553695342854
CIFAR-100,beta=0.3,233,0.4140250980021568,0.43145848441141127
CIFAR-100,beta=0.3,234,0.47157182386466523,0.43684159128497696
CIFAR-100,beta=0.3,235,0.4513129247192258,0.44047765227250324
CIFAR-100,beta=0.3,236,0.4107956768134208,0.443482991171673
CIFAR-100,beta=0.3,237,0.40651342828211695,0.4460923216970351
CIFAR-100,beta=0.3,238,0.4533717143518537,0.44957165963062257
CIFAR-100,beta=0.3,239,0.453804745726697,0.45258496283805455
CIFAR-100,beta=0.3,240,0.4514750238728079,0.4551933212920336
CIFAR-100,beta=0.3,241,0.48399720537699575,0.4604912914010835
CIFAR-100,beta=0.3,242,0.45978129304139675,0.4619289336961413
CIFAR-100,beta=0.3,243,0.45750271753139343,0.46578661442815567
CIFAR-100,beta=0.3,244,0.47428158642185175,0.4719961265419853
CIFAR-100,beta=0.3,245,0.48662192227928613,0.47643819791681097
CIFAR-100,beta=0.3,246,0.4907074355974044,0.47777834753111664
CIFAR-100,beta=0.3,247,0.46213722349923153,0.4801470425315806
CIFAR-100,beta=0.3,248,0.4934946496379052,0.4830057382973297
CIFAR-100,beta=0.3,249,0.4931364582905317,0.48364099913449765
CIFAR-100,beta=0.3,250,0.5091781356994411,0.48545390369842717
CIFAR-100,beta=0.3,251,0.5039383585208657,0.4870892228108029
CIFAR-100,beta=0.3,252,0.4731444989045011,0.4862947406618548
CIFAR-100,beta=0.3,253,0.47347395856643926,0.48561344352492763
CIFAR-100,beta=0.3,254,0.4893351707336556,0.4868991568420245
CIFAR-100,beta=0.3,255,0.49435546035904493,0.4890075271546521
CIFAR-100,beta=0.3,256,0.49352611793451595,0.4859636829373942
CIFAR-100,beta=0.3,257,0.4869748615003394,0.4839964048117868
CIFAR-100,beta=0.3,258,0.4820325042170294,0.4792047139514511
CIFAR-100,beta=0.3,259,0.46236435418763006,0.47634595697831345
CIFAR-100,beta=0.3,260,0.4764024652253792,0.47591844861085975
CIFAR-100,beta=0.3,261,0.5099931353538578,0.47649729897268817
CIFAR-100,beta=0.3,262,0.49376277818864545,0.47402591743581896
CIFAR-100,beta=0.3,263,0.4478369863790375,0.47395704469422745
CIFAR-100,beta=0.3,264,0.46362728640642015,0.474343940722671
CIFAR-100,beta=0.3,265,0.4373027727944052,0.47426249617388044
CIFAR-100,beta=0.3,266,0.46105700392380095,0.47447499123300174
CIFAR-100,beta=0.3,267,0.46673187339269556,0.4768554114045659
CIFAR-100,beta=0.3,268,0.48215671399386506,0.4784389733802263
CIFAR-100,beta=0.3,269,0.45226444768061674,0.47628066161647903
CIFAR-100,beta=0.3,270,0.4933223692351728,0.47612983620807664
CIFAR-100,beta=0.3,271,0.4993295583611694,0.4786923397418222
CIFAR-100,beta=0.3,272,0.4857531932684808,0.4813005685688515
CIFAR-100,beta=0.3,273,0.48521993010384834,0.4842257011492338
CIFAR-100,beta=0.3,274,0.49807065676109286,0.4865185784623291
CIFAR-100,beta=0.3,275,0.5001558948602858,0.4861128158762852
CIFAR-100,beta=0.3,276,0.47761845889764903,0.48541443566832815
CIFAR-100,beta=0.3,277,0.4915003970626096,0.48706217535716684
CIFAR-100,beta=0.3,278,0.48627453938522053,0.4864088694087593
CIFAR-100,beta=0.3,279,0.5027507188118607,0.48669283230733634
CIFAR-100,beta=0.3,280,0.48117976150014,0.48677806640661486
CIFAR-100,beta=0.3,281,0.49545016362022976,0.486783070781294
CIFAR-100,beta=0.3,282,0.4606454346020373,0.48684703216716874
CIFAR-100,beta=0.3,283,0.4716810108745088,0.4862201657053976
CIFAR-100,beta=0.3,284,0.4769805430131976,0.4890455963849336
CIFAR-100,beta=0.3,285,0.4835227800090601,0.4901743713766778
CIFAR-100,beta=0.3,286,0.5035890018398245,0.4908405615246536
CIFAR-100,beta=0.3,287,0.4870317047576579,0.4897626723655509
CIFAR-100,beta=0.3,288,0.48529499572403606,0.4906836112251374
CIFAR-100,beta=0.3,289,0.49903007754921286,0.4883661630243843
CIFAR-100,beta=0.3,290,0.49075289793371935,0.49001494513096083
CIFAR-100,beta=0.3,291,0.519999919090689,0.49266099206008274
CIFAR-100,beta=0.3,292,0.5084320219387711,0.4947817626489638
CIFAR-100,beta=0.3,293,0.49626739160485817,0.49666281507637733
CIFAR-100,beta=0.3,294,0.4865823814253192,0.4976888283682331
CIFAR-100,beta=0.3,295,0.49499384439393745,0.49916095041477443
CIFAR-100,beta=0.3,296,0.4606884406089339,0.5007604414398178
CIFAR-100,beta=0.3,297,0.4853771662006855,0.5007729363478973
CIFAR-100,beta=0.3,298,0.5113717148113384,0.503021320909859
CIFAR-100,beta=0.3,299,0.5087921018464135,0.5004628161456401
CIFAR-100,beta=0.3,300,0.511738566420263,0.5011658507580466
CIFAR-100,beta=0.3,301,0.518979201217661,0.5018323051359102
CIFAR-100,beta=0.3,302,0.5091135354557783,0.5035523217289344
CIFAR-100,beta=0.3,303,0.5092873610996863,0.5029656232488823
CIFAR-100,beta=0.3,304,0.49921750117040586,0.5062642327054877
CIFAR-100,beta=0.3,305,0.5244786663631442,0.5063595299568981
CIFAR-100,beta=0.3,306,0.48162234762740647,0.5063812058017727
CIFAR-100,beta=0.3,307,0.51897754112487,0.5040901105477037
CIFAR-100,beta=0.3,308,0.5062642072728107,0.502681186737049
CIFAR-100,beta=0.3,309,0.5123826303206807,0.5020625800257712
CIFAR-100,beta=0.3,310,0.48619336719315703,0.49970438328823413
CIFAR-100,beta=0.3,311,0.5101675824580153,0.5006071926698155
CIFAR-100,beta=0.3,312,0.4868066249718428,0.5009410785592723
CIFAR-100,beta=0.3,313,0.5116968524844561,0.4992291555198057
CIFAR-100,beta=0.3,314,0.4744256730353785,0.501533387173483
CIFAR-100,beta=0.3,315,0.4906047092604421,0.4991902841054914
CIFAR-100,beta=0.3,316,0.5097001005484938,0.4995553590234613
CIFAR-100,beta=0.3,317,0.4737405843927215,0.5002571237619499
CIFAR-100,beta=0.3,318,0.5228295018234075,0.5040021485131554
CIFAR-100,beta=0.3,319,0.5042257895122579,0.5063532488656599
CIFAR-100,beta=0.3,320,0.49879982077114393,0.5096660761828333
CIFAR-100,beta=0.3,321,0.5161858224325659,0.5094912624596494
CIFAR-100,beta=0.3,322,0.483830995104997,0.5132640068296349
CIFAR-100,beta=0.3,323,0.51174033104236,0.5179778920296202
CIFAR-100,beta=0.3,324,0.5229091013980092,0.519163173183362
CIFAR-100,beta=0.3,325,0.5423687384612392,0.5209971564224003
CIFAR-100,beta=0.3,326,0.5454340877455824,0.5214705677670458
CIFAR-100,beta=0.3,327,0.5364990347294448,0.5212540740713206
CIFAR-100,beta=0.3,328,0.5090746466366962,0.5209124101054756
CIFAR-100,beta=0.3,329,0.5310168385851627,0.5209930390035504
CIFAR-100,beta=0.3,330,0.5613129872602202,0.5217272221939387
CIFAR-100,beta=0.3,331,0.5274793178546207,0.5209613028325111
CIFAR-100,beta=0.3,332,0.5012503329782977,0.5188270325062816
CIFAR-100,beta=0.3,333,0.5299306719930887,0.5172178817370541
CIFAR-100,beta=0.3,334,0.5009783840763807,0.5193975999515053
CIFAR-100,beta=0.3,335,0.4936748612834684,0.5196611349451501
CIFAR-100,beta=0.3,336,0.5173952559036886,0.5195018447661697
CIFAR-100,beta=0.3,337,0.4948437429608211,0.5208413785886283
CIFAR-100,beta=0.3,338,0.5002515406209451,0.5204115496045567
CIFAR-100,beta=0.3,339,0.49089504650456667,0.5215498734572628
CIFAR-100,beta=0.3,340,0.5182314769228283,0.5246089383705436
CIFAR-100,beta=0.3,341,0.5781298609623486,0.5262158564985221
CIFAR-100,beta=0.3,342,0.540452059634118,0.5272923663184113
CIFAR-100,beta=0.3,343,0.5066852939519899,0.5275882270740367
CIFAR-100,beta=0.3,344,0.551109845922042,0.5278791940368114
CIFAR-100,beta=0.3,345,0.5548655524991453,0.5314911553336185
CIFAR-100,beta=0.3,346,0.5445541756452124,0.5338785410132205
CIFAR-100,beta=0.3,347,0.5471363066775076,0.5351018204803984
CIFAR-100,beta=0.3,348,0.5540344439127669,0.5339490343226868
CIFAR-100,beta=0.3,349,0.5171260313747189,0.5303407022912159
CIFAR-100,beta=0.3,350,0.4981127726178519,0.5295245613926789
CIFAR-100,beta=0.3,351,0.521759760345308,0.5304486523492412
CIFAR-100,beta=0.3,352,0.5490231624129283,0.530935221182138
CIFAR-100,beta=0.3,353,0.5360623258149761,0.5312622280497422
CIFAR-100,beta=0.3,354,0.5092442385122361,0.531285782220028
CIFAR-100,beta=0.3,355,0.500939684557155,0.5296837279742297
CIFAR-100,beta=0.3,356,0.5240048804902817,0.5272623671281964
CIFAR-100,beta=0.3,357,0.5282099461560636,0.5273117297073795
CIFAR-100,beta=0.3,358,0.5205466583004259,0.5299459517038705
CIFAR-100,beta=0.3,359,0.5584083784154924,0.532014600153911
CIFAR-100,beta=0.3,360,0.5597706555132071,0.5314673078172734
CIFAR-100,beta=0.3,361,0.5449074881994996,0.5319143310182676
CIFAR-100,beta=0.3,362,0.5231054929905326,0.529376978415035
CIFAR-100,beta=0.3,363,0.5177140312222678,0.5320911968470095
CIFAR-100,beta=0.3,364,0.5178664700624653,0.5353406964306071
CIFAR-100,beta=0.3,365,0.537626102565218,0.5352104097838641
CIFAR-100,beta=0.3,366,0.5527894870959161,0.5345640311393018
CIFAR-100,beta=0.3,367,0.5408137773633623,0.5358990034297557
CIFAR-100,beta=0.3,368,0.5427676738298903,0.5367489488473565
CIFAR-100,beta=0.3,369,0.4711839494637452,0.5377742165599056
CIFAR-100,beta=0.3,370,0.541652961036773,0.5404645596880792
CIFAR-100,beta=0.3,371,0.5727473742442468,0.5432751353276999
CIFAR-100,beta=0.3,372,0.5262556464549191,0.5449238382012157
CIFAR-100,beta=0.3,373,0.5108509786319914,0.5419736625404759
CIFAR-100,beta=0.3,374,0.578432962772301,0.5410876810043241
CIFAR-100,beta=0.3,375,0.5725198367772188,0.5399808939799503
CIFAR-100,beta=0.3,376,0.5602865038877376,0.5383891603299374
CIFAR-100,beta=0.3,377,0.5634606399131353,0.5422176246593949
CIFAR-100,beta=0.3,378,0.5598726658165795,0.5421477130178265
CIFAR-100,beta=0.3,379,0.5425970131652021,0.5383764351260198
CIFAR-100,beta=0.3,380,0.49337346765411993,0.5396701384250144
CIFAR-100,beta=0.3,381,0.5394997640536398,0.5422808237170971
CIFAR-100,beta=0.3,382,0.524211971997755,0.5403801616734241
CIFAR-100,beta=0.3,383,0.5188916690796989,0.5388492620791242
CIFAR-100,beta=0.3,384,0.5286109144056061,0.5369171166148111
CIFAR-100,beta=0.3,385,0.5406042864132468,0.5344272509331505
CIFAR-100,beta=0.3,386,0.5161782058671474,0.5315607762930967
CIFAR-100,beta=0.3,387,0.5456611959398383,0.5331639551065424
CIFAR-100,beta=0.3,388,0.5500112580132299,0.5364801217904726
CIFAR-100,beta=0.3,389,0.5499230321172053,0.5366415336248669
CIFAR-100,beta=0.3,390,0.549556342862722,0.5390899122684562
CIFAR-100,beta=0.3,391,0.5313043219230398,0.5399659939936656
CIFAR-100,beta=0.3,392,0.5261126546882253,0.5384726072581745
CIFAR-100,beta=0.3,393,0.5168755462157739,0.5365575409841611
CIFAR-100,beta=0.3,394,0.5666446953668866,0.5383474712615176
CIFAR-100,beta=0.3,395,0.5431159679130746,0.538084425215789
CIFAR-100,beta=0.3,396,0.5419209415695535,0.5379411289764271
CIFAR-100,beta=0.3,397,0.5609376516515956,0.5382155007077364
CIFAR-100,beta=0.3,398,0.5320328949578412,0.5376996151726565
CIFAR-100,beta=0.3,399,0.5062101133732371,0.5399423775699995
CIFAR-100,beta=0.3,400,0.5118782923030439,0.5423665926452975
CIFAR-100,beta=0.3,401,0.5430271600274974,0.544838002001054
CIFAR-100,beta=0.3,402,0.5417155052539091,0.5430955447158667
CIFAR-100,beta=0.3,403,0.5478618144228015,0.543785556189743
CIFAR-100,beta=0.3,404,0.5540386080868438,0.5444961470973184
CIFAR-100,beta=0.3,405,0.5418180598365255,0.5439226267730654
CIFAR-100,beta=0.3,406,0.5649457578831842,0.5447310520869869
CIFAR-100,beta=0.3,407,0.5624758808176942,0.5471888178101346
CIFAR-100,beta=0.3,408,0.5539466865521222,0.5497250832509054
CIFAR-100,beta=0.3,409,0.540507836089078,0.5501851273318626
CIFAR-100,beta=0.3,410,0.5534661400212189,0.5489720716619881
CIFAR-100,beta=0.3,411,0.5525798051831832,0.5457951149345701
CIFAR-100,beta=0.3,412,0.5523348467877995,0.5431694929730847
CIFAR-100,beta=0.3,413,0.5441592746666644,0.5428459086242445
CIFAR-100,beta=0.3,414,0.5430765992204523,0.541162068856267
CIFAR-100,beta=0.3,415,0.5499222739146059,0.5410255559435975
CIFAR-100,beta=0.3,416,0.5499278212418551,0.54382018925496
CIFAR-100,beta=0.3,417,0.5235196702057925,0.5452183575381552
CIFAR-100,beta=0.3,418,0.5002074635115312,0.544248261072172
CIFAR-100,beta=0.3,419,0.5146542786645643,0.5440432346854124
CIFAR-100,beta=0.3,420,0.5369642946039246,0.5460083336137794
CIFAR-100,beta=0.3,421,0.5396881613635208,0.5472882061563978
CIFAR-100,beta=0.3,422,0.5604281871276491,0.5462580257333417
CIFAR-100,beta=0.3,423,0.5958661862225618,0.5441856851677235
CIFAR-100,beta=0.3,424,0.5614803603370062,0.5442313064426618
CIFAR-100,beta=0.3,425,0.5389146930314697,0.5459059867805333
CIFAR-100,beta=0.3,426,0.5495044093817897,0.5495871406876104
CIFAR-100,beta=0.3,427,0.5818113307133052,0.5504122617402702
CIFAR-100,beta=0.3,428,0.563357362805939,0.552125299718746
CIFAR-100,beta=0.3,429,0.5276238928746089,0.5514439746430556
CIFAR-100,beta=0.3,430,0.5188371654303325,0.5509912256399956
CIFAR-100,beta=0.3,431,0.5506121403659305,0.5466343981721751
CIFAR-100,beta=0.3,432,0.5486398752738649,0.5444785040928887
CIFAR-100,beta=0.3,433,0.5554247721176868,0.5451111322770208
CIFAR-100,beta=0.3,434,0.5270310944544626,0.5480549173218291
CIFAR-100,beta=0.3,435,0.5626598642810623,0.5466458129806351
CIFAR-100,beta=0.3,436,0.5294682852281657,0.5456088830767719
CIFAR-100,beta=0.3,437,0.5536369520817478,0.5453124724806628
CIFAR-100,beta=0.3,438,0.5305137742052539,0.54859086683682
CIFAR-100,beta=0.3,439,0.5291419491477114,0.5481935722431274
CIFAR-100,beta=0.3,440,0.5484041157934515,0.5510730075977197
CIFAR-100,beta=0.3,441,0.5936611850539152,0.5513902070361909
CIFAR-100,beta=0.3,442,0.5606747655953941,0.5536667873640286
CIFAR-100,beta=0.3,443,0.5478034142479906,0.5527087443521912
CIFAR-100,beta=0.3,444,0.5231777339329727,0.5531795799741525
CIFAR-100,beta=0.3,445,0.5680130807726886,0.5537879010193176
CIFAR-100,beta=0.3,446,0.5446527214605409,0.5558627821753066
CIFAR-100,beta=0.3,447,0.5918314055927517,0.5585251984420981
CIFAR-100,beta=0.3,448,0.5601827636947528,0.5601383557841497
CIFAR-100,beta=0.3,449,0.5611797993720296,0.559344155820552
CIFAR-100,beta=0.3,450,0.5482892191035006,0.5602002547204248
CIFAR-100,beta=0.3,451,0.5365308195575846,0.56128187066449
CIFAR-100,beta=0.3,452,0.5627617677592263,0.5641071226261344
CIFAR-100,beta=0.3,453,0.5616369915450898,0.5611315154259625
CIFAR-100,beta=0.3,454,0.5690781931495834,0.5615807073407814
CIFAR-100,beta=0.3,455,0.572601475924225,0.5607592430101339
CIFAR-100,beta=0.3,456,0.5817481855999496,0.5605715389269529
CIFAR-100,beta=0.3,457,0.5735162490934851,0.5607744150978595
CIFAR-100,beta=0.3,458,0.5640276534089688,0.5627351187965617
CIFAR-100,beta=0.3,459,0.5655565133576395,0.5640840819698617
CIFAR-100,beta=0.3,460,0.5233789727701105,0.5621978062463728
CIFAR-100,beta=0.3,461,0.5513906001828234,0.5621012573664532
CIFAR-100,beta=0.3,462,0.57950944063304,0.5613726562065436
CIFAR-100,beta=0.3,463,0.5573672024470383,0.5604971893098657
CIFAR-100,beta=0.3,464,0.5642229419356288,0.55813421976146
CIFAR-100,beta=0.3,465,0.5776997745840321,0.5585645314739881
CIFAR-100,beta=0.3,466,0.5567652671570862,0.5583541851395807
CIFAR-100,beta=0.3,467,0.534467631906893,0.5582815214777963
CIFAR-100,beta=0.3,468,0.5601887583462949,0.5623940473217975
CIFAR-100,beta=0.3,469,0.5581491757509411,0.5637928766967314
CIFAR-100,beta=0.3,470,0.5594694724740539,0.5617597686133275
CIFAR-100,beta=0.3,471,0.5463036423738649,0.5619333856453682
CIFAR-100,beta=0.3,472,0.5799709247814061,0.562540874699191
CIFAR-100,beta=0.3,473,0.5608724583928568,0.5620700558199714
CIFAR-100,beta=0.3,474,0.5644665584308747,0.5612442095748286
CIFAR-100,beta=0.3,475,0.58506686043013,0.5622426804787061
CIFAR-100,beta=0.3,476,0.5723730408068304,0.5613847848738159
CIFAR-100,beta=0.3,477,0.5490128193819819,0.5633137702163381
CIFAR-100,beta=0.3,478,0.5599714579276481,0.565471576379735
CIFAR-100,beta=0.3,479,0.5733352777429708,0.568485803596207
CIFAR-100,beta=0.3,480,0.5706374913957368,0.5669167682862725
CIFAR-100,beta=0.3,481,0.544377573479945,0.5676209346116224
CIFAR-100,beta=0.3,482,0.5494446954650567,0.5679218322092873
CIFAR-100,beta=0.3,483,0.5473203242729419,0.5677760964100573
CIFAR-100,beta=0.3,484,0.5870839558887729,0.5676898592067221
CIFAR-100,beta=0.3,485,0.5918365649250082,0.5701337780956779
CIFAR-100,beta=0.3,486,0.5915170506209452,0.5695347341365206
CIFAR-100,beta=0.3,487,0.5564353951323883,0.5686280488390381
CIFAR-100,beta=0.3,488,0.5714349532731051,0.5699140162191617
CIFAR-100,beta=0.3,489,0.5689800223958486,0.5726801849452496
CIFAR-100,beta=0.3,490,0.58288082344168,0.5731434966418257
CIFAR-100,beta=0.3,491,0.5710794827568032,0.5749771997112403
CIFAR-100,beta=0.3,492,0.5856716027163213,0.5748050843413018
CIFAR-100,beta=0.3,493,0.5509857985402855,0.574325241231812
CIFAR-100,beta=0.3,494,0.5597349982807331,0.5738666990759261
CIFAR-100,beta=0.3,495,0.5899270020975907,0.5757469339526109
CIFAR-100,beta=0.3,496,0.5858701043712631,0.576627198286581
CIFAR-100,beta=0.3,497,0.5563943709136987,0.5776711246790351
CIFAR-100,beta=0.3,498,0.574825870314162,0.5777883310017671
CIFAR-100,beta=0.3,499,0.5845022253396972,0.5786922933701574
CIFAR-100,beta=0.3,500,0.5846389182826586,0.5786234477412465
CIFAR-100,beta=0.1,1,4.034767619824736e-05,0.0001336808831982613
CIFAR-100,beta=0.1,2,7.880658685697699e-05,0.0001689678804793464
CIFAR-100,beta=0.1,3,0.0001275183233039228,0.000211837531303591
CIFAR-100,beta=0.1,4,0.00014979476666057194,0.00026150206430187865
CIFAR-100,beta=0.1,5,0.00023316881082556428,0.00031877887852390096
CIFAR-100,beta=0.1,6,0.00026363922475212964,0.0003793633021961487
CIFAR-100,beta=0.1,7,0.00038072870731386567,0.00045223039632805075
CIFAR-100,beta=0.1,8,0.0004487754186749095,0.0005230425436509455
CIFAR-100,beta=0.1,9,0.0005696526354145239,0.000594486741986495
CIFAR-100,beta=0.1,10,0.0006833924385619167,0.0006940994768321008
CIFAR-100,beta=0.1,11,0.0007853156711725617,0.0007968789145393366
CIFAR-100,beta=0.1,12,0.0008994998895285827,0.0009056830212244489
CIFAR-100,beta=0.1,13,0.0009491140312819634,0.0010171258522602804
CIFAR-100,beta=0.1,14,0.001133354088176778,0.0011495572712736629
CIFAR-100,beta=0.1,15,0.0011025298860416672,0.0012882354250685903
CIFAR-100,beta=0.1,16,0.00111201065123149,0.0014262614558652748
CIFAR-100,beta=0.1,17,0.0015729976095410635,0.0015649985893898676
CIFAR-100,beta=0.1,18,0.0016692098889124606,0.001716452293771178
CIFAR-100,beta=0.1,19,0.0017818563669372563,0.0018836633972752373
CIFAR-100,beta=0.1,20,0.0019048112763630377,0.0020631795901653776
CIFAR-100,beta=0.1,21,0.0022501105099528664,0.0022503436377696367
CIFAR-100,beta=0.1,22,0.0024609010142377778,0.0024740746435146146
CIFAR-100,beta=0.1,23,0.0025191658806251794,0.0027480097032411494
CIFAR-100,beta=0.1,24,0.002650709638283413,0.002945594279591579
CIFAR-100,beta=0.1,25,0.0029551980042815717,0.0031893570723790406
CIFAR-100,beta=0.1,26,0.003293482223733451,0.0034326823776046726
CIFAR-100,beta=0.1,27,0.003592242782880687,0.0036068566268601405
CIFAR-100,beta=0.1,28,0.0037565747453458475,0.0038771580995560447
CIFAR-100,beta=0.1,29,0.004489319174351449,0.004075916929514603
CIFAR-100,beta=0.1,30,0.005211555781939692,0.0044101550840102725
CIFAR-100,beta=0.1,31,0.004075779296487933,0.0047179235105710695
CIFAR-100,beta=0.1,32,0.005229439501352985,0.0050606313069314094
CIFAR-100,beta=0.1,33,0.005319089467296946,0.005465320373096237
CIFAR-100,beta=0.1,34,0.004394470105769275,0.005780405560081148
CIFAR-100,beta=0.1,35,0.005959333366801598,0.006097761788734412
CIFAR-100,beta=0.1,36,0.005231492959331237,0.006458117224454825
CIFAR-100,beta=0.1,37,0.007474473331672814,0.006764838507772211
CIFAR-100,beta=0.1,38,0.00713569227903714,0.007135300597203365
CIFAR-100,beta=0.1,39,0.007791326583688518,0.007652464537331013
CIFAR-100,beta=0.1,40,0.009025533996753996,0.007965480072715268
CIFAR-100,beta=0.1,41,0.008019760028507107,0.008346422921228287
CIFAR-100,beta=0.1,42,0.00835258621267966,0.008835112393204727
CIFAR-100,beta=0.1,43,0.009161906281152026,0.009419117170014847
CIFAR-100,beta=0.1,44,0.009090138424112253,0.010324486640523252
CIFAR-100,beta=0.1,45,0.010768487123406988,0.010631356134254952
CIFAR-100,beta=0.1,46,0.011833238398402663,0.011060426048539043
CIFAR-100,beta=0.1,47,0.009924672532116813,0.011510337758120897
CIFAR-100,beta=0.1,48,0.01103323219499224,0.01205624158072406
CIFAR-100,beta=0.1,49,0.011724812185415856,0.012555838424647931
CIFAR-100,beta=0.1,50,0.014719405018953396,0.012961560209007576
CIFAR-100,beta=0.1,51,0.018812035016957315,0.013563081146073918
CIFAR-100,beta=0.1,52,0.012077515737648318,0.014423945823618762
CIFAR-100,beta=0.1,53,0.013571740993298503,0.015110886721129688
CIFAR-100,beta=0.1,54,0.01454000222741635,0.015898727106841523
CIFAR-100,beta=0.1,55,0.017214091335801446,0.01688879297753869
CIFAR-100,beta=0.1,56,0.01551371268736515,0.017629473461986556
CIFAR-100,beta=0.1,57,0.014438412978074324,0.018566065590890475
CIFAR-100,beta=0.1,58,0.01818472033714715,0.01908487986147903
CIFAR-100,beta=0.1,59,0.02200310858728493,0.0197331296283726
CIFAR-100,beta=0.1,60,0.021072600586070862,0.021081530958800682
CIFAR-100,beta=0.1,61,0.023650844184080193,0.021975991742843804
CIFAR-100,beta=0.1,62,0.024775660592574328,0.02294982626570663
CIFAR-100,beta=0.1,63,0.022143439461710233,0.02368405142531558
CIFAR-100,beta=0.1,64,0.02577369411897461,0.024405129930249472
CIFAR-100,beta=0.1,65,0.022501619077781726,0.02521399315156718
CIFAR-100,beta=0.1,66,0.028535781520360848,0.026090941908749003
CIFAR-100,beta=0.1,67,0.03230353569406955,0.0265368325415811
CIFAR-100,beta=0.1,68,0.02698865275394536,0.026985396758650346
CIFAR-100,beta=0.1,69,0.029147520070358767,0.02761159469566858
CIFAR-100,beta=0.1,70,0.0282274687299357,0.028508079556633106
CIFAR-100,beta=0.1,71,0.026329890261373536,0.029419664969792952
CIFAR-100,beta=0.1,72,0.026571361297839897,0.03010828357153098
CIFAR-100,beta=0.1,73,0.03133895169487444,0.03118289142951487
CIFAR-100,beta=0.1,74,0.02869146807976633,0.03193819856571136
CIFAR-100,beta=0.1,75,0.027801063842109584,0.03235396435545835
CIFAR-100,beta=0.1,76,0.033043813239353716,0.03261213304444185
CIFAR-100,beta=0.1,77,0.03822293350704219,0.03352455630777719
CIFAR-100,beta=0.1,78,0.03581722065910796,0.03452305536811052
CIFAR-100,beta=0.1,79,0.03610297314504503,0.035296649977835236
CIFAR-100,beta=0.1,80,0.0386207369475401,0.0365230704880869
CIFAR-100,beta=0.1,81,0.03986538856330822,0.03717590775139874
CIFAR-100,beta=0.1,82,0.03854002254027434,0.03850259113659138
CIFAR-100,beta=0.1,83,0.030861183088697907,0.040470622941997714
CIFAR-100,beta=0.1,84,0.04283386902038884,0.04218961314673394
CIFAR-100,beta=0.1,85,0.04320495463493567,0.04311140174204234
CIFAR-100,beta=0.1,86,0.037933809407244265,0.04423271340311659
CIFAR-100,beta=0.1,87,0.04496766895161496,0.04542642240765667
CIFAR-100,beta=0.1,88,0.04113151064455212,0.04604050961740413
CIFAR-100,beta=0.1,89,0.04859171885765581,0.04660296339046632
CIFAR-100,beta=0.1,90,0.05732154092320459,0.047925880431958154
CIFAR-100,beta=0.1,91,0.05882866631039709,0.04963683014496225
CIFAR-100,beta=0.1,92,0.05204976243666811,0.05120999654467644
CIFAR-100,beta=0.1,93,0.05263689557522189,0.052911534672485286
CIFAR-100,beta=0.1,94,0.054008608213146195,0.053729121285214156
CIFAR-100,beta=0.1,95,0.047832045093751954,0.05488995425095213
CIFAR-100,beta=0.1,96,0.04830219515924105,0.05714213122434737
CIFAR-100,beta=0.1,97,0.058383778162651764,0.05802052014162612
CIFAR-100,beta=0.1,98,0.05652542878375927,0.05795811500732115
CIFAR-100,beta=0.1,99,0.06643136501610174,0.05822586623205503
CIFAR-100,beta=0.1,100,0.06872802655206842,0.05917457658501204
CIFAR-100,beta=0.1,101,0.050197608598177325,0.06002988540969764
CIFAR-100,beta=0.1,102,0.06238016343768464,0.06321851861015554
CIFAR-100,beta=0.1,103,0.07491416524548074,0.06493662417914732
CIFAR-100,beta=0.1,104,0.0617675526168371,0.06652013224698106
CIFAR-100,beta=0.1,105,0.05638546390863007,0.06712015503510499
CIFAR-100,beta=0.1,106,0.06284493468140535,0.06883602928230163
CIFAR-100,beta=0.1,107,0.0662804177310233,0.06859770859731625
CIFAR-100,beta=0.1,108,0.06546652794550596,0.06982171744296692
CIFAR-100,beta=0.1,109,0.10183810622001466,0.07153189611194895
CIFAR-100,beta=0.1,110,0.07360362862862857,0.07235896666289815
CIFAR-100,beta=0.1,111,0.0720548161767471,0.07286240351045578
CIFAR-100,beta=0.1,112,0.06738411998451048,0.07446472272442088
CIFAR-100,beta=0.1,113,0.08226354249170904,0.07671810110068442
CIFAR-100,beta=0.1,114,0.06285655474132092,0.0792391933134101
CIFAR-100,beta=0.1,115,0.08708815923682844,0.08143925379658733
CIFAR-100,beta=0.1,116,0.07585028863290774,0.08281247512791803
CIFAR-100,beta=0.1,117,0.07478622170192264,0.08260107653791268
CIFAR-100,beta=0.1,118,0.08246571795884533,0.08407353281039032
CIFAR-100,beta=0.1,119,0.0858023408263137,0.08549369846665662
CIFAR-100,beta=0.1,120,0.09018613955258302,0.08723862728324179
CIFAR-100,beta=0.1,121,0.10066131787229053,0.08780299099444576
CIFAR-100,beta=0.1,122,0.099281324978682,0.08893771218299613
CIFAR-100,beta=0.1,123,0.08606484791546644,0.08997185458813141
CIFAR-100,beta=0.1,124,0.09866712736993424,0.09219922106645052
CIFAR-100,beta=0.1,125,0.09569047271579303,0.09458293763294431
CIFAR-100,beta=0.1,126,0.09335730102074159,0.09503443114110129
CIFAR-100,beta=0.1,127,0.093558052233288,0.09577448053902272
CIFAR-100,beta=0.1,128,0.09072899815976863,0.09615905523919753
CIFAR-100,beta=0.1,129,0.0798773725695763,0.0963324960919382
CIFAR-100,beta=0.1,130,0.10260029531385768,0.09711116463247652
CIFAR-100,beta=0.1,131,0.10926078580769454,0.0975872966566679
CIFAR-100,beta=0.1,132,0.11054197019932968,0.09714244714114553
CIFAR-100,beta=0.1,133,0.08923812058119998,0.09770585378598315
CIFAR-100,beta=0.1,134,0.09690308179513532,0.09735064714818104
CIFAR-100,beta=0.1,135,0.09595476005520522,0.0989099840353046
CIFAR-100,beta=0.1,136,0.10326293066340045,0.10042911094204371
CIFAR-100,beta=0.1,137,0.11096135308675659,0.10166453721876077
CIFAR-100,beta=0.1,138,0.09320682827833733,0.10143838488722529
CIFAR-100,beta=0.1,139,0.0919943846370985,0.10253759782886415
CIFAR-100,beta=0.1,140,0.10414157238835728,0.10348307903233409
CIFAR-100,beta=0.1,141,0.08802920145370975,0.10564913337026516
CIFAR-100,beta=0.1,142,0.11694810554014182,0.10649481725244439
CIFAR-100,beta=0.1,143,0.11351590176085533,0.1072770886375155
CIFAR-100,beta=0.1,144,0.09840876672033205,0.10919714956000158
CIFAR-100,beta=0.1,145,0.09920801034082535,0.11151206425603653
CIFAR-100,beta=0.1,146,0.12574897993227752,0.1140727753687981
CIFAR-100,beta=0.1,147,0.12472418825137832,0.11711150538113999
CIFAR-100,beta=0.1,148,0.12172893565016614,0.11851222709107471
CIFAR-100,beta=0.1,149,0.10958834002782394,0.12234852932889019
CIFAR-100,beta=0.1,150,0.10768883083127201,0.12383927614477204
CIFAR-100,beta=0.1,151,0.1320638445006917,0.12477153014489795
CIFAR-100,beta=0.1,152,0.14568507352728108,0.12729614056745178
CIFAR-100,beta=0.1,153,0.13161749496976094,0.12956017673244005
CIFAR-100,beta=0.1,154,0.13757533482222675,0.12897474196817268
CIFAR-100,beta=0.1,155,0.12515239803737815,0.12881988908415348
CIFAR-100,beta=0.1,156,0.14557373502094198,0.13020081928344696
CIFAR-100,beta=0.1,157,0.13930930777836942,0.13341864434372058
CIFAR-100,beta=0.1,158,0.12749971176274394,0.13589203648506723
CIFAR-100,beta=0.1,159,0.13627792305863967,0.13515055898086917
CIFAR-100,beta=0.1,160,0.13316855281564893,0.13300549213566182
CIFAR-100,beta=0.1,161,0.11696745846826731,0.13206533788296632
CIFAR-100,beta=0.1,162,0.12240139499109037,0.13195686589542724
CIFAR-100,beta=0.1,163,0.14244288863956805,0.133780676411757
CIFAR-100,beta=0.1,164,0.15785571593192846,0.13455734282299722
CIFAR-100,beta=0.1,165,0.14478971295147158,0.13605074334915324
CIFAR-100,beta=0.1,166,0.12094168193772119,0.13861323769425957
CIFAR-100,beta=0.1,167,0.11350907084917046,0.139869563287066
CIFAR-100,beta=0.1,168,0.11751518117932855,0.13995947452095792
CIFAR-100,beta=0.1,169,0.1359482550091404,0.14263214078566178
CIFAR-100,beta=0.1,170,0.15250955578232472,0.14439775192318022
CIFAR-100,beta=0.1,171,0.1572237311895452,0.1441972098411644
CIFAR-100,beta=0.1,172,0.16171031567070965,0.14352428562998354
CIFAR-100,beta=0.1,173,0.16593712693933912,0.14407877498868413
CIFAR-100,beta=0.1,174,0.15512280695073602,0.14563925099171376
CIFAR-100,beta=0.1,175,0.1345172213240279,0.1489427514523378
CIFAR-100,beta=0.1,176,0.15705745243882552,0.1513438969999298
CIFAR-100,beta=0.1,177,0.14888556205386658,0.15334598044633346
CIFAR-100,beta=0.1,178,0.13943475740933103,0.15261861263513835
CIFAR-100,beta=0.1,179,0.1477618527642155,0.15316955149051478
CIFAR-100,beta=0.1,180,0.15310705333198021,0.15145005446468476
CIFAR-100,beta=0.1,181,0.14434882198316568,0.15002036624516543
CIFAR-100,beta=0.1,182,0.16306157775853097,0.14878189283388601
CIFAR-100,beta=0.1,183,0.15353236439320878,0.15066550403595927
CIFAR-100,beta=0.1,184,0.16597950670519485,0.15046882386563903
CIFAR-100,beta=0.1,185,0.14159903861439815,0.1503405258467618
CIFAR-100,beta=0.1,186,0.16548781402019186,0.1522221243926651
CIFAR-100,beta=0.1,187,0.13591786028325933,0.152543070853569
CIFAR-100,beta=0.1,188,0.14449180364654937,0.15373818366400369
CIFAR-100,beta=0.1,189,0.13654570578154443,0.1568461785771469
CIFAR-100,beta=0.1,190,0.16277138935512672,0.15896422357273063
CIFAR-100,beta=0.1,191,0.1541072498840217,0.16092288805677518
CIFAR-100,beta=0.1,192,0.14696109177070843,0.16250614532416627
CIFAR-100,beta=0.1,193,0.1676587355978804,0.16690866091074458
CIFAR-100,beta=0.1,194,0.1525760496777741,0.16855695548506902
CIFAR-100,beta=0.1,195,0.17103374548850073,0.17005871807649917
CIFAR-100,beta=0.1,196,0.19096874568031408,0.17339053870483934
CIFAR-100,beta=0.1,197,0.19483225269228693,0.17766343951820163
CIFAR-100,beta=0.1,198,0.18291233165387685,0.18089066057645378
CIFAR-100,beta=0.1,199,0.18972836571606103,0.18516034111179971
CIFAR-100,beta=0.1,200,0.20763677241307282,0.1878190749917078
CIFAR-100,beta=0.1,201,0.19021223263505876,0.19134135736980987
CIFAR-100,beta=0.1,202,0.15844429915471142,0.19372818173839648
CIFAR-100,beta=0.1,203,0.19446911307165188,0.19611236641958307
CIFAR-100,beta=0.1,204,0.20063921798197884,0.19547980158094896
CIFAR-100,beta=0.1,205,0.21117970522890883,0.1967320127196827
CIFAR-100,beta=0.1,206,0.21815245791421045,0.19855568800523182
CIFAR-100,beta=0.1,207,0.18684209996933002,0.20090752054674293
CIFAR-100,beta=0.1,208,0.2204929712694109,0.19944188832280313
CIFAR-100,beta=0.1,209,0.18837841520657364,0.19992900789454057
CIFAR-100,beta=0.1,210,0.2067965157063,0.2034451617862724
CIFAR-100,beta=0.1,211,0.18148027310080253,0.2032573930805993
CIFAR-100,beta=0.1,212,0.2136154197732929,0.20431197845544385
CIFAR-100,beta=0.1,213,0.21026746093711388,0.20491267261283277
CIFAR-100,beta=0.1,214,0.22500585383872784,0.20399736964996032
CIFAR-100,beta=0.1,215,0.18565228905397554,0.20324313076982428
CIFAR-100,beta=0.1,216,0.1975190262111197,0.20426539747146033
CIFAR-100,beta=0.1,217,0.21118660753068927,0.2074953004924358
CIFAR-100,beta=0.1,218,0.19165258248655537,0.20838932582474679
CIFAR-100,beta=0.1,219,0.2164579986046474,0.2090007698037778
CIFAR-100,beta=0.1,220,0.22019011758974255,0.20743721520493866
CIFAR-100,beta=0.1,221,0.20442291347112396,0.2051937730801178
CIFAR-100,beta=0.1,222,0.17552851676728928,0.2028947305167333
CIFAR-100,beta=0.1,223,0.235826971793951,0.20374941207362746
CIFAR-100,beta=0.1,224,0.23682696052120605,0.20535297111804227
CIFAR-100,beta=0.1,225,0.22020689569096477,0.20775208289839373
CIFAR-100,beta=0.1,226,0.19065193278626708,0.21118253715392993
CIFAR-100,beta=0.1,227,0.190162100790706,0.21014677546200913
CIFAR-100,beta=0.1,228,0.17661582906480042,0.21243784722029765
CIFAR-100,beta=0.1,229,0.19052021538796043,0.21405129340092088
CIFAR-100,beta=0.1,230,0.1984725124073877,0.21694883110393626
CIFAR-100,beta=0.1,231,0.22157241187734247,0.21714252071587284
CIFAR-100,beta=0.1,232,0.24717328423596116,0.21615370455976204
CIFAR-100,beta=0.1,233,0.2431093963195988,0.2160911249347847
CIFAR-100,beta=0.1,234,0.20092157322583576,0.21792129030405774
CIFAR-100,beta=0.1,235,0.25455619396407025,0.21763208548806925
CIFAR-100,beta=0.1,236,0.2286246061804726,0.22041632454635834
CIFAR-100,beta=0.1,237,0.21899158231251947,0.22239830467016677
CIFAR-100,beta=0.1,238,0.23873231597299965,0.226524013480305
CIFAR-100,beta=0.1,239,0.2219947181795443,0.22843955908023805
CIFAR-100,beta=0.1,240,0.2192682013163046,0.22698919185389355
CIFAR-100,beta=0.1,241,0.2181044133253626,0.22618073607525901
CIFAR-100,beta=0.1,242,0.18582402855087893,0.22915294250907003
CIFAR-100,beta=0.1,243,0.21837941493913665,0.23033880140969842
CIFAR-100,beta=0.1,244,0.2202499172450872,0.23102536214620134
CIFAR-100,beta=0.1,245,0.2603581445594604,0.2334349702271838
CIFAR-100,beta=0.1,246,0.2503055958763385,0.2335013431406014
CIFAR-100,beta=0.1,247,0.22541777584079367,0.2368591192026632
CIFAR-100,beta=0.1,248,0.23098255964008052,0.23913753897902393
CIFAR-100,beta=0.1,249,0.24550466973300128,0.24200936116934244
CIFAR-100,beta=0.1,250,0.2723440774734958,0.2487331384895552
CIFAR-100,beta=0.1,251,0.23892301722801648,0.24980908941008576
CIFAR-100,beta=0.1,252,0.25513570352725623,0.25073990459937934
CIFAR-100,beta=0.1,253,0.23972790967426388,0.25057786744236005
CIFAR-100,beta=0.1,254,0.27236135911047105,0.25060639132500007
CIFAR-100,beta=0.1,255,0.2534444979617157,0.25152336621738547
CIFAR-100,beta=0.1,256,0.2611817461801399,0.2554071827246508
CIFAR-100,beta=0.1,257,0.2866806883540707,0.2557913694582317
CIFAR-100,beta=0.1,258,0.23451867874709514,0.25470731863075596
CIFAR-100,beta=0.1,259,0.23421214508449073,0.2556823415444173
CIFAR-100,beta=0.1,260,0.25792758720417086,0.25233598248822187
CIFAR-100,beta=0.1,261,0.2507334541159394,0.2508724586726607
CIFAR-100,beta=0.1,262,0.2391723992265748,0.2494296141066651
CIFAR-100,beta=0.1,263,0.2892398072490601,0.25102223875669516
CIFAR-100,beta=0.1,264,0.25126747073671546,0.25253246781832944
CIFAR-100,beta=0.1,265,0.256083315061359,0.2473016152664379
CIFAR-100,beta=0.1,266,0.253548360932937,0.24444239958481673
CIFAR-100,beta=0.1,267,0.2049403176843249,0.24243500263765042
CIFAR-100,beta=0.1,268,0.2177750524408461,0.24044443115670575
CIFAR-100,beta=0.1,269,0.25071869062053653,0.24029818288175334
CIFAR-100,beta=0.1,270,0.2773338677121669,0.2430509481063636
CIFAR-100,beta=0.1,271,0.28383518210465447,0.24109554653006846
CIFAR-100,beta=0.1,272,0.20821790007569696,0.24234240684791986
CIFAR-100,beta=0.1,273,0.1916304435227771,0.24292945983148323
CIFAR-100,beta=0.1,274,0.20410119087699594,0.24536090708577354
CIFAR-100,beta=0.1,275,0.22806901499000096,0.25066453171199077
CIFAR-100,beta=0.1,276,0.24853972999165283,0.2520484133679108
CIFAR-100,beta=0.1,277,0.28046387759572905,0.25379813035375515
CIFAR-100,beta=0.1,278,0.2599087836046332,0.25600363928077335
CIFAR-100,beta=0.1,279,0.2699703755044863,0.2562586319196771
CIFAR-100,beta=0.1,280,0.26488910981480984,0.2598407307910394
CIFAR-100,beta=0.1,281,0.2900200697472918,0.26405963286048595
CIFAR-100,beta=0.1,282,0.28449468707758363,0.27081992846413255
CIFAR-100,beta=0.1,283,0.23853327727964566,0.2729837311453196
CIFAR-100,beta=0.1,284,0.27696444540820253,0.2716792842470391
CIFAR-100,beta=0.1,285,0.3104165016174399,0.26692089280777126
CIFAR-100,beta=0.1,286,0.28766007168821134,0.26557830804712607
CIFAR-100,beta=0.1,287,0.2619493831461316,0.2644332424281249
CIFAR-100,beta=0.1,288,0.2549139745644749,0.2652027823451877
CIFAR-100,beta=0.1,289,0.3055056249316955,0.2661130639123802
CIFAR-100,beta=0.1,290,0.2605260552078065,0.26450928897298187
CIFAR-100,beta=0.1,291,0.22897302651744483,0.26582328550856554
CIFAR-100,beta=0.1,292,0.2090880060067113,0.263953786117042
CIFAR-100,beta=0.1,293,0.23977001219495583,0.2613247178202403
CIFAR-100,beta=0.1,294,0.2527943912194687,0.25820888183319113
CIFAR-100,beta=0.1,295,0.2764322085707516,0.25671992125432985
CIFAR-100,beta=0.1,296,0.30367429325518003,0.25450141913264956
CIFAR-100,beta=0.1,297,0.2604380629866086,0.251280727586903
CIFAR-100,beta=0.1,298,0.2582432253134002,0.25257829304790763
CIFAR-100,beta=0.1,299,0.24892195453534924,0.25325095461058056
CIFAR-100,beta=0.1,300,0.27098047716541457,0.2558850259418182
CIFAR-100,beta=0.1,301,0.24092253188247362,0.25837859748232467
CIFAR-100,beta=0.1,302,0.23961497446321295,0.25876614664995706
CIFAR-100,beta=0.1,303,0.22163644273927013,0.2590680951307859
CIFAR-100,beta=0.1,304,0.25719525174549723,0.2574189066916026
CIFAR-100,beta=0.1,305,0.27998953712287655,0.2584236096007419
CIFAR-100,beta=0.1,306,0.23906294995753896,0.2593438589841699
CIFAR-100,beta=0.1,307,0.24859907597527542,0.26055111700160144
CIFAR-100,beta=0.1,308,0.2771735853025526,0.25985912039334036
CIFAR-100,beta=0.1,309,0.2586076287339545,0.2617452226419343
CIFAR-100,beta=0.1,310,0.28096143578318344,0.26293140322372677
CIFAR-100,beta=0.1,311,0.2789364666674308,0.26839837804723254
CIFAR-100,beta=0.1,312,0.275508606623698,0.2706970510067871
CIFAR-100,beta=0.1,313,0.27204696606482004,0.27283524609022763
CIFAR-100,beta=0.1,314,0.26703082479682244,0.2748261088278531
CIFAR-100,beta=0.1,315,0.26060052804149897,0.2751648584987725
CIFAR-100,beta=0.1,316,0.26921406561138206,0.27236442362265734
CIFAR-100,beta=0.1,317,0.2574076831901005,0.27510608177220014
CIFAR-100,beta=0.1,318,0.30364106509185695,0.2765908170340315
CIFAR-100,beta=0.1,319,0.29167534613881535,0.2774716775805388
CIFAR-100,beta=0.1,320,0.31206246337448534,0.27730118028142325
CIFAR-100,beta=0.1,321,0.26892589102191944,0.2780366560083367
CIFAR-100,beta=0.1,322,0.25368032103906674,0.2781415705946453
CIFAR-100,beta=0.1,323,0.23516706216082608,0.27769327459010174
CIFAR-100,beta=0.1,324,0.29973250097709564,0.28013026772951694
CIFAR-100,beta=0.1,325,0.3032324647106533,0.28214453599244527
CIFAR-100,beta=0.1,326,0.29214937486504067,0.2814126626898468
CIFAR-100,beta=0.1,327,0.272951147136966,0.27955246736857403
CIFAR-100,beta=0.1,328,0.2830791019685212,0.2756230866321917
CIFAR-100,beta=0.1,329,0.26860454359145164,0.2744177255844712
CIFAR-100,beta=0.1,330,0.2538760879733456,0.27729014536156577
CIFAR-100,beta=0.1,331,0.30576896270260917,0.27803378348168806
CIFAR-100,beta=0.1,332,0.287621707134026,0.27278912573794806
CIFAR-100,beta=0.1,333,0.2926629655528802,0.2701344616337801
CIFAR-100,beta=0.1,334,0.2637724163197236,0.27097262247585985
CIFAR-100,beta=0.1,335,0.2531217523287513,0.2720548985685141
CIFAR-100,beta=0.1,336,0.25084547530611156,0.27219231391102233
CIFAR-100,beta=0.1,337,0.29676661769548524,0.27355673624627797
CIFAR-100,beta=0.1,338,0.2463216339626601,0.2736020606797115
CIFAR-100,beta=0.1,339,0.22106263482099536,0.27268108798014995
CIFAR-100,beta=0.1,340,0.2634125031481337,0.2715192095559622
CIFAR-100,beta=0.1,341,0.30472178749623713,0.268080100619396
CIFAR-100,beta=0.1,342,0.28918528852678005,0.26731788904277914
CIFAR-100,beta=0.1,343,0.28514033210614376,0.2683291158124335
CIFAR-100,beta=0.1,344,0.28907087862028735,0.26637857154335987
CIFAR-100,beta=0.1,345,0.25455595447484775,0.26662730376022553
CIFAR-100,beta=0.1,346,0.2919543722091865,0.269182363716146
CIFAR-100,beta=0.1,347,0.27019353077121006,0.2713438769823852
CIFAR-100,beta=0.1,348,0.24107633150438734,0.27227173889080536
CIFAR-100,beta=0.1,349,0.25233924267047103,0.26851774889699104
CIFAR-100,beta=0.1,350,0.2682901538735663,0.26890871462385996
CIFAR-100,beta=0.1,351,0.22158731127000628,0.26711556406978265
CIFAR-100,beta=0.1,352,0.30049760094847094,0.2660269940844254
CIFAR-100,beta=0.1,353,0.28464753330146675,0.26508200946635335
CIFAR-100,beta=0.1,354,0.25348533381458316,0.265000747220023
CIFAR-100,beta=0.1,355,0.27733043177443617,0.2633164898442573
CIFAR-100,beta=0.1,356,0.24841193758902244,0.2668439889653549
CIFAR-100,beta=0.1,357,0.2950497744298138,0.268425377641355
CIFAR-100,beta=0.1,358,0.25824307379498374,0.2701789574333761
CIFAR-100,beta=0.1,359,0.27274232883992977,0.2733048239750172
CIFAR-100,beta=0.1,360,0.24038118520376636,0.2719954918414861
CIFAR-100,beta=0.1,361,0.2907354385142306,0.27228685595188
CIFAR-100,beta=0.1,362,0.24492967013472539,0.27362535109428227
CIFAR-100,beta=0.1,363,0.29398881832085083,0.272225879042397
CIFAR-100,beta=0.1,364,0.2760600728104724,0.27273393612407365
CIFAR-100,beta=0.1,365,0.29459385075388367,0.26804029630625736
CIFAR-100,beta=0.1,366,0.26847530939462166,0.26739805351468704
CIFAR-100,beta=0.1,367,0.2808576189455039,0.26947855639518514
CIFAR-100,beta=0.1,368,0.28901799495737546,0.2743109609936716
CIFAR-100,beta=0.1,369,0.27356276095061827,0.27515029443399786
CIFAR-100,beta=0.1,370,0.25633835099615654,0.2804132027850178
CIFAR-100,beta=0.1,371,0.25603279381417254,0.2802432381207382
CIFAR-100,beta=0.1,372,0.22464517716256963,0.2822934581108247
CIFAR-100,beta=0.1,373,0.2486094319214281,0.2816992256458258
CIFAR-100,beta=0.1,374,0.3039498720474015,0.2847806387676517
CIFAR-100,beta=0.1,375,0.312867254181063,0.2831089685251757
CIFAR-100,beta=0.1,376,0.3033254401191248,0.2809923371547807
CIFAR-100,beta=0.1,377,0.32387329540002463,0.28267197282481465
CIFAR-100,beta=0.1,378,0.29143934835665686,0.28583236102169746
CIFAR-100,beta=0.1,379,0.30681337266176917,0.2894463978010141
CIFAR-100,beta=0.1,380,0.2856803637789004,0.29322051851160846
CIFAR-100,beta=0.1,381,0.3146965062220105,0.29596027154300825
CIFAR-100,beta=0.1,382,0.2557825653083639,0.29770964904982256
CIFAR-100,beta=0.1,383,0.2572685244014509,0.2967352269316829
CIFAR-100,beta=0.1,384,0.2987572960011275,0.295104476277647
CIFAR-100,beta=0.1,385,0.3037441739493982,0.29113443795954796
CIFAR-100,beta=0.1,386,0.31024334550392335,0.2945291320775636
CIFAR-100,beta=0.1,387,0.28125698782148467,0.2948648840154058
CIFAR-100,beta=0.1,388,0.28970572739242423,0.2964588655726588
CIFAR-100,beta=0.1,389,0.33019053464961623,0.29788273804462234
CIFAR-100,beta=0.1,390,0.29825092240896794,0.3028974119293271
CIFAR-100,beta=0.1,391,0.27886418030858645,0.3069184562398697
CIFAR-100,beta=0.1,392,0.26432272062854,0.3024552127841851
CIFAR-100,beta=0.1,393,0.34235976012689157,0.2992264597313786
CIFAR-100,beta=0.1,394,0.3118496517294018,0.2968158892220681
CIFAR-100,beta=0.1,395,0.3095900871376954,0.29639630345397977
CIFAR-100,beta=0.1,396,0.3360545933014635,0.29839392678976834
CIFAR-100,beta=0.1,397,0.3310026735789348,0.29753792796182615
CIFAR-100,beta=0.1,398,0.31758418905958896,0.29564665229489656
CIFAR-100,beta=0.1,399,0.2318086441658589,0.29674161247589653
CIFAR-100,beta=0.1,400,0.2553128781573015,0.296357130194546
CIFAR-100,beta=0.1,401,0.2740847878642644,0.2923623852330118
CIFAR-100,beta=0.1,402,0.274963201300161,0.2867755941964244
CIFAR-100,beta=0.1,403,0.31967007742925296,0.28357744795213186
CIFAR-100,beta=0.1,404,0.3173505522304832,0.2803884007289063
CIFAR-100,beta=0.1,405,0.269881787405024,0.2784364486649515
CIFAR-100,beta=0.1,406,0.2952885830235856,0.27310707465399986
CIFAR-100,beta=0.1,407,0.2585554864082822,0.2760263419422748
CIFAR-100,beta=0.1,408,0.28243858570387814,0.27742915140067764
CIFAR-100,beta=0.1,409,0.22804778618059135,0.27876635280749523
CIFAR-100,beta=0.1,410,0.2616178934733073,0.2820785289492273
CIFAR-100,beta=0.1,411,0.288218884953081,0.28128970913847695
CIFAR-100,beta=0.1,412,0.30172339261961234,0.278880038580424
CIFAR-100,beta=0.1,413,0.237643578895314,0.28003289173983387
CIFAR-100,beta=0.1,414,0.2755976534899833,0.27992850789553503
CIFAR-100,beta=0.1,415,0.2763550200333441,0.2828891089677452
CIFAR-100,beta=0.1,416,0.29414280896652784,0.28523866287557703
CIFAR-100,beta=0.1,417,0.32464584342614144,0.29071843346944476
CIFAR-100,beta=0.1,418,0.3078377802679985,0.2944215381781437
CIFAR-100,beta=0.1,419,0.2812054938596892,0.29588407432800157
CIFAR-100,beta=0.1,420,0.2871745847961724,0.29585810904591414
CIFAR-100,beta=0.1,421,0.29372282535910293,0.300122029248784
CIFAR-100,beta=0.1,422,0.30296450249143503,0.30281842213523946
CIFAR-100,beta=0.1,423,0.31768189432135513,0.3017655411170534
CIFAR-100,beta=0.1,424,0.3102443450886077,0.29927747780750863
CIFAR-100,beta=0.1,425,0.3171644641037908,0.2958635970484941
CIFAR-100,beta=0.1,426,0.3101569272009498,0.29469949837256026
CIFAR-100,beta=0.1,427,0.3013339133883,0.295760724414116
CIFAR-100,beta=0.1,428,0.3016023819383625,0.2972859917944039
CIFAR-100,beta=0.1,429,0.316043546786815,0.29665854350178766
CIFAR-100,beta=0.1,430,0.2605618047605521,0.29782910978401855
CIFAR-100,beta=0.1,431,0.2568218593233568,0.2980292193794446
CIFAR-100,beta=0.1,432,0.27343763204092364,0.2984961460519334
CIFAR-100,beta=0.1,433,0.29037630012899174,0.2977209205171588
CIFAR-100,beta=0.1,434,0.2971238844830245,0.29839270303746396
CIFAR-100,beta=0.1,435,0.3100535955004912,0.2987204762016496
CIFAR-100,beta=0.1,436,0.2843111009698601,0.29836328454644767
CIFAR-100,beta=0.1,437,0.3205229967248985,0.29824376667702873
CIFAR-100,beta=0.1,438,0.32068353825274476,0.29844765335298196
CIFAR-100,beta=0.1,439,0.31724824517593964,0.3007158015686337
CIFAR-100,beta=0.1,440,0.30553608108217156,0.3003175488078267
CIFAR-100,beta=0.1,441,0.3202336650055268,0.29780709975041225
CIFAR-100,beta=0.1,442,0.30625051085108423,0.29682798555742995
CIFAR-100,beta=0.1,443,0.296244507110334,0.2937074291236719
CIFAR-100,beta=0.1,444,0.314250778745531,0.29211869009316416
CIFAR-100,beta=0.1,445,0.2636201048998509,0.29054008346729293
CIFAR-100,beta=0.1,446,0.2908440825581328,0.28991774596864955
CIFAR-100,beta=0.1,447,0.2674638406288186,0.2872128001888772
CIFAR-100,beta=0.1,448,0.2527195642677756,0.2873860853089933
CIFAR-100,beta=0.1,449,0.2824371715882894,0.2883168175920176
CIFAR-100,beta=0.1,450,0.2632452489941202,0.28826477048189014
CIFAR-100,beta=0.1,451,0.2604800155122444,0.2893505198789645
CIFAR-100,beta=0.1,452,0.29684389733683036,0.2869189939433497
CIFAR-100,beta=0.1,453,0.31134847577309416,0.2901328533597884
CIFAR-100,beta=0.1,454,0.2766740584793539,0.2896944033242768
CIFAR-100,beta=0.1,455,0.30813535788391333,0.29507675140941475
CIFAR-100,beta=0.1,456,0.33419464925089176,0.3012230789344912
CIFAR-100,beta=0.1,457,0.30546980419917125,0.302641545212153
CIFAR-100,beta=0.1,458,0.3125307480664494,0.3078346735373698
CIFAR-100,beta=0.1,459,0.2777778897113093,0.3121388381500101
CIFAR-100,beta=0.1,460,0.31182799614643086,0.3141679744836315
CIFAR-100,beta=0.1,461,0.2842673320254597,0.3169380826728712
CIFAR-100,beta=0.1,462,0.3481990619058879,0.32088796300692024
CIFAR-100,beta=0.1,463,0.34491447714392137,0.32396590795384517
CIFAR-100,beta=0.1,464,0.3037141657532167,0.32205090969053773
CIFAR-100,beta=0.1,465,0.34114217387237283,0.32022736501598165
CIFAR-100,beta=0.1,466,0.3250424847018491,0.31788991803309613
CIFAR-100,beta=0.1,467,0.32728094234115107,0.3213161387627045
CIFAR-100,beta=0.1,468,0.35290009861169047,0.3237482461702606
CIFAR-100,beta=0.1,469,0.3359222634900886,0.32660542804626197
CIFAR-100,beta=0.1,470,0.3543045320877868,0.324070652129867
CIFAR-100,beta=0.1,471,0.3054696753012797,0.3214237549819838
CIFAR-100,beta=0.1,472,0.2781166340808302,0.3230737829549416
CIFAR-100,beta=0.1,473,0.27746904332316735,0.32272050829584853
CIFAR-100,beta=0.1,474,0.32917120065543437,0.3247200821017036
CIFAR-100,beta=0.1,475,0.3483096072597732,0.32132836836381407
CIFAR-100,beta=0.1,476,0.3271250601654803,0.31739853949679625
CIFAR-100,beta=0.1,477,0.31017742315996283,0.31445305582416666
CIFAR-100,beta=0.1,478,0.30521101992567273,0.3113946853714309
CIFAR-100,beta=0.1,479,0.32846458534758294,0.31075219307850094
CIFAR-100,beta=0.1,480,0.33584305398597736,0.31235055518845883
CIFAR-100,beta=0.1,481,0.3550360917896764,0.31147871020554996
CIFAR-100,beta=0.1,482,0.27640523627280844,0.31169474259338154
CIFAR-100,beta=0.1,483,0.29395266560642314,0.3102324064272133
CIFAR-100,beta=0.1,484,0.2917400084006448,0.31031713742249334
CIFAR-100,beta=0.1,485,0.3084289752967501,0.30984524930626767
CIFAR-100,beta=0.1,486,0.2958322909073308,0.3129537059634409
CIFAR-100,beta=0.1,487,0.30209206573019876,0.3138561651245089
CIFAR-100,beta=0.1,488,0.2643913685795335,0.31448177455932
CIFAR-100,beta=0.1,489,0.3324116864729072,0.3115880450980339
CIFAR-100,beta=0.1,490,0.3263745647672504,0.31275765298063246
CIFAR-100,beta=0.1,491,0.32839602509468035,0.3161254875722757
CIFAR-100,beta=0.1,492,0.30309910141657753,0.3163126320871596
CIFAR-100,beta=0.1,493,0.35183786978327164,0.31668183715550097
CIFAR-100,beta=0.1,494,0.3420014727636034,0.31789082118313694
CIFAR-100,beta=0.1,495,0.34522719550814474,0.3186824868892484
CIFAR-100,beta=0.1,496,0.3116301498703844,0.3219875324054042
CIFAR-100,beta=0.1,497,0.29394935451178666,0.3207578900620017
CIFAR-100,beta=0.1,498,0.3444701844810719,0.3199307224989764
CIFAR-100,beta=0.1,499,0.2945471761239034,0.3189687909141224
CIFAR-100,beta=0.1,500,0.3139670513218705,0.3196933209078086
TinyImageNet,IID,1,9.997323145727687e-05,0.00048239330627020225
TinyImageNet,IID,2,0.0002323104126603557,0.0009551550395124225
TinyImageNet,IID,3,0.0008386593489863988,0.0016648380807360117
TinyImageNet,IID,4,0.001905890456415554,0.002742187203502105
TinyImageNet,IID,5,0.003409305364152819,0.004155787579294509
TinyImageNet,IID,6,0.005067754520022403,0.005902252816591221
TinyImageNet,IID,7,0.00764141709081993,0.00808474398933865
TinyImageNet,IID,8,0.00999517586200411,0.010672585499736816
TinyImageNet,IID,9,0.012457567073737335,0.013701563503919227
TinyImageNet,IID,10,0.016116097558218405,0.016756232277303783
TinyImageNet,IID,11,0.020020781029202718,0.020216593626014225
TinyImageNet,IID,12,0.024612151393429697,0.024016271840217186
TinyImageNet,IID,13,0.0264504359337143,0.028396923454924713
TinyImageNet,IID,14,0.031863946531793017,0.032822595894998245
TinyImageNet,IID,15,0.036592923361424855,0.03749522388562567
TinyImageNet,IID,16,0.04312212837669005,0.042485491979343
TinyImageNet,IID,17,0.04709580463873308,0.047807281559609546
TinyImageNet,IID,18,0.052729176963594714,0.053446022254329525
TinyImageNet,IID,19,0.05954402804945101,0.05946050484040251
TinyImageNet,IID,20,0.0637029629955801,0.06564967392359004
TinyImageNet,IID,21,0.0713351313948329,0.07243108953482362
TinyImageNet,IID,22,0.07869430146393572,0.07903627065062031
TinyImageNet,IID,23,0.08644631195900275,0.08503312560566656
TinyImageNet,IID,24,0.09456571391736816,0.09180151434177648
TinyImageNet,IID,25,0.09896544477417164,0.09880219707842818
TinyImageNet,IID,26,0.10152201273477465,0.10532713170943761
TinyImageNet,IID,27,0.11108168414834965,0.11283227040398772
TinyImageNet,IID,28,0.12033991055139467,0.12062467435239013
TinyImageNet,IID,29,0.12436884388100174,0.12812365708601892
TinyImageNet,IID,30,0.1389822828208534,0.13653641671546313
TinyImageNet,IID,31,0.14911254155618506,0.14378049948751362
TinyImageNet,IID,32,0.15145832390957303,0.15116118416974347
TinyImageNet,IID,33,0.16041133014088435,0.16005037515487125
TinyImageNet,IID,34,0.16179026355270307,0.1674508495822099
TinyImageNet,IID,35,0.17200470332700366,0.17640494507851412
TinyImageNet,IID,36,0.18659318077689624,0.1848348745159831
TinyImageNet,IID,37,0.19078560381222406,0.1946819354489741
TinyImageNet,IID,38,0.21179121003031462,0.2050335332899147
TinyImageNet,IID,39,0.21046782997185573,0.21390137654305705
TinyImageNet,IID,40,0.22934075667182138,0.22143756298163955
TinyImageNet,IID,41,0.2342514484392873,0.23109582368844256
TinyImageNet,IID,42,0.23407960609900025,0.23874563307900729
TinyImageNet,IID,43,0.23934648584697354,0.24735262823918228
TinyImageNet,IID,44,0.2583934287598452,0.256411967417462
TinyImageNet,IID,45,0.26533987576426765,0.26518647034875975
TinyImageNet,IID,46,0.27071679609308047,0.2773932182413978
TinyImageNet,IID,47,0.2927561309197791,0.2885810407028048
TinyImageNet,IID,48,0.2956729689583722,0.29903538659288176
TinyImageNet,IID,49,0.3195268413474664,0.3057620878111462
TinyImageNet,IID,50,0.31766124307682286,0.3123216845607467
TinyImageNet,IID,51,0.33157384999038364,0.3171781809068036
TinyImageNet,IID,52,0.31242678429211856,0.32404141483462695
TinyImageNet,IID,53,0.3166339733402842,0.32416581328830285
TinyImageNet,IID,54,0.32675160534217734,0.3249423286455262
TinyImageNet,IID,55,0.343715606453136,0.32443279627676386
TinyImageNet,IID,56,0.32039763052319736,0.32819037557155717
TinyImageNet,IID,57,0.3230968505773867,0.33238392123425164
TinyImageNet,IID,58,0.32800712340904686,0.33518288651301487
TinyImageNet,IID,59,0.3387298393556718,0.3370378672249638
TinyImageNet,IID,60,0.34598879297914537,0.34154019473107994
TinyImageNet,IID,61,0.34634436229352017,0.34456052894579076
TinyImageNet,IID,62,0.35670047143677835,0.34748332983512403
TinyImageNet,IID,63,0.35191392306601027,0.3505171116774705
TinyImageNet,IID,64,0.34423919008036263,0.35252139451072984
TinyImageNet,IID,65,0.34846672963437986,0.3540297295202195
TinyImageNet,IID,66,0.3599663122520972,0.35381653198360036
TinyImageNet,IID,67,0.3600187728119605,0.3559532295477148
TinyImageNet,IID,68,0.3569027073599475,0.3577882985814368
TinyImageNet,IID,69,0.35520808868044507,0.3607818807734848
TinyImageNet,IID,70,0.36687080601481126,0.3642085497379614
TinyImageNet,IID,71,0.35708467331641686,0.3673082743973878
TinyImageNet,IID,72,0.36942180497871535,0.3696459844651512
TinyImageNet,IID,73,0.3839529950034338,0.373049745343947
TinyImageNet,IID,74,0.381716845427945,0.37603318889564674
TinyImageNet,IID,75,0.37326667783429157,0.38184473642127204
TinyImageNet,IID,76,0.3790344148320154,0.38648849806217694
TinyImageNet,IID,77,0.3877549108767093,0.3886676791458208
TinyImageNet,IID,78,0.39776550599579397,0.3907913592230124
TinyImageNet,IID,79,0.4019281364650493,0.39273167914880663
TinyImageNet,IID,80,0.3992072625889412,0.39352305767868184
TinyImageNet,IID,81,0.3965826059682865,0.3949296434574308
TinyImageNet,IID,82,0.38684891731485127,0.3945320340086908
TinyImageNet,IID,83,0.3845740645411415,0.39386521216041837
TinyImageNet,IID,84,0.3976010113279524,0.3918024574896775
TinyImageNet,IID,85,0.3949822398546135,0.39535651139117245
TinyImageNet,IID,86,0.3972603835271424,0.400275139790061
TinyImageNet,IID,87,0.384767979893755,0.4047092731840603
TinyImageNet,IID,88,0.4214609832787513,0.40460080033673484
TinyImageNet,IID,89,0.4212793161070711,0.4062491996308534
TinyImageNet,IID,90,0.41561299829913667,0.40630960479519485
TinyImageNet,IID,91,0.39684170139667424,0.409389366621275
TinyImageNet,IID,92,0.4065210349134434,0.40966190690890225
TinyImageNet,IID,93,0.3976832196775325,0.4096604459326784
TinyImageNet,IID,94,0.406326312676316,0.4104886930218793
TinyImageNet,IID,95,0.4233687652921426,0.4134338047462448
TinyImageNet,IID,96,0.4212690892735035,0.4165782110345495
TinyImageNet,IID,97,0.42141072792354317,0.4222332845506709
TinyImageNet,IID,98,0.41745748346723277,0.4266536304955374
TinyImageNet,IID,99,0.42853187893157624,0.4286393403524287
TinyImageNet,IID,100,0.4372687342903818,0.4309250039262685
TinyImageNet,beta=0.5,1,9.987276761316763e-05,0.0003788951358960319
TinyImageNet,beta=0.5,2,0.00023509893033749475,0.0007283735291160331
TinyImageNet,beta=0.5,3,0.000548865276511528,0.0012894124590154283
TinyImageNet,beta=0.5,4,0.0014688106739705303,0.0021149638389188095
TinyImageNet,beta=0.5,5,0.002546221520153176,0.003233813020109913
TinyImageNet,beta=0.5,6,0.0040271452769089335,0.004690766154310641
TinyImageNet,beta=0.5,7,0.005878732426936836,0.006269655995745143
TinyImageNet,beta=0.5,8,0.007931817035950896,0.0083311386379859
TinyImageNet,beta=0.5,9,0.010433770869742596,0.010834061636619218
TinyImageNet,beta=0.5,10,0.011601094166553036,0.013173495496205369
TinyImageNet,beta=0.5,11,0.015899189169655836,0.015964279149363145
TinyImageNet,beta=0.5,12,0.0200666825105864,0.01870726344706734
TinyImageNet,beta=0.5,13,0.020403182294012,0.022492815543271837
TinyImageNet,beta=0.5,14,0.025414217999041245,0.026502773300340295
TinyImageNet,beta=0.5,15,0.02713270711988027,0.030736254947023145
TinyImageNet,beta=0.5,16,0.03693263554317406,0.034682138487676414
TinyImageNet,beta=0.5,17,0.039670798466032255,0.03909701050985298
TinyImageNet,beta=0.5,18,0.04553356069643582,0.044184243578592325
TinyImageNet,beta=0.5,19,0.04768786729515925,0.049549915271167526
TinyImageNet,beta=0.5,20,0.051307286449248,0.05506084749922243
TinyImageNet,beta=0.5,21,0.06102484948021669,0.059827516606489245
TinyImageNet,beta=0.5,22,0.06469240896790668,0.06483634878346466
TinyImageNet,beta=0.5,23,0.07550916113955833,0.07102185918606087
TinyImageNet,beta=0.5,24,0.07303748221689997,0.07760622459503891
TinyImageNet,beta=0.5,25,0.08059538593526366,0.08281548213988449
TinyImageNet,beta=0.5,26,0.09098644011333272,0.08876061878650272
TinyImageNet,beta=0.5,27,0.0973978443120943,0.0931246493213078
TinyImageNet,beta=0.5,28,0.09748965229413568,0.0998498921396327
TinyImageNet,beta=0.5,29,0.10630836549423447,0.10489639324626103
TinyImageNet,beta=0.5,30,0.10605737488319382,0.11037357535543824
TinyImageNet,beta=0.5,31,0.12011418194517431,0.11558036615731626
TinyImageNet,beta=0.5,32,0.11592089368166195,0.12205245560855546
TinyImageNet,beta=0.5,33,0.1293267148775731,0.12877518111121095
TinyImageNet,beta=0.5,34,0.13384537992524057,0.13615719469291931
TinyImageNet,beta=0.5,35,0.14279427845281012,0.14305852990538465
TinyImageNet,beta=0.5,36,0.15336744401282268,0.15173862370643335
TinyImageNet,beta=0.5,37,0.15773146995515244,0.16037447092529716
TinyImageNet,beta=0.5,38,0.1684235284324316,0.17139572811586112
TinyImageNet,beta=0.5,39,0.17668155028900312,0.1779153634644399
TinyImageNet,beta=0.5,40,0.18977764540961956,0.18369342152209556
TinyImageNet,beta=0.5,41,0.2109941802591883,0.1910508968795096
TinyImageNet,beta=0.5,42,0.1884317258928618,0.19931981642586663
TinyImageNet,beta=0.5,43,0.19381385041641228,0.2070373258040605
TinyImageNet,beta=0.5,44,0.20923379745705076,0.2141573521891181
TinyImageNet,beta=0.5,45,0.22630596525693075,0.2196853361920394
TinyImageNet,beta=0.5,46,0.23070411593636025,0.22674480273710354
TinyImageNet,beta=0.5,47,0.23961783010502283,0.23545961078832375
TinyImageNet,beta=0.5,48,0.24969006827963725,0.24374362177539788
TinyImageNet,beta=0.5,49,0.23784799170831078,0.25140270640747486
TinyImageNet,beta=0.5,50,0.25481750677495374,0.2561652992052058
TinyImageNet,beta=0.5,51,0.26722187436656963,0.2605327200429494
TinyImageNet,beta=0.5,52,0.27991955768146987,0.26320485589018827
TinyImageNet,beta=0.5,53,0.2640422655204769,0.26998103587828787
TinyImageNet,beta=0.5,54,0.2701897759692281,0.27333449496603623
TinyImageNet,beta=0.5,55,0.2683950192103093,0.275688497059655
TinyImageNet,beta=0.5,56,0.2852812516250077,0.2783233091315929
TinyImageNet,beta=0.5,57,0.27829172038919237,0.28205143955328327
TinyImageNet,beta=0.5,58,0.28369988902190085,0.2844843406871069
TinyImageNet,beta=0.5,59,0.29836324218503546,0.2875845949378052
TinyImageNet,beta=0.5,60,0.29013917847230936,0.2893404963799165
TinyImageNet,beta=0.5,61,0.2872200839059931,0.29339625939042335
TinyImageNet,beta=0.5,62,0.2900967989651977,0.2978284362476765
TinyImageNet,beta=0.5,63,0.2975725617197867,0.298466809739063
TinyImageNet,beta=0.5,64,0.3066820614627405,0.30147047678507655
TinyImageNet,beta=0.5,65,0.31472512702267286,0.3033676170327537
TinyImageNet,beta=0.5,66,0.30283185662474094,0.30731650969936664
TinyImageNet,beta=0.5,67,0.31116484779440423,0.3106551473202708
TinyImageNet,beta=0.5,68,0.30050006563973347,0.3102745654605109
TinyImageNet,beta=0.5,69,0.3177390476314878,0.31143386974616577
TinyImageNet,beta=0.5,70,0.3209430250661157,0.31296748262638086
TinyImageNet,beta=0.5,71,0.30401798844442185,0.3151276296018877
TinyImageNet,beta=0.5,72,0.3228402570222562,0.3172379423913265
TinyImageNet,beta=0.5,73,0.31356714678624664,0.32147100422861047
TinyImageNet,beta=0.5,74,0.3262858766229525,0.32161169320847377
TinyImageNet,beta=0.5,75,0.31527225516580526,0.3251004222882505
TinyImageNet,beta=0.5,76,0.3473704804924752,0.32590280276992534
TinyImageNet,beta=0.5,77,0.3219278479251588,0.329192398728736
TinyImageNet,beta=0.5,78,0.32843909200285915,0.33228442959330823
TinyImageNet,beta=0.5,79,0.3284569203939804,0.3366314296035931
TinyImageNet,beta=0.5,80,0.3365943184979209,0.33373765483650863
TinyImageNet,beta=0.5,81,0.34793009267495795,0.3356159894167811
TinyImageNet,beta=0.5,82,0.3457012552377994,0.33784131122000205
TinyImageNet,beta=0.5,83,0.3271140571228838,0.3422460539709849
TinyImageNet,beta=0.5,84,0.33507618998706623,0.34150357363333217
TinyImageNet,beta=0.5,85,0.34401634462540603,0.3404890475869872
TinyImageNet,beta=0.5,86,0.3592901196508602,0.3398429847777975
TinyImageNet,beta=0.5,87,0.33139695613435155,0.3437118626696665
TinyImageNet,beta=0.5,88,0.3408284103505435,0.3451335484708554
TinyImageNet,beta=0.5,89,0.34117881557347124,0.3472555992334807
TinyImageNet,beta=0.5,90,0.35419620236596694,0.347463332533002
TinyImageNet,beta=0.5,91,0.34502799059538913,0.34959582749995977
TinyImageNet,beta=0.5,92,0.3588706999637824,0.3525852528710078
TinyImageNet,beta=0.5,93,0.36074425274750965,0.35666410435815954
TinyImageNet,beta=0.5,94,0.34632442090305554,0.3581877346374287
TinyImageNet,beta=0.5,95,0.3617543879478796,0.3622189962198933
TinyImageNet,beta=0.5,96,0.36973077598353365,0.3625362514254534
TinyImageNet,beta=0.5,97,0.36486161432085124,0.3669122057092733
TinyImageNet,beta=0.5,98,0.37324682167264084,0.37334813597087224
TinyImageNet,beta=0.5,99,0.36109148640270333,0.37757978522606783
TinyImageNet,beta=0.5,100,0.39137593273424864,0.38067195047617
TinyImageNet,beta=0.3,1,9.996370178207332e-05,0.0003570445716973111
TinyImageNet,beta=0.3,2,0.00021599016292228043,0.0006460345822305073
TinyImageNet,beta=0.3,3,0.0005311072375933705,0.0011477499347464044
TinyImageNet,beta=0.3,4,0.0013523597942372337,0.001936175406312916
TinyImageNet,beta=0.3,5,0.002122893775514446,0.002842861362539982
TinyImageNet,beta=0.3,6,0.0036119711693933542,0.0038268548237099637
TinyImageNet,beta=0.3,7,0.0056189420027476554,0.005330805559962847
TinyImageNet,beta=0.3,8,0.006446765395371536,0.007155605538924277
TinyImageNet,beta=0.3,9,0.007103944391112149,0.009139568037917094
TinyImageNet,beta=0.3,10,0.011058762391363556,0.01137841808919194
TinyImageNet,beta=0.3,11,0.014125959646967248,0.014051376189370754
TinyImageNet,beta=0.3,12,0.016010631268464165,0.016735292025879398
TinyImageNet,beta=0.3,13,0.019283921528317274,0.02002534551694235
TinyImageNet,beta=0.3,14,0.02432964870399936,0.02316965256788618
TinyImageNet,beta=0.3,15,0.025234176250932033,0.02689628314407485
TinyImageNet,beta=0.3,16,0.03013431882855281,0.03128888339877822
TinyImageNet,beta=0.3,17,0.033068911747970386,0.03486136361572705
TinyImageNet,beta=0.3,18,0.04021237368028795,0.03836777890778013
TinyImageNet,beta=0.3,19,0.04675883305138777,0.043782887500797604
TinyImageNet,beta=0.3,20,0.04429128304695908,0.048470922648278646
TinyImageNet,beta=0.3,21,0.048874555748370886,0.053747905627350316
TinyImageNet,beta=0.3,22,0.06313993640205437,0.05786944568743085
TinyImageNet,beta=0.3,23,0.06295056486092014,0.06201054582798024
TinyImageNet,beta=0.3,24,0.07000779260147207,0.067770605604914
TinyImageNet,beta=0.3,25,0.06906315410085166,0.07393256223836231
TinyImageNet,beta=0.3,26,0.07574653403523351,0.07922460563023595
TinyImageNet,beta=0.3,27,0.08461170148549536,0.084965212492603
TinyImageNet,beta=0.3,28,0.09200825218250908,0.09131497895145009
TinyImageNet,beta=0.3,29,0.10018424014516987,0.09878089489409958
TinyImageNet,beta=0.3,30,0.10313481289748942,0.10581274211831856
TinyImageNet,beta=0.3,31,0.11445615781340171,0.11163704709995621
TinyImageNet,beta=0.3,32,0.12132456569939817,0.11700892980937871
TinyImageNet,beta=0.3,33,0.12496946460476652,0.12141701691617057
TinyImageNet,beta=0.3,34,0.12538183635695882,0.1281341383801735
TinyImageNet,beta=0.3,35,0.1296114311484666,0.13321702897528892
TinyImageNet,beta=0.3,36,0.1310408498927129,0.13911663769599178
TinyImageNet,beta=0.3,37,0.15015466314551007,0.1427366907641304
TinyImageNet,beta=0.3,38,0.15003639197920937,0.1491977065147024
TinyImageNet,beta=0.3,39,0.1626218267443182,0.15721182477771606
TinyImageNet,beta=0.3,40,0.15030983608173693,0.16359008126669206
TinyImageNet,beta=0.3,41,0.17060894661096287,0.16911752826877313
TinyImageNet,beta=0.3,42,0.1857102589895623,0.17642803753814523
TinyImageNet,beta=0.3,43,0.17568864531554457,0.18341945191349301
TinyImageNet,beta=0.3,44,0.18884679216007777,0.19273144833780428
TinyImageNet,beta=0.3,45,0.2012099568648141,0.19882049541462804
TinyImageNet,beta=0.3,46,0.21156172737175258,0.20382936045378708
TinyImageNet,beta=0.3,47,0.21549381105191592,0.21394870238907276
TinyImageNet,beta=0.3,48,0.213232276148729,0.21992492895765367
TinyImageNet,beta=0.3,49,0.22077231426367572,0.22538808098081292
TinyImageNet,beta=0.3,50,0.24652403886254431,0.23449204564218112
TinyImageNet,beta=0.3,51,0.23068037814014414,0.2387858350141496
TinyImageNet,beta=0.3,52,0.2394520210269288,0.2431278317726373
TinyImageNet,beta=0.3,53,0.27528948000133013,0.24985665831920545
TinyImageNet,beta=0.3,54,0.24555033665569517,0.2536729930317941
TinyImageNet,beta=0.3,55,0.24362625345814312,0.2598510351568284
TinyImageNet,beta=0.3,56,0.26787410008965284,0.26244287332229954
TinyImageNet,beta=0.3,57,0.2732383818506647,0.26225672966370467
TinyImageNet,beta=0.3,58,0.2739266730153841,0.2651997703650573
TinyImageNet,beta=0.3,59,0.25759488818522663,0.2706224320801036
TinyImageNet,beta=0.3,60,0.27398647439116613,0.26840613943157593
TinyImageNet,beta=0.3,61,0.26615162156516387,0.2672195327839224
TinyImageNet,beta=0.3,62,0.2815848854634675,0.2690979690208322
TinyImageNet,beta=0.3,63,0.2523600515499588,0.2711180437124813
TinyImageNet,beta=0.3,64,0.26493213531709003,0.27091262476496863
TinyImageNet,beta=0.3,65,0.2870757266737527,0.27195012951127817
TinyImageNet,beta=0.3,66,0.2717354110267707,0.2722167605145294
TinyImageNet,beta=0.3,67,0.27254854175857723,0.27788079416693817
TinyImageNet,beta=0.3,68,0.27341415478933045,0.28430215319537694
TinyImageNet,beta=0.3,69,0.2834513024862259,0.28622012283367027
TinyImageNet,beta=0.3,70,0.2920082871168203,0.28924857084994
TinyImageNet,beta=0.3,71,0.30988164851616135,0.2924207070390673
TinyImageNet,beta=0.3,72,0.3005015141418062,0.2975532471302492
TinyImageNet,beta=0.3,73,0.2929345471406586,0.3014569696970039
TinyImageNet,beta=0.3,74,0.2947534950824687,0.30158346678647624
TinyImageNet,beta=0.3,75,0.30934193542760335,0.29980190840613896
TinyImageNet,beta=0.3,76,0.3107773604535093,0.29928119741524845
TinyImageNet,beta=0.3,77,0.29289376674312656,0.3002724789618816
TinyImageNet,beta=0.3,78,0.2974107398538003,0.3013101093686123
TinyImageNet,beta=0.3,79,0.29685653720557303,0.30076906311496043
TinyImageNet,beta=0.3,80,0.29987351796708994,0.30092713766013246
TinyImageNet,beta=0.3,81,0.3020169079295837,0.30251966977510963
TinyImageNet,beta=0.3,82,0.3055546116520403,0.3042107479618706
TinyImageNet,beta=0.3,83,0.3118838822697137,0.3087589788822427
TinyImageNet,beta=0.3,84,0.30404149154796645,0.3121773145576313
TinyImageNet,beta=0.3,85,0.30924828716112707,0.314953940316551
TinyImageNet,beta=0.3,86,0.3286941536481778,0.3148790900458003
TinyImageNet,beta=0.3,87,0.32380186769481006,0.3159801904780336
TinyImageNet,beta=0.3,88,0.3214532882420217,0.3185289419164078
TinyImageNet,beta=0.3,89,0.30503065975678545,0.3201504071918507
TinyImageNet,beta=0.3,90,0.3195915852953468,0.31918241507174305
TinyImageNet,beta=0.3,91,0.3218827516165855,0.3185743769861311
TinyImageNet,beta=0.3,92,0.32059854408922817,0.3191639076512049
TinyImageNet,beta=0.3,93,0.32191820880742394,0.3250086216772152
TinyImageNet,beta=0.3,94,0.3195456010955263,0.32507210659679314
TinyImageNet,beta=0.3,95,0.32558000289753825,0.32788775489026645
TinyImageNet,beta=0.3,96,0.3459436579388576,0.3325630169832816
TinyImageNet,beta=0.3,97,0.3200359797323925,0.33259743335497266
TinyImageNet,beta=0.3,98,0.3415922896708987,0.3329707936855062
TinyImageNet,beta=0.3,99,0.35332537874033404,0.33248209661575234
TinyImageNet,beta=0.3,100,0.32215912340926134,0.32908430596866717
TinyImageNet,beta=0.1,1,9.982860734881792e-05,0.0002646419224110259
TinyImageNet,beta=0.1,2,0.00020799230925036587,0.0004382955596941446
TinyImageNet,beta=0.1,3,0.00044279106510942533,0.0007035976400249472
TinyImageNet,beta=0.1,4,0.0008023956531221187,0.0011400206374808301
TinyImageNet,beta=0.1,5,0.0013154040683306487,0.0015504304373638424
TinyImageNet,beta=0.1,6,0.001956943169664436,0.0021875778557763677
TinyImageNet,beta=0.1,7,0.003154789589539999,0.0031637792476493297
TinyImageNet,beta=0.1,8,0.002972697206529905,0.004312465998678235
TinyImageNet,beta=0.1,9,0.004668024238138042,0.005604008041947057
TinyImageNet,beta=0.1,10,0.007276200808220159,0.007387084670024089
TinyImageNet,beta=0.1,11,0.008843202910324456,0.009087834976038118
TinyImageNet,beta=0.1,12,0.010356198371212403,0.010923289580209593
TinyImageNet,beta=0.1,13,0.014438479566203661,0.012490861718203806
TinyImageNet,beta=0.1,14,0.015060041731638208,0.014634723406394464
TinyImageNet,beta=0.1,15,0.01582087943573023,0.016117500653460078
TinyImageNet,beta=0.1,16,0.015641029204097524,0.01821661349236891
TinyImageNet,beta=0.1,17,0.02228323262555477,0.01980713577906043
TinyImageNet,beta=0.1,18,0.019222643639783755,0.022155053874475607
TinyImageNet,beta=0.1,19,0.02504998824357421,0.0239232714621453
TinyImageNet,beta=0.1,20,0.02557213557304432,0.027247273831241557
TinyImageNet,beta=0.1,21,0.03149546839954442,0.029412929969747058
TinyImageNet,beta=0.1,22,0.028198402549418123,0.03243532863962903
TinyImageNet,beta=0.1,23,0.038909045787771324,0.03550690122836762
TinyImageNet,beta=0.1,24,0.03744282559509327,0.040102804694619604
TinyImageNet,beta=0.1,25,0.04037943432895755,0.04328818332459591
TinyImageNet,beta=0.1,26,0.04655099636474434,0.04827669670171742
TinyImageNet,beta=0.1,27,0.057743459836808175,0.05268502437042306
TinyImageNet,beta=0.1,28,0.05379311880937857,0.058505886484257655
TinyImageNet,beta=0.1,29,0.06311799618926874,0.06483077859220587
TinyImageNet,beta=0.1,30,0.06976733946871082,0.06795389256998148
TinyImageNet,beta=0.1,31,0.07818886039193544,0.07222349709649103
TinyImageNet,beta=0.1,32,0.08465367908459501,0.07758312907905612
TinyImageNet,beta=0.1,33,0.0684127942091737,0.0816927334968875
TinyImageNet,beta=0.1,34,0.087630691522375,0.08547036112216652
TinyImageNet,beta=0.1,35,0.09131054268733424,0.08930115360950143
TinyImageNet,beta=0.1,36,0.09188522711408838,0.09233183319041552
TinyImageNet,beta=0.1,37,0.09621073284566392,0.09815664781717579
TinyImageNet,beta=0.1,38,0.10500440780327977,0.10371511681935348
TinyImageNet,beta=0.1,39,0.10586843615099376,0.111276204062195
TinyImageNet,beta=0.1,40,0.10918649659649549,0.11836620520590828
TinyImageNet,beta=0.1,41,0.12653997453761895,0.12258817551814213
TinyImageNet,beta=0.1,42,0.1442381533872248,0.13033809503638952
TinyImageNet,beta=0.1,43,0.1415152351200812,0.1336313210943981
TinyImageNet,beta=0.1,44,0.12576452503130092,0.13829499106723006
TinyImageNet,beta=0.1,45,0.15925384443101148,0.13960043368238031
TinyImageNet,beta=0.1,46,0.1289210185570539,0.140806067778736
TinyImageNet,beta=0.1,47,0.14183218640631917,0.14309600908600792
TinyImageNet,beta=0.1,48,0.13567807284367078,0.14786733501221028
TinyImageNet,beta=0.1,49,0.15267759206171458,0.14951173724567765
TinyImageNet,beta=0.1,50,0.1575448242709847,0.15763523069271215
TinyImageNet,beta=0.1,51,0.15916380651471732,0.16130056137451013
TinyImageNet,beta=0.1,52,0.17076466006528318,0.16971715180505928
TinyImageNet,beta=0.1,53,0.18578547268629536,0.17037932949437976
TinyImageNet,beta=0.1,54,0.16748950117890526,0.17062603701861553
TinyImageNet,beta=0.1,55,0.19459420585751472,0.17383550980196394
TinyImageNet,beta=0.1,56,0.1573128358869577,0.17412672734035106
TinyImageNet,beta=0.1,57,0.15927177694063538,0.17404003982146216
TinyImageNet,beta=0.1,58,0.18163011599815596,0.17870903965896362
TinyImageNet,beta=0.1,59,0.17280318283399315,0.1787817006360965
TinyImageNet,beta=0.1,60,0.18517866005407296,0.18506908425156082
TinyImageNet,beta=0.1,61,0.20017250004141568,0.19056200627232364
TinyImageNet,beta=0.1,62,0.19510283269744472,0.19263420410848003
TinyImageNet,beta=0.1,63,0.201324521195208,0.19525686975671008
TinyImageNet,beta=0.1,64,0.197722231085975,0.19231779847744754
TinyImageNet,beta=0.1,65,0.19613550085125064,0.194028592007842
TinyImageNet,beta=0.1,66,0.19116184237160339,0.1940318971504586
TinyImageNet,beta=0.1,67,0.16460516109923537,0.19330180208431075
TinyImageNet,beta=0.1,68,0.21214805475417683,0.19080448487085802
TinyImageNet,beta=0.1,69,0.19512596869576104,0.1910740478133204
TinyImageNet,beta=0.1,70,0.19621385573217304,0.1929094107029746
TinyImageNet,beta=0.1,71,0.18024101059180592,0.19929945214007422
TinyImageNet,beta=0.1,72,0.19802244144848719,0.19665124475145698
TinyImageNet,beta=0.1,73,0.20400938259918272,0.19991361194711987
TinyImageNet,beta=0.1,74,0.2093354511589327,0.20119669511223529
TinyImageNet,beta=0.1,75,0.19361060303385633,0.2056122322637342
TinyImageNet,beta=0.1,76,0.21796253906540142,0.20634271971376636
TinyImageNet,beta=0.1,77,0.20519543788798084,0.2053796381999666
TinyImageNet,beta=0.1,78,0.2111497706522984,0.20501959849930063
TinyImageNet,beta=0.1,79,0.2031358535987124,0.2092666803641921
TinyImageNet,beta=0.1,80,0.19726781200258436,0.21250325580634138
TinyImageNet,beta=0.1,81,0.20681517325427098,0.21530271142314567
TinyImageNet,beta=0.1,82,0.2233401760880965,0.21321354489402872
TinyImageNet,beta=0.1,83,0.24061856716044622,0.21535724516910162
TinyImageNet,beta=0.1,84,0.22479162720561088,0.21695392312478948
TinyImageNet,beta=0.1,85,0.1965256049484795,0.2186145751405191
TinyImageNet,beta=0.1,86,0.2181417555242228,0.2205788288155749
TinyImageNet,beta=0.1,87,0.20844455769239953,0.2143138983091693
TinyImageNet,beta=0.1,88,0.21843973736437855,0.2148070285735128
TinyImageNet,beta=0.1,89,0.23708995181348697,0.2176934996903825
TinyImageNet,beta=0.1,90,0.1967640536156069,0.21787818120322192
TinyImageNet,beta=0.1,91,0.22824353905601544,0.22032365875585014
TinyImageNet,beta=0.1,92,0.2167309027665676,0.22204880381721329
TinyImageNet,beta=0.1,93,0.2194345261140985,0.22171050092853906
TinyImageNet,beta=0.1,94,0.22556290056079722,0.2283719122243968
TinyImageNet,beta=0.1,95,0.2305157527939205,0.22591807730226424
TinyImageNet,beta=0.1,96,0.2347218315927674,0.23029788961534797
TinyImageNet,beta=0.1,97,0.24339393268661086,0.2344047862597613
TinyImageNet,beta=0.1,98,0.2110666946010875,0.23763620084036052
TinyImageNet,beta=0.1,99,0.24738958895815402,0.24016006510194216
TinyImageNet,beta=0.1,100,0.2481828026249917,0.24208306096368848
ImageNet100-64,IID,1,0.00020003274819227774,0.0009026089504585286
ImageNet100-64,IID,2,0.00047151092144282993,0.0016589277538287647
ImageNet100-64,IID,3,0.001593797832785846,0.0027844626882766845
ImageNet100-64,IID,4,0.003452822906211913,0.004477040719051294
ImageNet100-64,IID,5,0.005494264371783931,0.006705256836115472
ImageNet100-64,IID,6,0.008078777289327719,0.009696366567721337
ImageNet100-64,IID,7,0.012048078963614543,0.013298780533008776
ImageNet100-64,IID,8,0.01579754556764152,0.01766999437104616
ImageNet100-64,IID,9,0.021409279042683898,0.0226891357172335
ImageNet100-64,IID,10,0.026810695589797918,0.028548213427783752
ImageNet100-64,IID,11,0.03405131977247361,0.03478300783283729
ImageNet100-64,IID,12,0.04062825379509534,0.04207805416659191
ImageNet100-64,IID,13,0.04909232126317946,0.050126001809587026
ImageNet100-64,IID,14,0.05569163979898929,0.05843630145399862
ImageNet100-64,IID,15,0.06686286990392387,0.06719631361786521
ImageNet100-64,IID,16,0.07774491254364971,0.07703608119735808
ImageNet100-64,IID,17,0.08498279310067905,0.08704707579632688
ImageNet100-64,IID,18,0.0953714049195398,0.09716913218748405
ImageNet100-64,IID,19,0.10950662685154541,0.10756381530303712
ImageNet100-64,IID,20,0.11916928345596112,0.11805101743517656
ImageNet100-64,IID,21,0.12654603453708943,0.12912908043381108
ImageNet100-64,IID,22,0.13962565171279534,0.14060261642326038
ImageNet100-64,IID,23,0.1511553274686258,0.15251149801934727
ImageNet100-64,IID,24,0.16252923409112074,0.16385734579986758
ImageNet100-64,IID,25,0.17568615684568495,0.17639493499993497
ImageNet100-64,IID,26,0.1928687980241535,0.188536100834569
ImageNet100-64,IID,27,0.1985902179196034,0.20084830941614784
ImageNet100-64,IID,28,0.21430915893756106,0.21392330101646714
ImageNet100-64,IID,29,0.22461381255523358,0.22673854747701194
ImageNet100-64,IID,30,0.23734078753967752,0.2392422289121309
ImageNet100-64,IID,31,0.25405417529335633,0.2525024702793348
ImageNet100-64,IID,32,0.2653928820694983,0.2656214815311731
ImageNet100-64,IID,33,0.2803945680699861,0.27912859575271165
ImageNet100-64,IID,34,0.2914119074900307,0.29308773682824996
ImageNet100-64,IID,35,0.3061422377004292,0.3059469036623432
ImageNet100-64,IID,36,0.3191636121060033,0.3201775657045503
ImageNet100-64,IID,37,0.3350547750684461,0.33398210544513063
ImageNet100-64,IID,38,0.3440683431320085,0.3464998653443998
ImageNet100-64,IID,39,0.3650075163649482,0.360411605642051
ImageNet100-64,IID,40,0.3770263462540482,0.3753965421979993
ImageNet100-64,IID,41,0.37903622678491555,0.38870852460468774
ImageNet100-64,IID,42,0.40352441978398745,0.40265999593442114
ImageNet100-64,IID,43,0.424058167997641,0.41776969302719746
ImageNet100-64,IID,44,0.4282386519152658,0.4326937988895846
ImageNet100-64,IID,45,0.44172864244014215,0.44800746510443956
ImageNet100-64,IID,46,0.4707753960143822,0.46310589079120473
ImageNet100-64,IID,47,0.4814950872907584,0.47772671243874143
ImageNet100-64,IID,48,0.48623189028890057,0.49140149072105554
ImageNet100-64,IID,49,0.5092133995913434,0.5035206162698248
ImageNet100-64,IID,50,0.526403919530398,0.5124597713151877
ImageNet100-64,IID,51,0.5239620998914643,0.5201940635027034
ImageNet100-64,IID,52,0.5265625212815268,0.5287608049562937
ImageNet100-64,IID,53,0.5333494813319223,0.5349737043935184
ImageNet100-64,IID,54,0.5356351326033689,0.5386381136755336
ImageNet100-64,IID,55,0.5461990804640326,0.5426563567961085
ImageNet100-64,IID,56,0.5527036956519166,0.5470387889368141
ImageNet100-64,IID,57,0.5520547845045038,0.550525071221588
ImageNet100-64,IID,58,0.552089801735488,0.5541899113153315
ImageNet100-64,IID,59,0.5572395462664664,0.5585952351657082
ImageNet100-64,IID,60,0.5577534573253391,0.5606175015502035
ImageNet100-64,IID,61,0.5612890132595743,0.5647440728484041
ImageNet100-64,IID,62,0.5770363474166691,0.5670777719676381
ImageNet100-64,IID,63,0.5668595603433833,0.5709404264601797
ImageNet100-64,IID,64,0.5809407835919089,0.5746263305312558
ImageNet100-64,IID,65,0.568425695570126,0.577163557127244
ImageNet100-64,IID,66,0.5842781277142581,0.5779417776193697
ImageNet100-64,IID,67,0.583554785822871,0.5810701594806318
ImageNet100-64,IID,68,0.5790495994314915,0.583002355982174
ImageNet100-64,IID,69,0.5824838908615494,0.5898374213918447
ImageNet100-64,IID,70,0.5887582333722176,0.5941414748652158
ImageNet100-64,IID,71,0.5944661591027046,0.5965945622340608
ImageNet100-64,IID,72,0.6162711534378215,0.6011891488469471
ImageNet100-64,IID,73,0.614406502027855,0.6056453006981043
ImageNet100-64,IID,74,0.600726397404786,0.6080938685824521
ImageNet100-64,IID,75,0.6112117057216958,0.6100924964887329
ImageNet100-64,IID,76,0.6136769538196496,0.609547427570876
ImageNet100-64,IID,77,0.6058982085626521,0.6097420522815565
ImageNet100-64,IID,78,0.6084565544466697,0.6139592978545261
ImageNet100-64,IID,79,0.6124556710128238,0.6147176834086235
ImageNet100-64,IID,80,0.6157688750026189,0.6186970467884236
ImageNet100-64,IID,81,0.6302471164155733,0.6223050051452008
ImageNet100-64,IID,82,0.6165204046003776,0.6250107924375117
ImageNet100-64,IID,83,0.6415324974782505,0.6272588974784253
ImageNet100-64,IID,84,0.6311539170600926,0.6318421751151192
ImageNet100-64,IID,85,0.6273970654928455,0.6335631591434272
ImageNet100-64,IID,86,0.6281924062992194,0.6365885120195882
ImageNet100-64,IID,87,0.6478518184594761,0.6367409014756996
ImageNet100-64,IID,88,0.6422940046137291,0.6374494705201708
ImageNet100-64,IID,89,0.6376978747335048,0.6374340922327534
ImageNet100-64,IID,90,0.6425992236710311,0.6398596469595799
ImageNet100-64,IID,91,0.6361139003713893,0.6426524028707294
ImageNet100-64,IID,92,0.627289417480924,0.6437801189233692
ImageNet100-64,IID,93,0.6451712893870047,0.6467586316855211
ImageNet100-64,IID,94,0.667401109837524,0.6485039061325036
ImageNet100-64,IID,95,0.6501880169822073,0.6515364699054829
ImageNet100-64,IID,96,0.658547464068568,0.6574389380598585
ImageNet100-64,IID,97,0.6548161447999081,0.6594599655831959
ImageNet100-64,IID,98,0.6573418467822444,0.6583053044707446
ImageNet100-64,IID,99,0.668606694561553,0.6596096566233387
ImageNet100-64,IID,100,0.659318482050366,0.6597198020493099
ImageNet100-64,beta=0.5,1,0.0002003135613830176,0.0006567535214805357
ImageNet100-64,beta=0.5,2,0.0004265517870474556,0.0012062734110383716
ImageNet100-64,beta=0.5,3,0.0010579216350839731,0.0020450913466656547
ImageNet100-64,beta=0.5,4,0.002311546982700251,0.003107642859637281
ImageNet100-64,beta=0.5,5,0.00404695278828787,0.004717864401850536
ImageNet100-64,beta=0.5,6,0.006072039110773998,0.006934176550875923
ImageNet100-64,beta=0.5,7,0.007638174152184403,0.009384127527637487
ImageNet100-64,beta=0.5,8,0.011471864356875798,0.012673931831451792
ImageNet100-64,beta=0.5,9,0.01594073683022517,0.01578878539599141
ImageNet100-64,beta=0.5,10,0.018207578472414915,0.019907216417267993
ImageNet100-64,beta=0.5,11,0.025340177109400397,0.025126834377969393
ImageNet100-64,beta=0.5,12,0.02585092774006519,0.03031855551587623
ImageNet100-64,beta=0.5,13,0.034901056259710087,0.03547969123932531
ImageNet100-64,beta=0.5,14,0.04417549987709422,0.04222054627412211
ImageNet100-64,beta=0.5,15,0.047813912322223664,0.049478558239325295
ImageNet100-64,beta=0.5,16,0.0520686868943687,0.05688845065447719
ImageNet100-64,beta=0.5,17,0.06539356371599253,0.06457931152881616
ImageNet100-64,beta=0.5,18,0.07614626086582268,0.07207741340274287
ImageNet100-64,beta=0.5,19,0.07772017464612843,0.0806983776008321
ImageNet100-64,beta=0.5,20,0.08873708238008285,0.08878760933274692
ImageNet100-64,beta=0.5,21,0.09666221299458118,0.0974194241956944
ImageNet100-64,beta=0.5,22,0.1081606617088483,0.10736284613023024
ImageNet100-64,beta=0.5,23,0.10869330901777248,0.11725642976946757
ImageNet100-64,beta=0.5,24,0.12581626775662486,0.1264366011064695
ImageNet100-64,beta=0.5,25,0.14575021440757363,0.1372199297915277
ImageNet100-64,beta=0.5,26,0.14697526012078974,0.14713785968771975
ImageNet100-64,beta=0.5,27,0.15299828173909638,0.1595859053330265
ImageNet100-64,beta=0.5,28,0.17214551378998863,0.17137849156950696
ImageNet100-64,beta=0.5,29,0.1775861709821926,0.18136439456905093
ImageNet100-64,beta=0.5,30,0.19582962853491984,0.19180335719788588
ImageNet100-64,beta=0.5,31,0.20836437141198813,0.2047276594990074
ImageNet100-64,beta=0.5,32,0.21565153540438145,0.2154062154156635
ImageNet100-64,beta=0.5,33,0.22004799852263437,0.22694711247678645
ImageNet100-64,beta=0.5,34,0.24346839784694704,0.23767318033842208
ImageNet100-64,beta=0.5,35,0.2468954052065812,0.24761960337224292
ImageNet100-64,beta=0.5,36,0.2583724504100533,0.2610187957733857
ImageNet100-64,beta=0.5,37,0.2709121035663693,0.2750174065630128
ImageNet100-64,beta=0.5,38,0.2779893326487339,0.2863411145632518
ImageNet100-64,beta=0.5,39,0.30944588221238095,0.2993362579965253
ImageNet100-64,beta=0.5,40,0.31803827405002416,0.3118599651944637
ImageNet100-64,beta=0.5,41,0.32273435384861965,0.3245416834787785
ImageNet100-64,beta=0.5,42,0.337861409239496,0.3374770583177058
ImageNet100-64,beta=0.5,43,0.346038400795622,0.3479525088502011
ImageNet100-64,beta=0.5,44,0.35968413155657286,0.3567454896352561
ImageNet100-64,beta=0.5,45,0.36853695652122503,0.3700885561625951
ImageNet100-64,beta=0.5,46,0.38277403593984854,0.38365110277571585
ImageNet100-64,beta=0.5,47,0.37958913954540896,0.39702556686313883
ImageNet100-64,beta=0.5,48,0.416135819539993,0.40825351917782304
ImageNet100-64,beta=0.5,49,0.432799235531341,0.4176481499288326
ImageNet100-64,beta=0.5,50,0.43965964940758273,0.42683650180562976
ImageNet100-64,beta=0.5,51,0.43827979775936204,0.4359702485637771
ImageNet100-64,beta=0.5,52,0.4342993717782919,0.44320924279137563
ImageNet100-64,beta=0.5,53,0.44709249907742876,0.4444174474936476
ImageNet100-64,beta=0.5,54,0.4435253668524407,0.4478152932915395
ImageNet100-64,beta=0.5,55,0.46680877913318247,0.45131021350421796
ImageNet100-64,beta=0.5,56,0.4412566684472449,0.4543445822919796
ImageNet100-64,beta=0.5,57,0.46344456999282596,0.4593206964771895
ImageNet100-64,beta=0.5,58,0.4627442392481111,0.46576719885903534
ImageNet100-64,beta=0.5,59,0.4555399532926234,0.4672475618540147
ImageNet100-64,beta=0.5,60,0.4819252983738978,0.47332369450358314
ImageNet100-64,beta=0.5,61,0.48865088352536173,0.4758691318536999
ImageNet100-64,beta=0.5,62,0.4771713200980379,0.48267071281860374
ImageNet100-64,beta=0.5,63,0.4837895969942238,0.4849219675174068
ImageNet100-64,beta=0.5,64,0.4812626314436431,0.48841798679676723
ImageNet100-64,beta=0.5,65,0.5103553060024383,0.48917837248790735
ImageNet100-64,beta=0.5,66,0.4712987361842451,0.49371603300474376
ImageNet100-64,beta=0.5,67,0.5063974333294208,0.49688565583741523
ImageNet100-64,beta=0.5,68,0.4939735833633426,0.5011723163161513
ImageNet100-64,beta=0.5,69,0.5089349437158928,0.4981388331197465
ImageNet100-64,beta=0.5,70,0.505976956822924,0.5032769006170751
ImageNet100-64,beta=0.5,71,0.5112692547947961,0.5026636493628703
ImageNet100-64,beta=0.5,72,0.4891209236276037,0.5050242184420668
ImageNet100-64,beta=0.5,73,0.5072652086655455,0.5048938435392368
ImageNet100-64,beta=0.5,74,0.5021046745499882,0.5095082156430552
ImageNet100-64,beta=0.5,75,0.5104975669177175,0.5113503841083923
ImageNet100-64,beta=0.5,76,0.5080223193960831,0.5152513057149973
ImageNet100-64,beta=0.5,77,0.5382775615496522,0.5186279841348468
ImageNet100-64,beta=0.5,78,0.5241644340521558,0.5227666588273344
ImageNet100-64,beta=0.5,79,0.5164273748738395,0.5258044838717932
ImageNet100-64,beta=0.5,80,0.5309019576044911,0.528153029292754
ImageNet100-64,beta=0.5,81,0.5310753973974016,0.5304013007303188
ImageNet100-64,beta=0.5,82,0.531762342228929,0.5323929515777805
ImageNet100-64,beta=0.5,83,0.5244621373428086,0.5346261245887469
ImageNet100-64,beta=0.5,84,0.5540154616126056,0.5349875960456167
ImageNet100-64,beta=0.5,85,0.5381059899843889,0.5383396889467074
ImageNet100-64,beta=0.5,86,0.5320595859506043,0.5380114778495774
ImageNet100-64,beta=0.5,87,0.5334322578025797,0.5376644443023302
ImageNet100-64,beta=0.5,88,0.554540047705036,0.5399894654709891
ImageNet100-64,beta=0.5,89,0.5294648645490185,0.5430805265513386
ImageNet100-64,beta=0.5,90,0.5220329025120785,0.5478594997710875
ImageNet100-64,beta=0.5,91,0.5702906097932184,0.553744516151671
ImageNet100-64,beta=0.5,92,0.5597434175468349,0.5529717124470265
ImageNet100-64,beta=0.5,93,0.5655123984888465,0.5595309680941359
ImageNet100-64,beta=0.5,94,0.5746273724666645,0.5650029949491475
ImageNet100-64,beta=0.5,95,0.5491304217725241,0.5618308129390484
ImageNet100-64,beta=0.5,96,0.575379654078785,0.5636500530502494
ImageNet100-64,beta=0.5,97,0.5603370904971591,0.5648336416337246
ImageNet100-64,beta=0.5,98,0.5480853357225245,0.5647150910775116
ImageNet100-64,beta=0.5,99,0.5724780983252422,0.5682389620490329
ImageNet100-64,beta=0.5,100,0.5737975185731733,0.5680129426910883
ImageNet100-64,beta=0.3,1,0.00020018132970995743,0.0006201989023891736
ImageNet100-64,beta=0.3,2,0.00042646783494441215,0.0010711615291392176
ImageNet100-64,beta=0.3,3,0.0010776947053780241,0.001758122989998498
ImageNet100-64,beta=0.3,4,0.002036504457561949,0.0026080848566859506
ImageNet100-64,beta=0.3,5,0.003356919716960266,0.003897954741418995
ImageNet100-64,beta=0.3,6,0.00500891155572492,0.005541757772991799
ImageNet100-64,beta=0.3,7,0.00614991439652213,0.007683453960072798
ImageNet100-64,beta=0.3,8,0.009229270522841272,0.010109886948775348
ImageNet100-64,beta=0.3,9,0.011933089055954037,0.013108343568824673
ImageNet100-64,beta=0.3,10,0.016069568014945017,0.016399585428534147
ImageNet100-64,beta=0.3,11,0.019021535378479802,0.020658624689006696
ImageNet100-64,beta=0.3,12,0.024346116057305543,0.024359361664004646
ImageNet100-64,beta=0.3,13,0.028047604573691227,0.02967678030837199
ImageNet100-64,beta=0.3,14,0.03596318921982998,0.03493095859023962
ImageNet100-64,beta=0.3,15,0.035134429347826936,0.04115452342360593
ImageNet100-64,beta=0.3,16,0.04915501956652544,0.04760797451355327
ImageNet100-64,beta=0.3,17,0.0528488159880184,0.05507083552982426
ImageNet100-64,beta=0.3,18,0.06258648921204406,0.062258078550974275
ImageNet100-64,beta=0.3,19,0.06952027368693682,0.07086267227821491
ImageNet100-64,beta=0.3,20,0.08028763168758818,0.07865039158043004
ImageNet100-64,beta=0.3,21,0.08627389036788011,0.08719289042598484
ImageNet100-64,beta=0.3,22,0.09536658543851138,0.09611439339240185
ImageNet100-64,beta=0.3,23,0.1036690546820314,0.10594819136631614
ImageNet100-64,beta=0.3,24,0.11264630790690193,0.11383443402961718
ImageNet100-64,beta=0.3,25,0.1250370099769631,0.12247913413189382
ImageNet100-64,beta=0.3,26,0.13835685950433688,0.1323803601214654
ImageNet100-64,beta=0.3,27,0.1354913303306955,0.1415795201652041
ImageNet100-64,beta=0.3,28,0.14678679108381654,0.1527370799284475
ImageNet100-64,beta=0.3,29,0.16467516736551246,0.16387992036731436
ImageNet100-64,beta=0.3,30,0.16806317498820228,0.17524757997251816
ImageNet100-64,beta=0.3,31,0.19074922624960583,0.18772772803462268
ImageNet100-64,beta=0.3,32,0.203036893049031,0.197708962807731
ImageNet100-64,beta=0.3,33,0.21793047674076357,0.2088799548153951
ImageNet100-64,beta=0.3,34,0.22285236676542713,0.2182709529321047
ImageNet100-64,beta=0.3,35,0.2166554344955749,0.2279188799080549
ImageNet100-64,beta=0.3,36,0.24287211141916093,0.23809657243449367
ImageNet100-64,beta=0.3,37,0.2338001618051694,0.24435353351353
ImageNet100-64,beta=0.3,38,0.25828471508125733,0.25371929315462227
ImageNet100-64,beta=0.3,39,0.27428074073410247,0.2670292781443739
ImageNet100-64,beta=0.3,40,0.26172920429401786,0.2779021221615362
ImageNet100-64,beta=0.3,41,0.288412684253073,0.2908634907609085
ImageNet100-64,beta=0.3,42,0.30982532942383606,0.3039503387810976
ImageNet100-64,beta=0.3,43,0.3189820195392975,0.3137666099266087
ImageNet100-64,beta=0.3,44,0.32452974200077556,0.32687295424632445
ImageNet100-64,beta=0.3,45,0.34989265122258095,0.33561708488483066
ImageNet100-64,beta=0.3,46,0.34299463875268,0.34825096228334174
ImageNet100-64,beta=0.3,47,0.3534736145320281,0.3615939032531392
ImageNet100-64,beta=0.3,48,0.3496215987226168,0.37268181392960603
ImageNet100-64,beta=0.3,49,0.3982624712134134,0.38404078163841865
ImageNet100-64,beta=0.3,50,0.41238260632787993,0.3893579886632452
ImageNet100-64,beta=0.3,51,0.4021451167360432,0.39733581412056745
ImageNet100-64,beta=0.3,52,0.42940542518426933,0.40434326662719666
ImageNet100-64,beta=0.3,53,0.380215087926466,0.4053463494871638
ImageNet100-64,beta=0.3,54,0.40931839273328363,0.4070608514791588
ImageNet100-64,beta=0.3,55,0.39867376626902107,0.4107959527841832
ImageNet100-64,beta=0.3,56,0.40528405123318345,0.40908978629990633
ImageNet100-64,beta=0.3,57,0.4243841202718449,0.4164297384614601
ImageNet100-64,beta=0.3,58,0.4282908258712137,0.421656690302755
ImageNet100-64,beta=0.3,59,0.41746225979433166,0.43046127727913824
ImageNet100-64,beta=0.3,60,0.43159475305734246,0.4356834505330749
ImageNet100-64,beta=0.3,61,0.4459070556223482,0.43796025872270383
ImageNet100-64,beta=0.3,62,0.4603058751037038,0.4398804410811351
ImageNet100-64,beta=0.3,63,0.4418392640107395,0.4415467345771493
ImageNet100-64,beta=0.3,64,0.4403217775992475,0.447021137180018
ImageNet100-64,beta=0.3,65,0.4417321023802324,0.4492344157540882
ImageNet100-64,beta=0.3,66,0.4291263142664314,0.45018833436132116
ImageNet100-64,beta=0.3,67,0.46991557127742334,0.45348741390677216
ImageNet100-64,beta=0.3,68,0.4614000056408399,0.4566822091577166
ImageNet100-64,beta=0.3,69,0.4669833053543345,0.4645348610632677
ImageNet100-64,beta=0.3,70,0.4649328208288964,0.47124689692856225
ImageNet100-64,beta=0.3,71,0.4626853443558585,0.46787674899186477
ImageNet100-64,beta=0.3,72,0.49670066571908994,0.4688651322769674
ImageNet100-64,beta=0.3,73,0.47611056532349344,0.4662871960035266
ImageNet100-64,beta=0.3,74,0.4463245357205407,0.4687489100286241
ImageNet100-64,beta=0.3,75,0.46831868863655846,0.4686854028001227
ImageNet100-64,beta=0.3,76,0.44893775144024844,0.46386197210578517
ImageNet100-64,beta=0.3,77,0.4821648190045793,0.4647576286055633
ImageNet100-64,beta=0.3,78,0.4622407937563485,0.4693983084529444
ImageNet100-64,beta=0.3,79,0.4629366508587271,0.470487374347755
ImageNet100-64,beta=0.3,80,0.48238016082194035,0.47367452597670034
ImageNet100-64,beta=0.3,81,0.4788092946522089,0.47374386553668046
ImageNet100-64,beta=0.3,82,0.4759421499002327,0.47500619273116773
ImageNet100-64,beta=0.3,83,0.47124781284286615,0.4795910917162228
ImageNet100-64,beta=0.3,84,0.4826501959244397,0.48168417960659354
ImageNet100-64,beta=0.3,85,0.471077084117759,0.48422473011858624
ImageNet100-64,beta=0.3,86,0.49503094375411216,0.48627460576207626
ImageNet100-64,beta=0.3,87,0.49703177605453625,0.48911943735144114
ImageNet100-64,beta=0.3,88,0.49659314823615813,0.49154540266558655
ImageNet100-64,beta=0.3,89,0.490291279404663,0.49308689394125926
ImageNet100-64,beta=0.3,90,0.4911616339684202,0.49575387244303476
ImageNet100-64,beta=0.3,91,0.4996319531234576,0.5000647733983289
ImageNet100-64,beta=0.3,92,0.4818675230474677,0.5023078635695839
ImageNet100-64,beta=0.3,93,0.5136997932665407,0.5053943544023828
ImageNet100-64,beta=0.3,94,0.527208082741595,0.5086100097263926
ImageNet100-64,beta=0.3,95,0.512294779434943,0.5090143717037945
ImageNet100-64,beta=0.3,96,0.5118967152342548,0.5117986943944032
ImageNet100-64,beta=0.3,97,0.5136712212364897,0.5105709434838612
ImageNet100-64,beta=0.3,98,0.5024624869652706,0.507413436934026
ImageNet100-64,beta=0.3,99,0.5013577818817289,0.5063864022851409
ImageNet100-64,beta=0.3,100,0.5051055368927475,0.5054162339506398
ImageNet100-64,beta=0.1,1,0.00020001310260531606,0.00048000912316420203
ImageNet100-64,beta=0.1,2,0.000433189187971917,0.0006725338100483154
ImageNet100-64,beta=0.1,3,0.0007882168600418545,0.0011185560129417494
ImageNet100-64,beta=0.1,4,0.0013386054037143786,0.001514162173080045
ImageNet100-64,beta=0.1,5,0.0015476859107941097,0.0020998935766402458
ImageNet100-64,beta=0.1,6,0.0033221685228593547,0.003245205031814423
ImageNet100-64,beta=0.1,7,0.0029692562235733837,0.004578440612285051
ImageNet100-64,beta=0.1,8,0.004300132927526722,0.005906951237967143
ImageNet100-64,beta=0.1,9,0.00845036937419116,0.007708544930400995
ImageNet100-64,beta=0.1,10,0.010120865923336253,0.010059635654992738
ImageNet100-64,beta=0.1,11,0.010638179783489021,0.0127355686517772
ImageNet100-64,beta=0.1,12,0.014158841757831078,0.01626909891614952
ImageNet100-64,beta=0.1,13,0.019779803595001543,0.018196019418868017
ImageNet100-64,beta=0.1,14,0.021700787201064636,0.020743907632622516
ImageNet100-64,beta=0.1,15,0.02903484477813298,0.02421640823392293
ImageNet100-64,beta=0.1,16,0.02193881289322064,0.026796603854904972
ImageNet100-64,beta=0.1,17,0.027956083419617715,0.03000228883710202
ImageNet100-64,beta=0.1,18,0.034945683992591944,0.03424724981843401
ImageNet100-64,beta=0.1,19,0.032220211104705354,0.0364069877079216
ImageNet100-64,beta=0.1,20,0.042219598470380926,0.04192276415561122
ImageNet100-64,beta=0.1,21,0.05141551407038854,0.047269174798123405
ImageNet100-64,beta=0.1,22,0.04415301000454612,0.05137510786205872
ImageNet100-64,beta=0.1,23,0.06054924802704799,0.05647796718540647
ImageNet100-64,beta=0.1,24,0.06538095791720301,0.059439380576880724
ImageNet100-64,beta=0.1,25,0.06368721544013911,0.06506788328658991
ImageNet100-64,beta=0.1,26,0.06794022636813964,0.07234493531173886
ImageNet100-64,beta=0.1,27,0.06294949221070065,0.07669396663107136
ImageNet100-64,beta=0.1,28,0.09081503303835284,0.08099009360023035
ImageNet100-64,beta=0.1,29,0.09509237418058877,0.08805377291463465
ImageNet100-64,beta=0.1,30,0.09099246726237556,0.09536904468321003
ImageNet100-64,beta=0.1,31,0.09545384670131596,0.1035642876980077
ImageNet100-64,beta=0.1,32,0.11313297064096917,0.10737626612642168
ImageNet100-64,beta=0.1,33,0.11914712874816735,0.11294867645396268
ImageNet100-64,beta=0.1,34,0.1203161933142843,0.11844776640890849
ImageNet100-64,beta=0.1,35,0.11749888203725059,0.1257559860574228
ImageNet100-64,beta=0.1,36,0.13409924647337595,0.12909748387186207
ImageNet100-64,beta=0.1,37,0.12948609694699614,0.1353917676057556
ImageNet100-64,beta=0.1,38,0.1466113842409162,0.1417328388250354
ImageNet100-64,beta=0.1,39,0.136523455342044,0.14975727899988753
ImageNet100-64,beta=0.1,40,0.16320711488542208,0.15447061615293822
ImageNet100-64,beta=0.1,41,0.16470369184924283,0.16403815192371402
ImageNet100-64,beta=0.1,42,0.17366996326121564,0.17318691559479726
ImageNet100-64,beta=0.1,43,0.16709260654473068,0.18323117846484377
ImageNet100-64,beta=0.1,44,0.1964588473424269,0.19000878140172192
ImageNet100-64,beta=0.1,45,0.21065272993849868,0.20001165473800253
ImageNet100-64,beta=0.1,46,0.20683329543236958,0.2100770665708715
ImageNet100-64,beta=0.1,47,0.2106503354435691,0.221615821276801
ImageNet100-64,beta=0.1,48,0.2347238052032071,0.22944823046459534
ImageNet100-64,beta=0.1,49,0.2441278460912985,0.24041297622436028
ImageNet100-64,beta=0.1,50,0.2478638894862371,0.25165250142749124
ImageNet100-64,beta=0.1,51,0.25128571165698715,0.258320044864574
ImageNet100-64,beta=0.1,52,0.2874059502568533,0.2623602316283487
ImageNet100-64,beta=0.1,53,0.2855099718542864,0.2631585229824718
ImageNet100-64,beta=0.1,54,0.25732313950314833,0.2621610684588406
ImageNet100-64,beta=0.1,55,0.2630051125496303,0.26314927482402295
ImageNet100-64,beta=0.1,56,0.24971588557015983,0.258710137336744
ImageNet100-64,beta=0.1,57,0.24088170782081902,0.2566549802374136
ImageNet100-64,beta=0.1,58,0.25820315621326373,0.2603783541052725
ImageNet100-64,beta=0.1,59,0.2563319878459005,0.26300411676023877
ImageNet100-64,beta=0.1,60,0.2711238721589739,0.2656573810832284
ImageNet100-64,beta=0.1,61,0.2833867565781603,0.2759738940666093
ImageNet100-64,beta=0.1,62,0.28138545113439417,0.28190567728274424
ImageNet100-64,beta=0.1,63,0.2682887358310871,0.2852772201420686
ImageNet100-64,beta=0.1,64,0.3130972987044857,0.2887727648545634
ImageNet100-64,beta=0.1,65,0.29972563872620817,0.2878303352112012
ImageNet100-64,beta=0.1,66,0.27993278786117093,0.2886177098318049
ImageNet100-64,beta=0.1,67,0.2955926851464376,0.287147609309253
ImageNet100-64,beta=0.1,68,0.27678974907462506,0.28153708282065143
ImageNet100-64,beta=0.1,69,0.2868970734786199,0.2808780659638121
ImageNet100-64,beta=0.1,70,0.2579980321732235,0.28392455468499256
ImageNet100-64,beta=0.1,71,0.27382361328427496,0.2800787177637778
ImageNet100-64,beta=0.1,72,0.2951125207283328,0.2787143519659451
ImageNet100-64,beta=0.1,73,0.3012582089094344,0.2798499936263812
ImageNet100-64,beta=0.1,74,0.268671826697934,0.2870940709815049
ImageNet100-64,beta=0.1,75,0.2672391884897962,0.29199551777514277
ImageNet100-64,beta=0.1,76,0.2948465651016724,0.2900298742508183
ImageNet100-64,beta=0.1,77,0.30870657365908977,0.29481268291867646
ImageNet100-64,beta=0.1,78,0.3081337408397396,0.30139080364917187
ImageNet100-64,beta=0.1,79,0.28135301605806184,0.30515363799302336
ImageNet100-64,beta=0.1,80,0.33473786958444146,0.3101210229985794
ImageNet100-64,beta=0.1,81,0.3147186718114017,0.3074471908956912
ImageNet100-64,beta=0.1,82,0.2935790288967571,0.31154380293224365
ImageNet100-64,beta=0.1,83,0.3296182601405646,0.3178338584685213
ImageNet100-64,beta=0.1,84,0.28998974893887247,0.3177349816889443
ImageNet100-64,beta=0.1,85,0.3368100250956067,0.3222170450504466
ImageNet100-64,beta=0.1,86,0.3253834048120054,0.32405446996193205
ImageNet100-64,beta=0.1,87,0.3340457321274025,0.32038001572132224
ImageNet100-64,beta=0.1,88,0.34609311534191745,0.3241135372869837
ImageNet100-64,beta=0.1,89,0.3064410032771554,0.32111100597437686
ImageNet100-64,beta=0.1,90,0.303897080456296,0.31963999003561216
ImageNet100-64,beta=0.1,91,0.3161243998985029,0.3196167895922357
ImageNet100-64,beta=0.1,92,0.31579230590735863,0.3202825797105209
ImageNet100-64,beta=0.1,93,0.31508629324065224,0.32509024244430407
ImageNet100-64,beta=0.1,94,0.3338833290237676,0.3325648431273888
ImageNet100-64,beta=0.1,95,0.35075364616991356,0.33253216916857314
ImageNet100-64,beta=0.1,96,0.3400946424136374,0.33760397389911145
ImageNet100-64,beta=0.1,97,0.3562192852378897,0.3402650572365286
ImageNet100-64,beta=0.1,98,0.31589568218679304,0.3402408497477864
ImageNet100-64,beta=0.1,99,0.3512949390211265,0.33780659695245197
ImageNet100-64,beta=0.1,100,0.33371387660257235,0.33689505897944266
