dataset,partition,client_id,mean_effective_lambda,observations,source
CIFAR-100,iid,0,0.22688940664132437,3,/home/minss/fl/DXFL/logs/lambda/adaptive/logs_js_granularity_temperature_canonical_no_feature/iid/seed0/js_client/cifar100_iid_js_client_tkd1p00_canonical_nofeat_seed0_r500.pkl
CIFAR-100,iid,1,0.18245169520378113,1,/home/minss/fl/DXFL/logs/lambda/adaptive/logs_js_granularity_temperature_canonical_no_feature/iid/seed0/js_client/cifar100_iid_js_client_tkd1p00_canonical_nofeat_seed0_r500.pkl
CIFAR-100,iid,2,0.22196302811304727,3,/home/minss/fl/DXFL/logs/lambda/adaptive/logs_js_granularity_temperature_canonical_no_feature/iid/seed0/js_client/cifar100_iid_js_client_tkd1p00_canonical_nofeat_seed0_r500.pkl
CIFAR-100,iid,3,0.2364702858030796,4,/home/minss/fl/DXFL/logs/lambda/adaptive/logs_js_granularity_temperature_canonical_no_feature/iid/seed0/js_client/cifar100_iid_js_client_tkd1p00_canonical_nofeat_seed0_r500.pkl
CIFAR-100,iid,4,0.20399165153503418,1,/home/minss/fl/DXFL/logs/lambda/adaptive/logs_js_granularity_temperature_canonical_no_feature/iid/seed0/js_client/cifar100_iid_js_client_tkd1p00_canonical_nofeat_seed0_r500.pkl
CIFAR-100,iid,5,0.2248910367488861,1,/home/minss/fl/DXFL/logs/lambda/adaptive/logs_js_granularity_temperature_canonical_no_feature/iid/seed0/js_client/cifar100_iid_js_client_tkd1p00_canonical_nofeat_seed0_r500.pkl
CIFAR-100,iid,6,0.2064956525961558,3,/home/minss/fl/DXFL/logs/lambda/adaptive/logs_js_granularity_temperature_canonical_no_feature/iid/seed0/js_client/cifar100_iid_js_client_tkd1p00_canonical_nofeat_seed0_r500.pkl
CIFAR-100,iid,7,0.2347528114914894,4,/home/minss/fl/DXFL/logs/lambda/adaptive/logs_js_granularity_temperature_canonical_no_feature/iid/seed0/js_client/cifar100_iid_js_client_tkd1p00_canonical_nofeat_seed0_r500.pkl
CIFAR-100,iid,8,0.20268039405345917,1,/home/minss/fl/DXFL/logs/lambda/adaptive/logs_js_granularity_temperature_canonical_no_feature/iid/seed0/js_client/cifar100_iid_js_client_tkd1p00_canonical_nofeat_seed0_r500.pkl
CIFAR-100,iid,9,0.20730260759592056,2,/home/minss/fl/DXFL/logs/lambda/adaptive/logs_js_granularity_temperature_canonical_no_feature/iid/seed0/js_client/cifar100_iid_js_client_tkd1p00_canonical_nofeat_seed0_r500.pkl
CIFAR-100,iid,10,0.21823210020860037,3,/home/minss/fl/DXFL/logs/lambda/adaptive/logs_js_granularity_temperature_canonical_no_feature/iid/seed0/js_client/cifar100_iid_js_client_tkd1p00_canonical_nofeat_seed0_r500.pkl
CIFAR-100,iid,11,0.23671091347932816,4,/home/minss/fl/DXFL/logs/lambda/adaptive/logs_js_granularity_temperature_canonical_no_feature/iid/seed0/js_client/cifar100_iid_js_client_tkd1p00_canonical_nofeat_seed0_r500.pkl
CIFAR-100,iid,12,0.21294350922107697,4,/home/minss/fl/DXFL/logs/lambda/adaptive/logs_js_granularity_temperature_canonical_no_feature/iid/seed0/js_client/cifar100_iid_js_client_tkd1p00_canonical_nofeat_seed0_r500.pkl
CIFAR-100,iid,13,0.2093062326312065,2,/home/minss/fl/DXFL/logs/lambda/adaptive/logs_js_granularity_temperature_canonical_no_feature/iid/seed0/js_client/cifar100_iid_js_client_tkd1p00_canonical_nofeat_seed0_r500.pkl
CIFAR-100,iid,14,0.21549522876739502,3,/home/minss/fl/DXFL/logs/lambda/adaptive/logs_js_granularity_temperature_canonical_no_feature/iid/seed0/js_client/cifar100_iid_js_client_tkd1p00_canonical_nofeat_seed0_r500.pkl
CIFAR-100,iid,15,0.22016273687283197,6,/home/minss/fl/DXFL/logs/lambda/adaptive/logs_js_granularity_temperature_canonical_no_feature/iid/seed0/js_client/cifar100_iid_js_client_tkd1p00_canonical_nofeat_seed0_r500.pkl
CIFAR-100,iid,16,0.22443128128846487,3,/home/minss/fl/DXFL/logs/lambda/adaptive/logs_js_granularity_temperature_canonical_no_feature/iid/seed0/js_client/cifar100_iid_js_client_tkd1p00_canonical_nofeat_seed0_r500.pkl
CIFAR-100,iid,17,0.18965530395507812,1,/home/minss/fl/DXFL/logs/lambda/adaptive/logs_js_granularity_temperature_canonical_no_feature/iid/seed0/js_client/cifar100_iid_js_client_tkd1p00_canonical_nofeat_seed0_r500.pkl
CIFAR-100,iid,18,0.21892143785953522,5,/home/minss/fl/DXFL/logs/lambda/adaptive/logs_js_granularity_temperature_canonical_no_feature/iid/seed0/js_client/cifar100_iid_js_client_tkd1p00_canonical_nofeat_seed0_r500.pkl
CIFAR-100,iid,19,0.2144375890493393,2,/home/minss/fl/DXFL/logs/lambda/adaptive/logs_js_granularity_temperature_canonical_no_feature/iid/seed0/js_client/cifar100_iid_js_client_tkd1p00_canonical_nofeat_seed0_r500.pkl
CIFAR-100,iid,21,0.22083358218272528,6,/home/minss/fl/DXFL/logs/lambda/adaptive/logs_js_granularity_temperature_canonical_no_feature/iid/seed0/js_client/cifar100_iid_js_client_tkd1p00_canonical_nofeat_seed0_r500.pkl
CIFAR-100,iid,22,0.23450093468030295,3,/home/minss/fl/DXFL/logs/lambda/adaptive/logs_js_granularity_temperature_canonical_no_feature/iid/seed0/js_client/cifar100_iid_js_client_tkd1p00_canonical_nofeat_seed0_r500.pkl
CIFAR-100,iid,23,0.22582492977380753,4,/home/minss/fl/DXFL/logs/lambda/adaptive/logs_js_granularity_temperature_canonical_no_feature/iid/seed0/js_client/cifar100_iid_js_client_tkd1p00_canonical_nofeat_seed0_r500.pkl
CIFAR-100,iid,24,0.19372450560331345,2,/home/minss/fl/DXFL/logs/lambda/adaptive/logs_js_granularity_temperature_canonical_no_feature/iid/seed0/js_client/cifar100_iid_js_client_tkd1p00_canonical_nofeat_seed0_r500.pkl
CIFAR-100,iid,25,0.22275204956531525,2,/home/minss/fl/DXFL/logs/lambda/adaptive/logs_js_granularity_temperature_canonical_no_feature/iid/seed0/js_client/cifar100_iid_js_client_tkd1p00_canonical_nofeat_seed0_r500.pkl
CIFAR-100,iid,26,0.24418672174215317,4,/home/minss/fl/DXFL/logs/lambda/adaptive/logs_js_granularity_temperature_canonical_no_feature/iid/seed0/js_client/cifar100_iid_js_client_tkd1p00_canonical_nofeat_seed0_r500.pkl
CIFAR-100,iid,27,0.23425630231698355,3,/home/minss/fl/DXFL/logs/lambda/adaptive/logs_js_granularity_temperature_canonical_no_feature/iid/seed0/js_client/cifar100_iid_js_client_tkd1p00_canonical_nofeat_seed0_r500.pkl
CIFAR-100,iid,28,0.2359614446759224,4,/home/minss/fl/DXFL/logs/lambda/adaptive/logs_js_granularity_temperature_canonical_no_feature/iid/seed0/js_client/cifar100_iid_js_client_tkd1p00_canonical_nofeat_seed0_r500.pkl
CIFAR-100,iid,29,0.22566983848810196,2,/home/minss/fl/DXFL/logs/lambda/adaptive/logs_js_granularity_temperature_canonical_no_feature/iid/seed0/js_client/cifar100_iid_js_client_tkd1p00_canonical_nofeat_seed0_r500.pkl
CIFAR-100,iid,30,0.2076795051495234,3,/home/minss/fl/DXFL/logs/lambda/adaptive/logs_js_granularity_temperature_canonical_no_feature/iid/seed0/js_client/cifar100_iid_js_client_tkd1p00_canonical_nofeat_seed0_r500.pkl
CIFAR-100,iid,31,0.22861705720424652,3,/home/minss/fl/DXFL/logs/lambda/adaptive/logs_js_granularity_temperature_canonical_no_feature/iid/seed0/js_client/cifar100_iid_js_client_tkd1p00_canonical_nofeat_seed0_r500.pkl
CIFAR-100,iid,32,0.214046910405159,2,/home/minss/fl/DXFL/logs/lambda/adaptive/logs_js_granularity_temperature_canonical_no_feature/iid/seed0/js_client/cifar100_iid_js_client_tkd1p00_canonical_nofeat_seed0_r500.pkl
CIFAR-100,iid,33,0.20906011760234833,1,/home/minss/fl/DXFL/logs/lambda/adaptive/logs_js_granularity_temperature_canonical_no_feature/iid/seed0/js_client/cifar100_iid_js_client_tkd1p00_canonical_nofeat_seed0_r500.pkl
CIFAR-100,iid,34,0.24010702222585678,4,/home/minss/fl/DXFL/logs/lambda/adaptive/logs_js_granularity_temperature_canonical_no_feature/iid/seed0/js_client/cifar100_iid_js_client_tkd1p00_canonical_nofeat_seed0_r500.pkl
CIFAR-100,iid,35,0.21446587145328522,4,/home/minss/fl/DXFL/logs/lambda/adaptive/logs_js_granularity_temperature_canonical_no_feature/iid/seed0/js_client/cifar100_iid_js_client_tkd1p00_canonical_nofeat_seed0_r500.pkl
CIFAR-100,iid,36,0.22019197791814804,4,/home/minss/fl/DXFL/logs/lambda/adaptive/logs_js_granularity_temperature_canonical_no_feature/iid/seed0/js_client/cifar100_iid_js_client_tkd1p00_canonical_nofeat_seed0_r500.pkl
CIFAR-100,iid,37,0.24161542313439505,7,/home/minss/fl/DXFL/logs/lambda/adaptive/logs_js_granularity_temperature_canonical_no_feature/iid/seed0/js_client/cifar100_iid_js_client_tkd1p00_canonical_nofeat_seed0_r500.pkl
CIFAR-100,iid,38,0.21506919711828232,4,/home/minss/fl/DXFL/logs/lambda/adaptive/logs_js_granularity_temperature_canonical_no_feature/iid/seed0/js_client/cifar100_iid_js_client_tkd1p00_canonical_nofeat_seed0_r500.pkl
CIFAR-100,iid,39,0.2275407463312149,3,/home/minss/fl/DXFL/logs/lambda/adaptive/logs_js_granularity_temperature_canonical_no_feature/iid/seed0/js_client/cifar100_iid_js_client_tkd1p00_canonical_nofeat_seed0_r500.pkl
CIFAR-100,iid,40,0.20303205400705338,2,/home/minss/fl/DXFL/logs/lambda/adaptive/logs_js_granularity_temperature_canonical_no_feature/iid/seed0/js_client/cifar100_iid_js_client_tkd1p00_canonical_nofeat_seed0_r500.pkl
CIFAR-100,iid,41,0.21659036974112192,3,/home/minss/fl/DXFL/logs/lambda/adaptive/logs_js_granularity_temperature_canonical_no_feature/iid/seed0/js_client/cifar100_iid_js_client_tkd1p00_canonical_nofeat_seed0_r500.pkl
CIFAR-100,iid,43,0.19900280237197876,1,/home/minss/fl/DXFL/logs/lambda/adaptive/logs_js_granularity_temperature_canonical_no_feature/iid/seed0/js_client/cifar100_iid_js_client_tkd1p00_canonical_nofeat_seed0_r500.pkl
CIFAR-100,iid,44,0.24106351658701897,4,/home/minss/fl/DXFL/logs/lambda/adaptive/logs_js_granularity_temperature_canonical_no_feature/iid/seed0/js_client/cifar100_iid_js_client_tkd1p00_canonical_nofeat_seed0_r500.pkl
CIFAR-100,iid,45,0.21799293160438538,4,/home/minss/fl/DXFL/logs/lambda/adaptive/logs_js_granularity_temperature_canonical_no_feature/iid/seed0/js_client/cifar100_iid_js_client_tkd1p00_canonical_nofeat_seed0_r500.pkl
CIFAR-100,iid,46,0.21672731637954712,4,/home/minss/fl/DXFL/logs/lambda/adaptive/logs_js_granularity_temperature_canonical_no_feature/iid/seed0/js_client/cifar100_iid_js_client_tkd1p00_canonical_nofeat_seed0_r500.pkl
CIFAR-100,iid,47,0.23748859018087387,2,/home/minss/fl/DXFL/logs/lambda/adaptive/logs_js_granularity_temperature_canonical_no_feature/iid/seed0/js_client/cifar100_iid_js_client_tkd1p00_canonical_nofeat_seed0_r500.pkl
CIFAR-100,iid,48,0.2187909297645092,4,/home/minss/fl/DXFL/logs/lambda/adaptive/logs_js_granularity_temperature_canonical_no_feature/iid/seed0/js_client/cifar100_iid_js_client_tkd1p00_canonical_nofeat_seed0_r500.pkl
CIFAR-100,iid,49,0.24700522671143213,6,/home/minss/fl/DXFL/logs/lambda/adaptive/logs_js_granularity_temperature_canonical_no_feature/iid/seed0/js_client/cifar100_iid_js_client_tkd1p00_canonical_nofeat_seed0_r500.pkl
CIFAR-100,iid,50,0.24832943826913834,4,/home/minss/fl/DXFL/logs/lambda/adaptive/logs_js_granularity_temperature_canonical_no_feature/iid/seed0/js_client/cifar100_iid_js_client_tkd1p00_canonical_nofeat_seed0_r500.pkl
CIFAR-100,iid,51,0.22652678191661835,2,/home/minss/fl/DXFL/logs/lambda/adaptive/logs_js_granularity_temperature_canonical_no_feature/iid/seed0/js_client/cifar100_iid_js_client_tkd1p00_canonical_nofeat_seed0_r500.pkl
CIFAR-100,iid,52,0.21816513935724893,3,/home/minss/fl/DXFL/logs/lambda/adaptive/logs_js_granularity_temperature_canonical_no_feature/iid/seed0/js_client/cifar100_iid_js_client_tkd1p00_canonical_nofeat_seed0_r500.pkl
CIFAR-100,iid,53,0.20236466825008392,4,/home/minss/fl/DXFL/logs/lambda/adaptive/logs_js_granularity_temperature_canonical_no_feature/iid/seed0/js_client/cifar100_iid_js_client_tkd1p00_canonical_nofeat_seed0_r500.pkl
CIFAR-100,iid,54,0.20736154913902283,1,/home/minss/fl/DXFL/logs/lambda/adaptive/logs_js_granularity_temperature_canonical_no_feature/iid/seed0/js_client/cifar100_iid_js_client_tkd1p00_canonical_nofeat_seed0_r500.pkl
CIFAR-100,iid,56,0.21619655191898346,4,/home/minss/fl/DXFL/logs/lambda/adaptive/logs_js_granularity_temperature_canonical_no_feature/iid/seed0/js_client/cifar100_iid_js_client_tkd1p00_canonical_nofeat_seed0_r500.pkl
CIFAR-100,iid,57,0.22494835406541824,4,/home/minss/fl/DXFL/logs/lambda/adaptive/logs_js_granularity_temperature_canonical_no_feature/iid/seed0/js_client/cifar100_iid_js_client_tkd1p00_canonical_nofeat_seed0_r500.pkl
CIFAR-100,iid,58,0.24018890659014383,3,/home/minss/fl/DXFL/logs/lambda/adaptive/logs_js_granularity_temperature_canonical_no_feature/iid/seed0/js_client/cifar100_iid_js_client_tkd1p00_canonical_nofeat_seed0_r500.pkl
CIFAR-100,iid,59,0.18353286385536194,1,/home/minss/fl/DXFL/logs/lambda/adaptive/logs_js_granularity_temperature_canonical_no_feature/iid/seed0/js_client/cifar100_iid_js_client_tkd1p00_canonical_nofeat_seed0_r500.pkl
CIFAR-100,iid,60,0.222109454870224,5,/home/minss/fl/DXFL/logs/lambda/adaptive/logs_js_granularity_temperature_canonical_no_feature/iid/seed0/js_client/cifar100_iid_js_client_tkd1p00_canonical_nofeat_seed0_r500.pkl
CIFAR-100,iid,61,0.21314261853694916,1,/home/minss/fl/DXFL/logs/lambda/adaptive/logs_js_granularity_temperature_canonical_no_feature/iid/seed0/js_client/cifar100_iid_js_client_tkd1p00_canonical_nofeat_seed0_r500.pkl
CIFAR-100,iid,62,0.22735915333032608,4,/home/minss/fl/DXFL/logs/lambda/adaptive/logs_js_granularity_temperature_canonical_no_feature/iid/seed0/js_client/cifar100_iid_js_client_tkd1p00_canonical_nofeat_seed0_r500.pkl
CIFAR-100,iid,63,0.20851880311965942,3,/home/minss/fl/DXFL/logs/lambda/adaptive/logs_js_granularity_temperature_canonical_no_feature/iid/seed0/js_client/cifar100_iid_js_client_tkd1p00_canonical_nofeat_seed0_r500.pkl
CIFAR-100,iid,64,0.22484837472438812,2,/home/minss/fl/DXFL/logs/lambda/adaptive/logs_js_granularity_temperature_canonical_no_feature/iid/seed0/js_client/cifar100_iid_js_client_tkd1p00_canonical_nofeat_seed0_r500.pkl
CIFAR-100,iid,65,0.2308106223742167,3,/home/minss/fl/DXFL/logs/lambda/adaptive/logs_js_granularity_temperature_canonical_no_feature/iid/seed0/js_client/cifar100_iid_js_client_tkd1p00_canonical_nofeat_seed0_r500.pkl
CIFAR-100,iid,66,0.23163030296564102,2,/home/minss/fl/DXFL/logs/lambda/adaptive/logs_js_granularity_temperature_canonical_no_feature/iid/seed0/js_client/cifar100_iid_js_client_tkd1p00_canonical_nofeat_seed0_r500.pkl
CIFAR-100,iid,67,0.19907788932323456,2,/home/minss/fl/DXFL/logs/lambda/adaptive/logs_js_granularity_temperature_canonical_no_feature/iid/seed0/js_client/cifar100_iid_js_client_tkd1p00_canonical_nofeat_seed0_r500.pkl
CIFAR-100,iid,69,0.2462618388235569,4,/home/minss/fl/DXFL/logs/lambda/adaptive/logs_js_granularity_temperature_canonical_no_feature/iid/seed0/js_client/cifar100_iid_js_client_tkd1p00_canonical_nofeat_seed0_r500.pkl
CIFAR-100,iid,70,0.21621021628379822,1,/home/minss/fl/DXFL/logs/lambda/adaptive/logs_js_granularity_temperature_canonical_no_feature/iid/seed0/js_client/cifar100_iid_js_client_tkd1p00_canonical_nofeat_seed0_r500.pkl
CIFAR-100,iid,71,0.20512104779481888,2,/home/minss/fl/DXFL/logs/lambda/adaptive/logs_js_granularity_temperature_canonical_no_feature/iid/seed0/js_client/cifar100_iid_js_client_tkd1p00_canonical_nofeat_seed0_r500.pkl
CIFAR-100,iid,72,0.20800776779651642,2,/home/minss/fl/DXFL/logs/lambda/adaptive/logs_js_granularity_temperature_canonical_no_feature/iid/seed0/js_client/cifar100_iid_js_client_tkd1p00_canonical_nofeat_seed0_r500.pkl
CIFAR-100,iid,73,0.20653064052263895,3,/home/minss/fl/DXFL/logs/lambda/adaptive/logs_js_granularity_temperature_canonical_no_feature/iid/seed0/js_client/cifar100_iid_js_client_tkd1p00_canonical_nofeat_seed0_r500.pkl
CIFAR-100,iid,74,0.24143681426843008,6,/home/minss/fl/DXFL/logs/lambda/adaptive/logs_js_granularity_temperature_canonical_no_feature/iid/seed0/js_client/cifar100_iid_js_client_tkd1p00_canonical_nofeat_seed0_r500.pkl
CIFAR-100,iid,75,0.20979339629411697,2,/home/minss/fl/DXFL/logs/lambda/adaptive/logs_js_granularity_temperature_canonical_no_feature/iid/seed0/js_client/cifar100_iid_js_client_tkd1p00_canonical_nofeat_seed0_r500.pkl
CIFAR-100,iid,76,0.22930947840213775,5,/home/minss/fl/DXFL/logs/lambda/adaptive/logs_js_granularity_temperature_canonical_no_feature/iid/seed0/js_client/cifar100_iid_js_client_tkd1p00_canonical_nofeat_seed0_r500.pkl
CIFAR-100,iid,77,0.23317148784796396,6,/home/minss/fl/DXFL/logs/lambda/adaptive/logs_js_granularity_temperature_canonical_no_feature/iid/seed0/js_client/cifar100_iid_js_client_tkd1p00_canonical_nofeat_seed0_r500.pkl
CIFAR-100,iid,78,0.23545735081036887,3,/home/minss/fl/DXFL/logs/lambda/adaptive/logs_js_granularity_temperature_canonical_no_feature/iid/seed0/js_client/cifar100_iid_js_client_tkd1p00_canonical_nofeat_seed0_r500.pkl
CIFAR-100,iid,79,0.23471641540527344,3,/home/minss/fl/DXFL/logs/lambda/adaptive/logs_js_granularity_temperature_canonical_no_feature/iid/seed0/js_client/cifar100_iid_js_client_tkd1p00_canonical_nofeat_seed0_r500.pkl
CIFAR-100,iid,80,0.22503705322742462,3,/home/minss/fl/DXFL/logs/lambda/adaptive/logs_js_granularity_temperature_canonical_no_feature/iid/seed0/js_client/cifar100_iid_js_client_tkd1p00_canonical_nofeat_seed0_r500.pkl
CIFAR-100,iid,81,0.24484506547451018,5,/home/minss/fl/DXFL/logs/lambda/adaptive/logs_js_granularity_temperature_canonical_no_feature/iid/seed0/js_client/cifar100_iid_js_client_tkd1p00_canonical_nofeat_seed0_r500.pkl
CIFAR-100,iid,82,0.19232460856437683,1,/home/minss/fl/DXFL/logs/lambda/adaptive/logs_js_granularity_temperature_canonical_no_feature/iid/seed0/js_client/cifar100_iid_js_client_tkd1p00_canonical_nofeat_seed0_r500.pkl
CIFAR-100,iid,83,0.24332949022452036,3,/home/minss/fl/DXFL/logs/lambda/adaptive/logs_js_granularity_temperature_canonical_no_feature/iid/seed0/js_client/cifar100_iid_js_client_tkd1p00_canonical_nofeat_seed0_r500.pkl
CIFAR-100,iid,84,0.20938149591286978,3,/home/minss/fl/DXFL/logs/lambda/adaptive/logs_js_granularity_temperature_canonical_no_feature/iid/seed0/js_client/cifar100_iid_js_client_tkd1p00_canonical_nofeat_seed0_r500.pkl
CIFAR-100,iid,85,0.23756566643714905,2,/home/minss/fl/DXFL/logs/lambda/adaptive/logs_js_granularity_temperature_canonical_no_feature/iid/seed0/js_client/cifar100_iid_js_client_tkd1p00_canonical_nofeat_seed0_r500.pkl
CIFAR-100,iid,86,0.23572924733161926,4,/home/minss/fl/DXFL/logs/lambda/adaptive/logs_js_granularity_temperature_canonical_no_feature/iid/seed0/js_client/cifar100_iid_js_client_tkd1p00_canonical_nofeat_seed0_r500.pkl
CIFAR-100,iid,87,0.21627721935510635,2,/home/minss/fl/DXFL/logs/lambda/adaptive/logs_js_granularity_temperature_canonical_no_feature/iid/seed0/js_client/cifar100_iid_js_client_tkd1p00_canonical_nofeat_seed0_r500.pkl
CIFAR-100,iid,88,0.22501240173975626,3,/home/minss/fl/DXFL/logs/lambda/adaptive/logs_js_granularity_temperature_canonical_no_feature/iid/seed0/js_client/cifar100_iid_js_client_tkd1p00_canonical_nofeat_seed0_r500.pkl
CIFAR-100,iid,89,0.23097389936447144,1,/home/minss/fl/DXFL/logs/lambda/adaptive/logs_js_granularity_temperature_canonical_no_feature/iid/seed0/js_client/cifar100_iid_js_client_tkd1p00_canonical_nofeat_seed0_r500.pkl
CIFAR-100,iid,90,0.22468952337900797,3,/home/minss/fl/DXFL/logs/lambda/adaptive/logs_js_granularity_temperature_canonical_no_feature/iid/seed0/js_client/cifar100_iid_js_client_tkd1p00_canonical_nofeat_seed0_r500.pkl
CIFAR-100,iid,91,0.21343383938074112,2,/home/minss/fl/DXFL/logs/lambda/adaptive/logs_js_granularity_temperature_canonical_no_feature/iid/seed0/js_client/cifar100_iid_js_client_tkd1p00_canonical_nofeat_seed0_r500.pkl
CIFAR-100,iid,92,0.22326458990573883,6,/home/minss/fl/DXFL/logs/lambda/adaptive/logs_js_granularity_temperature_canonical_no_feature/iid/seed0/js_client/cifar100_iid_js_client_tkd1p00_canonical_nofeat_seed0_r500.pkl
CIFAR-100,iid,93,0.203778725117445,4,/home/minss/fl/DXFL/logs/lambda/adaptive/logs_js_granularity_temperature_canonical_no_feature/iid/seed0/js_client/cifar100_iid_js_client_tkd1p00_canonical_nofeat_seed0_r500.pkl
CIFAR-100,iid,94,0.21461734920740128,4,/home/minss/fl/DXFL/logs/lambda/adaptive/logs_js_granularity_temperature_canonical_no_feature/iid/seed0/js_client/cifar100_iid_js_client_tkd1p00_canonical_nofeat_seed0_r500.pkl
CIFAR-100,iid,95,0.21453343828519186,3,/home/minss/fl/DXFL/logs/lambda/adaptive/logs_js_granularity_temperature_canonical_no_feature/iid/seed0/js_client/cifar100_iid_js_client_tkd1p00_canonical_nofeat_seed0_r500.pkl
CIFAR-100,iid,96,0.21444881334900856,4,/home/minss/fl/DXFL/logs/lambda/adaptive/logs_js_granularity_temperature_canonical_no_feature/iid/seed0/js_client/cifar100_iid_js_client_tkd1p00_canonical_nofeat_seed0_r500.pkl
CIFAR-100,iid,97,0.19370205700397491,2,/home/minss/fl/DXFL/logs/lambda/adaptive/logs_js_granularity_temperature_canonical_no_feature/iid/seed0/js_client/cifar100_iid_js_client_tkd1p00_canonical_nofeat_seed0_r500.pkl
CIFAR-100,iid,98,0.23062819242477417,5,/home/minss/fl/DXFL/logs/lambda/adaptive/logs_js_granularity_temperature_canonical_no_feature/iid/seed0/js_client/cifar100_iid_js_client_tkd1p00_canonical_nofeat_seed0_r500.pkl
CIFAR-100,iid,99,0.2480505332350731,4,/home/minss/fl/DXFL/logs/lambda/adaptive/logs_js_granularity_temperature_canonical_no_feature/iid/seed0/js_client/cifar100_iid_js_client_tkd1p00_canonical_nofeat_seed0_r500.pkl
CIFAR-100,beta_0.3,0,0.1670183777809143,5,/home/minss/fl/DXFL/logs/lambda/adaptive/logs_js_client_lmax_crosscheck_canonical_no_feature/cifar100/beta_0.3/seed0/lmax1p00/cifar100_beta_0.3_js_client_lmax1p00_tau0p85_tkd1p00_canonical_nofeat_seed0_r500.pkl
CIFAR-100,beta_0.3,1,0.19555535912513733,4,/home/minss/fl/DXFL/logs/lambda/adaptive/logs_js_client_lmax_crosscheck_canonical_no_feature/cifar100/beta_0.3/seed0/lmax1p00/cifar100_beta_0.3_js_client_lmax1p00_tau0p85_tkd1p00_canonical_nofeat_seed0_r500.pkl
CIFAR-100,beta_0.3,2,0.16386714577674866,1,/home/minss/fl/DXFL/logs/lambda/adaptive/logs_js_client_lmax_crosscheck_canonical_no_feature/cifar100/beta_0.3/seed0/lmax1p00/cifar100_beta_0.3_js_client_lmax1p00_tau0p85_tkd1p00_canonical_nofeat_seed0_r500.pkl
CIFAR-100,beta_0.3,3,0.15756336351235709,3,/home/minss/fl/DXFL/logs/lambda/adaptive/logs_js_client_lmax_crosscheck_canonical_no_feature/cifar100/beta_0.3/seed0/lmax1p00/cifar100_beta_0.3_js_client_lmax1p00_tau0p85_tkd1p00_canonical_nofeat_seed0_r500.pkl
CIFAR-100,beta_0.3,4,0.1715543121099472,4,/home/minss/fl/DXFL/logs/lambda/adaptive/logs_js_client_lmax_crosscheck_canonical_no_feature/cifar100/beta_0.3/seed0/lmax1p00/cifar100_beta_0.3_js_client_lmax1p00_tau0p85_tkd1p00_canonical_nofeat_seed0_r500.pkl
CIFAR-100,beta_0.3,5,0.13191881775856018,1,/home/minss/fl/DXFL/logs/lambda/adaptive/logs_js_client_lmax_crosscheck_canonical_no_feature/cifar100/beta_0.3/seed0/lmax1p00/cifar100_beta_0.3_js_client_lmax1p00_tau0p85_tkd1p00_canonical_nofeat_seed0_r500.pkl
CIFAR-100,beta_0.3,6,0.16191557049751282,1,/home/minss/fl/DXFL/logs/lambda/adaptive/logs_js_client_lmax_crosscheck_canonical_no_feature/cifar100/beta_0.3/seed0/lmax1p00/cifar100_beta_0.3_js_client_lmax1p00_tau0p85_tkd1p00_canonical_nofeat_seed0_r500.pkl
CIFAR-100,beta_0.3,7,0.16350887715816498,2,/home/minss/fl/DXFL/logs/lambda/adaptive/logs_js_client_lmax_crosscheck_canonical_no_feature/cifar100/beta_0.3/seed0/lmax1p00/cifar100_beta_0.3_js_client_lmax1p00_tau0p85_tkd1p00_canonical_nofeat_seed0_r500.pkl
CIFAR-100,beta_0.3,8,0.19866141180197397,3,/home/minss/fl/DXFL/logs/lambda/adaptive/logs_js_client_lmax_crosscheck_canonical_no_feature/cifar100/beta_0.3/seed0/lmax1p00/cifar100_beta_0.3_js_client_lmax1p00_tau0p85_tkd1p00_canonical_nofeat_seed0_r500.pkl
CIFAR-100,beta_0.3,9,0.16662989556789398,4,/home/minss/fl/DXFL/logs/lambda/adaptive/logs_js_client_lmax_crosscheck_canonical_no_feature/cifar100/beta_0.3/seed0/lmax1p00/cifar100_beta_0.3_js_client_lmax1p00_tau0p85_tkd1p00_canonical_nofeat_seed0_r500.pkl
CIFAR-100,beta_0.3,10,0.17478013535340628,3,/home/minss/fl/DXFL/logs/lambda/adaptive/logs_js_client_lmax_crosscheck_canonical_no_feature/cifar100/beta_0.3/seed0/lmax1p00/cifar100_beta_0.3_js_client_lmax1p00_tau0p85_tkd1p00_canonical_nofeat_seed0_r500.pkl
CIFAR-100,beta_0.3,11,0.16567450016736984,4,/home/minss/fl/DXFL/logs/lambda/adaptive/logs_js_client_lmax_crosscheck_canonical_no_feature/cifar100/beta_0.3/seed0/lmax1p00/cifar100_beta_0.3_js_client_lmax1p00_tau0p85_tkd1p00_canonical_nofeat_seed0_r500.pkl
CIFAR-100,beta_0.3,12,0.17278116941452026,1,/home/minss/fl/DXFL/logs/lambda/adaptive/logs_js_client_lmax_crosscheck_canonical_no_feature/cifar100/beta_0.3/seed0/lmax1p00/cifar100_beta_0.3_js_client_lmax1p00_tau0p85_tkd1p00_canonical_nofeat_seed0_r500.pkl
CIFAR-100,beta_0.3,13,0.15891940519213676,4,/home/minss/fl/DXFL/logs/lambda/adaptive/logs_js_client_lmax_crosscheck_canonical_no_feature/cifar100/beta_0.3/seed0/lmax1p00/cifar100_beta_0.3_js_client_lmax1p00_tau0p85_tkd1p00_canonical_nofeat_seed0_r500.pkl
CIFAR-100,beta_0.3,15,0.11244843900203705,1,/home/minss/fl/DXFL/logs/lambda/adaptive/logs_js_client_lmax_crosscheck_canonical_no_feature/cifar100/beta_0.3/seed0/lmax1p00/cifar100_beta_0.3_js_client_lmax1p00_tau0p85_tkd1p00_canonical_nofeat_seed0_r500.pkl
CIFAR-100,beta_0.3,16,0.16701174775759378,6,/home/minss/fl/DXFL/logs/lambda/adaptive/logs_js_client_lmax_crosscheck_canonical_no_feature/cifar100/beta_0.3/seed0/lmax1p00/cifar100_beta_0.3_js_client_lmax1p00_tau0p85_tkd1p00_canonical_nofeat_seed0_r500.pkl
CIFAR-100,beta_0.3,17,0.1790422111749649,5,/home/minss/fl/DXFL/logs/lambda/adaptive/logs_js_client_lmax_crosscheck_canonical_no_feature/cifar100/beta_0.3/seed0/lmax1p00/cifar100_beta_0.3_js_client_lmax1p00_tau0p85_tkd1p00_canonical_nofeat_seed0_r500.pkl
CIFAR-100,beta_0.3,18,0.152424618601799,1,/home/minss/fl/DXFL/logs/lambda/adaptive/logs_js_client_lmax_crosscheck_canonical_no_feature/cifar100/beta_0.3/seed0/lmax1p00/cifar100_beta_0.3_js_client_lmax1p00_tau0p85_tkd1p00_canonical_nofeat_seed0_r500.pkl
CIFAR-100,beta_0.3,19,0.13017874956130981,2,/home/minss/fl/DXFL/logs/lambda/adaptive/logs_js_client_lmax_crosscheck_canonical_no_feature/cifar100/beta_0.3/seed0/lmax1p00/cifar100_beta_0.3_js_client_lmax1p00_tau0p85_tkd1p00_canonical_nofeat_seed0_r500.pkl
CIFAR-100,beta_0.3,20,0.16445604860782623,5,/home/minss/fl/DXFL/logs/lambda/adaptive/logs_js_client_lmax_crosscheck_canonical_no_feature/cifar100/beta_0.3/seed0/lmax1p00/cifar100_beta_0.3_js_client_lmax1p00_tau0p85_tkd1p00_canonical_nofeat_seed0_r500.pkl
CIFAR-100,beta_0.3,21,0.16950088739395142,3,/home/minss/fl/DXFL/logs/lambda/adaptive/logs_js_client_lmax_crosscheck_canonical_no_feature/cifar100/beta_0.3/seed0/lmax1p00/cifar100_beta_0.3_js_client_lmax1p00_tau0p85_tkd1p00_canonical_nofeat_seed0_r500.pkl
CIFAR-100,beta_0.3,22,0.16642925888299942,4,/home/minss/fl/DXFL/logs/lambda/adaptive/logs_js_client_lmax_crosscheck_canonical_no_feature/cifar100/beta_0.3/seed0/lmax1p00/cifar100_beta_0.3_js_client_lmax1p00_tau0p85_tkd1p00_canonical_nofeat_seed0_r500.pkl
CIFAR-100,beta_0.3,23,0.12719765305519104,1,/home/minss/fl/DXFL/logs/lambda/adaptive/logs_js_client_lmax_crosscheck_canonical_no_feature/cifar100/beta_0.3/seed0/lmax1p00/cifar100_beta_0.3_js_client_lmax1p00_tau0p85_tkd1p00_canonical_nofeat_seed0_r500.pkl
CIFAR-100,beta_0.3,24,0.14915421605110168,4,/home/minss/fl/DXFL/logs/lambda/adaptive/logs_js_client_lmax_crosscheck_canonical_no_feature/cifar100/beta_0.3/seed0/lmax1p00/cifar100_beta_0.3_js_client_lmax1p00_tau0p85_tkd1p00_canonical_nofeat_seed0_r500.pkl
CIFAR-100,beta_0.3,25,0.15641580522060394,3,/home/minss/fl/DXFL/logs/lambda/adaptive/logs_js_client_lmax_crosscheck_canonical_no_feature/cifar100/beta_0.3/seed0/lmax1p00/cifar100_beta_0.3_js_client_lmax1p00_tau0p85_tkd1p00_canonical_nofeat_seed0_r500.pkl
CIFAR-100,beta_0.3,26,0.19935106486082077,6,/home/minss/fl/DXFL/logs/lambda/adaptive/logs_js_client_lmax_crosscheck_canonical_no_feature/cifar100/beta_0.3/seed0/lmax1p00/cifar100_beta_0.3_js_client_lmax1p00_tau0p85_tkd1p00_canonical_nofeat_seed0_r500.pkl
CIFAR-100,beta_0.3,27,0.18527908126513162,3,/home/minss/fl/DXFL/logs/lambda/adaptive/logs_js_client_lmax_crosscheck_canonical_no_feature/cifar100/beta_0.3/seed0/lmax1p00/cifar100_beta_0.3_js_client_lmax1p00_tau0p85_tkd1p00_canonical_nofeat_seed0_r500.pkl
CIFAR-100,beta_0.3,28,0.18858274817466736,1,/home/minss/fl/DXFL/logs/lambda/adaptive/logs_js_client_lmax_crosscheck_canonical_no_feature/cifar100/beta_0.3/seed0/lmax1p00/cifar100_beta_0.3_js_client_lmax1p00_tau0p85_tkd1p00_canonical_nofeat_seed0_r500.pkl
CIFAR-100,beta_0.3,29,0.16878867149353027,4,/home/minss/fl/DXFL/logs/lambda/adaptive/logs_js_client_lmax_crosscheck_canonical_no_feature/cifar100/beta_0.3/seed0/lmax1p00/cifar100_beta_0.3_js_client_lmax1p00_tau0p85_tkd1p00_canonical_nofeat_seed0_r500.pkl
CIFAR-100,beta_0.3,31,0.1434074342250824,2,/home/minss/fl/DXFL/logs/lambda/adaptive/logs_js_client_lmax_crosscheck_canonical_no_feature/cifar100/beta_0.3/seed0/lmax1p00/cifar100_beta_0.3_js_client_lmax1p00_tau0p85_tkd1p00_canonical_nofeat_seed0_r500.pkl
CIFAR-100,beta_0.3,32,0.17868043780326842,5,/home/minss/fl/DXFL/logs/lambda/adaptive/logs_js_client_lmax_crosscheck_canonical_no_feature/cifar100/beta_0.3/seed0/lmax1p00/cifar100_beta_0.3_js_client_lmax1p00_tau0p85_tkd1p00_canonical_nofeat_seed0_r500.pkl
CIFAR-100,beta_0.3,33,0.1479005478322506,4,/home/minss/fl/DXFL/logs/lambda/adaptive/logs_js_client_lmax_crosscheck_canonical_no_feature/cifar100/beta_0.3/seed0/lmax1p00/cifar100_beta_0.3_js_client_lmax1p00_tau0p85_tkd1p00_canonical_nofeat_seed0_r500.pkl
CIFAR-100,beta_0.3,34,0.17545956373214722,3,/home/minss/fl/DXFL/logs/lambda/adaptive/logs_js_client_lmax_crosscheck_canonical_no_feature/cifar100/beta_0.3/seed0/lmax1p00/cifar100_beta_0.3_js_client_lmax1p00_tau0p85_tkd1p00_canonical_nofeat_seed0_r500.pkl
CIFAR-100,beta_0.3,35,0.186555415391922,5,/home/minss/fl/DXFL/logs/lambda/adaptive/logs_js_client_lmax_crosscheck_canonical_no_feature/cifar100/beta_0.3/seed0/lmax1p00/cifar100_beta_0.3_js_client_lmax1p00_tau0p85_tkd1p00_canonical_nofeat_seed0_r500.pkl
CIFAR-100,beta_0.3,36,0.16843455036481222,3,/home/minss/fl/DXFL/logs/lambda/adaptive/logs_js_client_lmax_crosscheck_canonical_no_feature/cifar100/beta_0.3/seed0/lmax1p00/cifar100_beta_0.3_js_client_lmax1p00_tau0p85_tkd1p00_canonical_nofeat_seed0_r500.pkl
CIFAR-100,beta_0.3,37,0.1700301617383957,2,/home/minss/fl/DXFL/logs/lambda/adaptive/logs_js_client_lmax_crosscheck_canonical_no_feature/cifar100/beta_0.3/seed0/lmax1p00/cifar100_beta_0.3_js_client_lmax1p00_tau0p85_tkd1p00_canonical_nofeat_seed0_r500.pkl
CIFAR-100,beta_0.3,38,0.17884378135204315,4,/home/minss/fl/DXFL/logs/lambda/adaptive/logs_js_client_lmax_crosscheck_canonical_no_feature/cifar100/beta_0.3/seed0/lmax1p00/cifar100_beta_0.3_js_client_lmax1p00_tau0p85_tkd1p00_canonical_nofeat_seed0_r500.pkl
CIFAR-100,beta_0.3,40,0.18941742926836014,2,/home/minss/fl/DXFL/logs/lambda/adaptive/logs_js_client_lmax_crosscheck_canonical_no_feature/cifar100/beta_0.3/seed0/lmax1p00/cifar100_beta_0.3_js_client_lmax1p00_tau0p85_tkd1p00_canonical_nofeat_seed0_r500.pkl
CIFAR-100,beta_0.3,41,0.14875364303588867,3,/home/minss/fl/DXFL/logs/lambda/adaptive/logs_js_client_lmax_crosscheck_canonical_no_feature/cifar100/beta_0.3/seed0/lmax1p00/cifar100_beta_0.3_js_client_lmax1p00_tau0p85_tkd1p00_canonical_nofeat_seed0_r500.pkl
CIFAR-100,beta_0.3,42,0.19151015082995096,3,/home/minss/fl/DXFL/logs/lambda/adaptive/logs_js_client_lmax_crosscheck_canonical_no_feature/cifar100/beta_0.3/seed0/lmax1p00/cifar100_beta_0.3_js_client_lmax1p00_tau0p85_tkd1p00_canonical_nofeat_seed0_r500.pkl
CIFAR-100,beta_0.3,43,0.15944523736834526,4,/home/minss/fl/DXFL/logs/lambda/adaptive/logs_js_client_lmax_crosscheck_canonical_no_feature/cifar100/beta_0.3/seed0/lmax1p00/cifar100_beta_0.3_js_client_lmax1p00_tau0p85_tkd1p00_canonical_nofeat_seed0_r500.pkl
CIFAR-100,beta_0.3,44,0.17653368413448334,3,/home/minss/fl/DXFL/logs/lambda/adaptive/logs_js_client_lmax_crosscheck_canonical_no_feature/cifar100/beta_0.3/seed0/lmax1p00/cifar100_beta_0.3_js_client_lmax1p00_tau0p85_tkd1p00_canonical_nofeat_seed0_r500.pkl
CIFAR-100,beta_0.3,45,0.161875182390213,5,/home/minss/fl/DXFL/logs/lambda/adaptive/logs_js_client_lmax_crosscheck_canonical_no_feature/cifar100/beta_0.3/seed0/lmax1p00/cifar100_beta_0.3_js_client_lmax1p00_tau0p85_tkd1p00_canonical_nofeat_seed0_r500.pkl
CIFAR-100,beta_0.3,46,0.15674225240945816,2,/home/minss/fl/DXFL/logs/lambda/adaptive/logs_js_client_lmax_crosscheck_canonical_no_feature/cifar100/beta_0.3/seed0/lmax1p00/cifar100_beta_0.3_js_client_lmax1p00_tau0p85_tkd1p00_canonical_nofeat_seed0_r500.pkl
CIFAR-100,beta_0.3,47,0.16774903237819672,3,/home/minss/fl/DXFL/logs/lambda/adaptive/logs_js_client_lmax_crosscheck_canonical_no_feature/cifar100/beta_0.3/seed0/lmax1p00/cifar100_beta_0.3_js_client_lmax1p00_tau0p85_tkd1p00_canonical_nofeat_seed0_r500.pkl
CIFAR-100,beta_0.3,48,0.14698481559753418,1,/home/minss/fl/DXFL/logs/lambda/adaptive/logs_js_client_lmax_crosscheck_canonical_no_feature/cifar100/beta_0.3/seed0/lmax1p00/cifar100_beta_0.3_js_client_lmax1p00_tau0p85_tkd1p00_canonical_nofeat_seed0_r500.pkl
CIFAR-100,beta_0.3,49,0.19445007046063742,3,/home/minss/fl/DXFL/logs/lambda/adaptive/logs_js_client_lmax_crosscheck_canonical_no_feature/cifar100/beta_0.3/seed0/lmax1p00/cifar100_beta_0.3_js_client_lmax1p00_tau0p85_tkd1p00_canonical_nofeat_seed0_r500.pkl
CIFAR-100,beta_0.3,50,0.16584723815321922,4,/home/minss/fl/DXFL/logs/lambda/adaptive/logs_js_client_lmax_crosscheck_canonical_no_feature/cifar100/beta_0.3/seed0/lmax1p00/cifar100_beta_0.3_js_client_lmax1p00_tau0p85_tkd1p00_canonical_nofeat_seed0_r500.pkl
CIFAR-100,beta_0.3,51,0.1566391388575236,3,/home/minss/fl/DXFL/logs/lambda/adaptive/logs_js_client_lmax_crosscheck_canonical_no_feature/cifar100/beta_0.3/seed0/lmax1p00/cifar100_beta_0.3_js_client_lmax1p00_tau0p85_tkd1p00_canonical_nofeat_seed0_r500.pkl
CIFAR-100,beta_0.3,52,0.15771323069930077,4,/home/minss/fl/DXFL/logs/lambda/adaptive/logs_js_client_lmax_crosscheck_canonical_no_feature/cifar100/beta_0.3/seed0/lmax1p00/cifar100_beta_0.3_js_client_lmax1p00_tau0p85_tkd1p00_canonical_nofeat_seed0_r500.pkl
CIFAR-100,beta_0.3,53,0.16724361777305602,5,/home/minss/fl/DXFL/logs/lambda/adaptive/logs_js_client_lmax_crosscheck_canonical_no_feature/cifar100/beta_0.3/seed0/lmax1p00/cifar100_beta_0.3_js_client_lmax1p00_tau0p85_tkd1p00_canonical_nofeat_seed0_r500.pkl
CIFAR-100,beta_0.3,54,0.16722557321190834,4,/home/minss/fl/DXFL/logs/lambda/adaptive/logs_js_client_lmax_crosscheck_canonical_no_feature/cifar100/beta_0.3/seed0/lmax1p00/cifar100_beta_0.3_js_client_lmax1p00_tau0p85_tkd1p00_canonical_nofeat_seed0_r500.pkl
CIFAR-100,beta_0.3,55,0.1685547629992167,3,/home/minss/fl/DXFL/logs/lambda/adaptive/logs_js_client_lmax_crosscheck_canonical_no_feature/cifar100/beta_0.3/seed0/lmax1p00/cifar100_beta_0.3_js_client_lmax1p00_tau0p85_tkd1p00_canonical_nofeat_seed0_r500.pkl
CIFAR-100,beta_0.3,56,0.17455427646636962,5,/home/minss/fl/DXFL/logs/lambda/adaptive/logs_js_client_lmax_crosscheck_canonical_no_feature/cifar100/beta_0.3/seed0/lmax1p00/cifar100_beta_0.3_js_client_lmax1p00_tau0p85_tkd1p00_canonical_nofeat_seed0_r500.pkl
CIFAR-100,beta_0.3,57,0.18148896098136902,1,/home/minss/fl/DXFL/logs/lambda/adaptive/logs_js_client_lmax_crosscheck_canonical_no_feature/cifar100/beta_0.3/seed0/lmax1p00/cifar100_beta_0.3_js_client_lmax1p00_tau0p85_tkd1p00_canonical_nofeat_seed0_r500.pkl
CIFAR-100,beta_0.3,58,0.1593073010444641,4,/home/minss/fl/DXFL/logs/lambda/adaptive/logs_js_client_lmax_crosscheck_canonical_no_feature/cifar100/beta_0.3/seed0/lmax1p00/cifar100_beta_0.3_js_client_lmax1p00_tau0p85_tkd1p00_canonical_nofeat_seed0_r500.pkl
CIFAR-100,beta_0.3,59,0.1796286404132843,2,/home/minss/fl/DXFL/logs/lambda/adaptive/logs_js_client_lmax_crosscheck_canonical_no_feature/cifar100/beta_0.3/seed0/lmax1p00/cifar100_beta_0.3_js_client_lmax1p00_tau0p85_tkd1p00_canonical_nofeat_seed0_r500.pkl
CIFAR-100,beta_0.3,60,0.14965762197971344,2,/home/minss/fl/DXFL/logs/lambda/adaptive/logs_js_client_lmax_crosscheck_canonical_no_feature/cifar100/beta_0.3/seed0/lmax1p00/cifar100_beta_0.3_js_client_lmax1p00_tau0p85_tkd1p00_canonical_nofeat_seed0_r500.pkl
CIFAR-100,beta_0.3,61,0.17042661011219024,5,/home/minss/fl/DXFL/logs/lambda/adaptive/logs_js_client_lmax_crosscheck_canonical_no_feature/cifar100/beta_0.3/seed0/lmax1p00/cifar100_beta_0.3_js_client_lmax1p00_tau0p85_tkd1p00_canonical_nofeat_seed0_r500.pkl
CIFAR-100,beta_0.3,62,0.15127362310886383,2,/home/minss/fl/DXFL/logs/lambda/adaptive/logs_js_client_lmax_crosscheck_canonical_no_feature/cifar100/beta_0.3/seed0/lmax1p00/cifar100_beta_0.3_js_client_lmax1p00_tau0p85_tkd1p00_canonical_nofeat_seed0_r500.pkl
CIFAR-100,beta_0.3,63,0.17033132910728455,1,/home/minss/fl/DXFL/logs/lambda/adaptive/logs_js_client_lmax_crosscheck_canonical_no_feature/cifar100/beta_0.3/seed0/lmax1p00/cifar100_beta_0.3_js_client_lmax1p00_tau0p85_tkd1p00_canonical_nofeat_seed0_r500.pkl
CIFAR-100,beta_0.3,64,0.16279877225557962,3,/home/minss/fl/DXFL/logs/lambda/adaptive/logs_js_client_lmax_crosscheck_canonical_no_feature/cifar100/beta_0.3/seed0/lmax1p00/cifar100_beta_0.3_js_client_lmax1p00_tau0p85_tkd1p00_canonical_nofeat_seed0_r500.pkl
CIFAR-100,beta_0.3,65,0.17036553844809532,4,/home/minss/fl/DXFL/logs/lambda/adaptive/logs_js_client_lmax_crosscheck_canonical_no_feature/cifar100/beta_0.3/seed0/lmax1p00/cifar100_beta_0.3_js_client_lmax1p00_tau0p85_tkd1p00_canonical_nofeat_seed0_r500.pkl
CIFAR-100,beta_0.3,66,0.19172200933098793,4,/home/minss/fl/DXFL/logs/lambda/adaptive/logs_js_client_lmax_crosscheck_canonical_no_feature/cifar100/beta_0.3/seed0/lmax1p00/cifar100_beta_0.3_js_client_lmax1p00_tau0p85_tkd1p00_canonical_nofeat_seed0_r500.pkl
CIFAR-100,beta_0.3,68,0.16703596711158752,2,/home/minss/fl/DXFL/logs/lambda/adaptive/logs_js_client_lmax_crosscheck_canonical_no_feature/cifar100/beta_0.3/seed0/lmax1p00/cifar100_beta_0.3_js_client_lmax1p00_tau0p85_tkd1p00_canonical_nofeat_seed0_r500.pkl
CIFAR-100,beta_0.3,69,0.17559071779251098,5,/home/minss/fl/DXFL/logs/lambda/adaptive/logs_js_client_lmax_crosscheck_canonical_no_feature/cifar100/beta_0.3/seed0/lmax1p00/cifar100_beta_0.3_js_client_lmax1p00_tau0p85_tkd1p00_canonical_nofeat_seed0_r500.pkl
CIFAR-100,beta_0.3,70,0.1736021339893341,3,/home/minss/fl/DXFL/logs/lambda/adaptive/logs_js_client_lmax_crosscheck_canonical_no_feature/cifar100/beta_0.3/seed0/lmax1p00/cifar100_beta_0.3_js_client_lmax1p00_tau0p85_tkd1p00_canonical_nofeat_seed0_r500.pkl
CIFAR-100,beta_0.3,71,0.16917060315608978,3,/home/minss/fl/DXFL/logs/lambda/adaptive/logs_js_client_lmax_crosscheck_canonical_no_feature/cifar100/beta_0.3/seed0/lmax1p00/cifar100_beta_0.3_js_client_lmax1p00_tau0p85_tkd1p00_canonical_nofeat_seed0_r500.pkl
CIFAR-100,beta_0.3,72,0.18166667222976685,3,/home/minss/fl/DXFL/logs/lambda/adaptive/logs_js_client_lmax_crosscheck_canonical_no_feature/cifar100/beta_0.3/seed0/lmax1p00/cifar100_beta_0.3_js_client_lmax1p00_tau0p85_tkd1p00_canonical_nofeat_seed0_r500.pkl
CIFAR-100,beta_0.3,73,0.1800951026380062,4,/home/minss/fl/DXFL/logs/lambda/adaptive/logs_js_client_lmax_crosscheck_canonical_no_feature/cifar100/beta_0.3/seed0/lmax1p00/cifar100_beta_0.3_js_client_lmax1p00_tau0p85_tkd1p00_canonical_nofeat_seed0_r500.pkl
CIFAR-100,beta_0.3,74,0.19001675148804983,3,/home/minss/fl/DXFL/logs/lambda/adaptive/logs_js_client_lmax_crosscheck_canonical_no_feature/cifar100/beta_0.3/seed0/lmax1p00/cifar100_beta_0.3_js_client_lmax1p00_tau0p85_tkd1p00_canonical_nofeat_seed0_r500.pkl
CIFAR-100,beta_0.3,75,0.16491901874542236,3,/home/minss/fl/DXFL/logs/lambda/adaptive/logs_js_client_lmax_crosscheck_canonical_no_feature/cifar100/beta_0.3/seed0/lmax1p00/cifar100_beta_0.3_js_client_lmax1p00_tau0p85_tkd1p00_canonical_nofeat_seed0_r500.pkl
CIFAR-100,beta_0.3,76,0.15982518096764883,3,/home/minss/fl/DXFL/logs/lambda/adaptive/logs_js_client_lmax_crosscheck_canonical_no_feature/cifar100/beta_0.3/seed0/lmax1p00/cifar100_beta_0.3_js_client_lmax1p00_tau0p85_tkd1p00_canonical_nofeat_seed0_r500.pkl
CIFAR-100,beta_0.3,77,0.17891421914100647,3,/home/minss/fl/DXFL/logs/lambda/adaptive/logs_js_client_lmax_crosscheck_canonical_no_feature/cifar100/beta_0.3/seed0/lmax1p00/cifar100_beta_0.3_js_client_lmax1p00_tau0p85_tkd1p00_canonical_nofeat_seed0_r500.pkl
CIFAR-100,beta_0.3,78,0.15032535791397095,1,/home/minss/fl/DXFL/logs/lambda/adaptive/logs_js_client_lmax_crosscheck_canonical_no_feature/cifar100/beta_0.3/seed0/lmax1p00/cifar100_beta_0.3_js_client_lmax1p00_tau0p85_tkd1p00_canonical_nofeat_seed0_r500.pkl
CIFAR-100,beta_0.3,79,0.18722952902317047,5,/home/minss/fl/DXFL/logs/lambda/adaptive/logs_js_client_lmax_crosscheck_canonical_no_feature/cifar100/beta_0.3/seed0/lmax1p00/cifar100_beta_0.3_js_client_lmax1p00_tau0p85_tkd1p00_canonical_nofeat_seed0_r500.pkl
CIFAR-100,beta_0.3,80,0.17888790369033813,1,/home/minss/fl/DXFL/logs/lambda/adaptive/logs_js_client_lmax_crosscheck_canonical_no_feature/cifar100/beta_0.3/seed0/lmax1p00/cifar100_beta_0.3_js_client_lmax1p00_tau0p85_tkd1p00_canonical_nofeat_seed0_r500.pkl
CIFAR-100,beta_0.3,81,0.1660217046737671,1,/home/minss/fl/DXFL/logs/lambda/adaptive/logs_js_client_lmax_crosscheck_canonical_no_feature/cifar100/beta_0.3/seed0/lmax1p00/cifar100_beta_0.3_js_client_lmax1p00_tau0p85_tkd1p00_canonical_nofeat_seed0_r500.pkl
CIFAR-100,beta_0.3,82,0.1829729862511158,4,/home/minss/fl/DXFL/logs/lambda/adaptive/logs_js_client_lmax_crosscheck_canonical_no_feature/cifar100/beta_0.3/seed0/lmax1p00/cifar100_beta_0.3_js_client_lmax1p00_tau0p85_tkd1p00_canonical_nofeat_seed0_r500.pkl
CIFAR-100,beta_0.3,83,0.1402302086353302,1,/home/minss/fl/DXFL/logs/lambda/adaptive/logs_js_client_lmax_crosscheck_canonical_no_feature/cifar100/beta_0.3/seed0/lmax1p00/cifar100_beta_0.3_js_client_lmax1p00_tau0p85_tkd1p00_canonical_nofeat_seed0_r500.pkl
CIFAR-100,beta_0.3,84,0.18519651293754577,5,/home/minss/fl/DXFL/logs/lambda/adaptive/logs_js_client_lmax_crosscheck_canonical_no_feature/cifar100/beta_0.3/seed0/lmax1p00/cifar100_beta_0.3_js_client_lmax1p00_tau0p85_tkd1p00_canonical_nofeat_seed0_r500.pkl
CIFAR-100,beta_0.3,85,0.16369760632514954,5,/home/minss/fl/DXFL/logs/lambda/adaptive/logs_js_client_lmax_crosscheck_canonical_no_feature/cifar100/beta_0.3/seed0/lmax1p00/cifar100_beta_0.3_js_client_lmax1p00_tau0p85_tkd1p00_canonical_nofeat_seed0_r500.pkl
CIFAR-100,beta_0.3,86,0.141951784491539,2,/home/minss/fl/DXFL/logs/lambda/adaptive/logs_js_client_lmax_crosscheck_canonical_no_feature/cifar100/beta_0.3/seed0/lmax1p00/cifar100_beta_0.3_js_client_lmax1p00_tau0p85_tkd1p00_canonical_nofeat_seed0_r500.pkl
CIFAR-100,beta_0.3,87,0.19391253093878427,3,/home/minss/fl/DXFL/logs/lambda/adaptive/logs_js_client_lmax_crosscheck_canonical_no_feature/cifar100/beta_0.3/seed0/lmax1p00/cifar100_beta_0.3_js_client_lmax1p00_tau0p85_tkd1p00_canonical_nofeat_seed0_r500.pkl
CIFAR-100,beta_0.3,88,0.17183227837085724,3,/home/minss/fl/DXFL/logs/lambda/adaptive/logs_js_client_lmax_crosscheck_canonical_no_feature/cifar100/beta_0.3/seed0/lmax1p00/cifar100_beta_0.3_js_client_lmax1p00_tau0p85_tkd1p00_canonical_nofeat_seed0_r500.pkl
CIFAR-100,beta_0.3,91,0.17531943817933401,6,/home/minss/fl/DXFL/logs/lambda/adaptive/logs_js_client_lmax_crosscheck_canonical_no_feature/cifar100/beta_0.3/seed0/lmax1p00/cifar100_beta_0.3_js_client_lmax1p00_tau0p85_tkd1p00_canonical_nofeat_seed0_r500.pkl
CIFAR-100,beta_0.3,92,0.16616961359977722,1,/home/minss/fl/DXFL/logs/lambda/adaptive/logs_js_client_lmax_crosscheck_canonical_no_feature/cifar100/beta_0.3/seed0/lmax1p00/cifar100_beta_0.3_js_client_lmax1p00_tau0p85_tkd1p00_canonical_nofeat_seed0_r500.pkl
CIFAR-100,beta_0.3,93,0.1667294204235077,5,/home/minss/fl/DXFL/logs/lambda/adaptive/logs_js_client_lmax_crosscheck_canonical_no_feature/cifar100/beta_0.3/seed0/lmax1p00/cifar100_beta_0.3_js_client_lmax1p00_tau0p85_tkd1p00_canonical_nofeat_seed0_r500.pkl
CIFAR-100,beta_0.3,94,0.18383315205574036,2,/home/minss/fl/DXFL/logs/lambda/adaptive/logs_js_client_lmax_crosscheck_canonical_no_feature/cifar100/beta_0.3/seed0/lmax1p00/cifar100_beta_0.3_js_client_lmax1p00_tau0p85_tkd1p00_canonical_nofeat_seed0_r500.pkl
CIFAR-100,beta_0.3,95,0.18231983184814454,5,/home/minss/fl/DXFL/logs/lambda/adaptive/logs_js_client_lmax_crosscheck_canonical_no_feature/cifar100/beta_0.3/seed0/lmax1p00/cifar100_beta_0.3_js_client_lmax1p00_tau0p85_tkd1p00_canonical_nofeat_seed0_r500.pkl
CIFAR-100,beta_0.3,96,0.15917952358722687,3,/home/minss/fl/DXFL/logs/lambda/adaptive/logs_js_client_lmax_crosscheck_canonical_no_feature/cifar100/beta_0.3/seed0/lmax1p00/cifar100_beta_0.3_js_client_lmax1p00_tau0p85_tkd1p00_canonical_nofeat_seed0_r500.pkl
CIFAR-100,beta_0.3,97,0.1964006870985031,2,/home/minss/fl/DXFL/logs/lambda/adaptive/logs_js_client_lmax_crosscheck_canonical_no_feature/cifar100/beta_0.3/seed0/lmax1p00/cifar100_beta_0.3_js_client_lmax1p00_tau0p85_tkd1p00_canonical_nofeat_seed0_r500.pkl
CIFAR-100,beta_0.3,98,0.15964082947799138,7,/home/minss/fl/DXFL/logs/lambda/adaptive/logs_js_client_lmax_crosscheck_canonical_no_feature/cifar100/beta_0.3/seed0/lmax1p00/cifar100_beta_0.3_js_client_lmax1p00_tau0p85_tkd1p00_canonical_nofeat_seed0_r500.pkl
CIFAR-100,beta_0.3,99,0.16385700181126595,4,/home/minss/fl/DXFL/logs/lambda/adaptive/logs_js_client_lmax_crosscheck_canonical_no_feature/cifar100/beta_0.3/seed0/lmax1p00/cifar100_beta_0.3_js_client_lmax1p00_tau0p85_tkd1p00_canonical_nofeat_seed0_r500.pkl
CIFAR-100,beta_0.1,0,0.1230052188038826,4,/home/minss/fl/DXFL/logs/lambda/adaptive/logs_js_granularity_temperature_canonical_no_feature/beta_0.1/seed0/js_client/cifar100_beta_0.1_js_client_tkd1p00_canonical_nofeat_seed0_r500.pkl
CIFAR-100,beta_0.1,1,0.08065162918397359,7,/home/minss/fl/DXFL/logs/lambda/adaptive/logs_js_granularity_temperature_canonical_no_feature/beta_0.1/seed0/js_client/cifar100_beta_0.1_js_client_tkd1p00_canonical_nofeat_seed0_r500.pkl
CIFAR-100,beta_0.1,2,0.08607149496674538,2,/home/minss/fl/DXFL/logs/lambda/adaptive/logs_js_granularity_temperature_canonical_no_feature/beta_0.1/seed0/js_client/cifar100_beta_0.1_js_client_tkd1p00_canonical_nofeat_seed0_r500.pkl
CIFAR-100,beta_0.1,3,0.13805027306079865,2,/home/minss/fl/DXFL/logs/lambda/adaptive/logs_js_granularity_temperature_canonical_no_feature/beta_0.1/seed0/js_client/cifar100_beta_0.1_js_client_tkd1p00_canonical_nofeat_seed0_r500.pkl
CIFAR-100,beta_0.1,4,0.09630569256842136,4,/home/minss/fl/DXFL/logs/lambda/adaptive/logs_js_granularity_temperature_canonical_no_feature/beta_0.1/seed0/js_client/cifar100_beta_0.1_js_client_tkd1p00_canonical_nofeat_seed0_r500.pkl
CIFAR-100,beta_0.1,5,0.07485000602900982,2,/home/minss/fl/DXFL/logs/lambda/adaptive/logs_js_granularity_temperature_canonical_no_feature/beta_0.1/seed0/js_client/cifar100_beta_0.1_js_client_tkd1p00_canonical_nofeat_seed0_r500.pkl
CIFAR-100,beta_0.1,6,0.1096411794424057,2,/home/minss/fl/DXFL/logs/lambda/adaptive/logs_js_granularity_temperature_canonical_no_feature/beta_0.1/seed0/js_client/cifar100_beta_0.1_js_client_tkd1p00_canonical_nofeat_seed0_r500.pkl
CIFAR-100,beta_0.1,7,0.06778507679700851,1,/home/minss/fl/DXFL/logs/lambda/adaptive/logs_js_granularity_temperature_canonical_no_feature/beta_0.1/seed0/js_client/cifar100_beta_0.1_js_client_tkd1p00_canonical_nofeat_seed0_r500.pkl
CIFAR-100,beta_0.1,8,0.08202410986026128,3,/home/minss/fl/DXFL/logs/lambda/adaptive/logs_js_granularity_temperature_canonical_no_feature/beta_0.1/seed0/js_client/cifar100_beta_0.1_js_client_tkd1p00_canonical_nofeat_seed0_r500.pkl
CIFAR-100,beta_0.1,9,0.08951281259457271,3,/home/minss/fl/DXFL/logs/lambda/adaptive/logs_js_granularity_temperature_canonical_no_feature/beta_0.1/seed0/js_client/cifar100_beta_0.1_js_client_tkd1p00_canonical_nofeat_seed0_r500.pkl
CIFAR-100,beta_0.1,10,0.11443527787923813,1,/home/minss/fl/DXFL/logs/lambda/adaptive/logs_js_granularity_temperature_canonical_no_feature/beta_0.1/seed0/js_client/cifar100_beta_0.1_js_client_tkd1p00_canonical_nofeat_seed0_r500.pkl
CIFAR-100,beta_0.1,11,0.10523500293493271,1,/home/minss/fl/DXFL/logs/lambda/adaptive/logs_js_granularity_temperature_canonical_no_feature/beta_0.1/seed0/js_client/cifar100_beta_0.1_js_client_tkd1p00_canonical_nofeat_seed0_r500.pkl
CIFAR-100,beta_0.1,12,0.09362979233264923,3,/home/minss/fl/DXFL/logs/lambda/adaptive/logs_js_granularity_temperature_canonical_no_feature/beta_0.1/seed0/js_client/cifar100_beta_0.1_js_client_tkd1p00_canonical_nofeat_seed0_r500.pkl
CIFAR-100,beta_0.1,13,0.11402543261647224,2,/home/minss/fl/DXFL/logs/lambda/adaptive/logs_js_granularity_temperature_canonical_no_feature/beta_0.1/seed0/js_client/cifar100_beta_0.1_js_client_tkd1p00_canonical_nofeat_seed0_r500.pkl
CIFAR-100,beta_0.1,15,0.1042264923453331,1,/home/minss/fl/DXFL/logs/lambda/adaptive/logs_js_granularity_temperature_canonical_no_feature/beta_0.1/seed0/js_client/cifar100_beta_0.1_js_client_tkd1p00_canonical_nofeat_seed0_r500.pkl
CIFAR-100,beta_0.1,16,0.09341898374259472,4,/home/minss/fl/DXFL/logs/lambda/adaptive/logs_js_granularity_temperature_canonical_no_feature/beta_0.1/seed0/js_client/cifar100_beta_0.1_js_client_tkd1p00_canonical_nofeat_seed0_r500.pkl
CIFAR-100,beta_0.1,17,0.09789766557514668,4,/home/minss/fl/DXFL/logs/lambda/adaptive/logs_js_granularity_temperature_canonical_no_feature/beta_0.1/seed0/js_client/cifar100_beta_0.1_js_client_tkd1p00_canonical_nofeat_seed0_r500.pkl
CIFAR-100,beta_0.1,18,0.06518109887838364,1,/home/minss/fl/DXFL/logs/lambda/adaptive/logs_js_granularity_temperature_canonical_no_feature/beta_0.1/seed0/js_client/cifar100_beta_0.1_js_client_tkd1p00_canonical_nofeat_seed0_r500.pkl
CIFAR-100,beta_0.1,19,0.08089005574584007,2,/home/minss/fl/DXFL/logs/lambda/adaptive/logs_js_granularity_temperature_canonical_no_feature/beta_0.1/seed0/js_client/cifar100_beta_0.1_js_client_tkd1p00_canonical_nofeat_seed0_r500.pkl
CIFAR-100,beta_0.1,20,0.12888058523337045,6,/home/minss/fl/DXFL/logs/lambda/adaptive/logs_js_granularity_temperature_canonical_no_feature/beta_0.1/seed0/js_client/cifar100_beta_0.1_js_client_tkd1p00_canonical_nofeat_seed0_r500.pkl
CIFAR-100,beta_0.1,21,0.11515275885661443,3,/home/minss/fl/DXFL/logs/lambda/adaptive/logs_js_granularity_temperature_canonical_no_feature/beta_0.1/seed0/js_client/cifar100_beta_0.1_js_client_tkd1p00_canonical_nofeat_seed0_r500.pkl
CIFAR-100,beta_0.1,22,0.08201674868663152,3,/home/minss/fl/DXFL/logs/lambda/adaptive/logs_js_granularity_temperature_canonical_no_feature/beta_0.1/seed0/js_client/cifar100_beta_0.1_js_client_tkd1p00_canonical_nofeat_seed0_r500.pkl
CIFAR-100,beta_0.1,23,0.09171237796545029,1,/home/minss/fl/DXFL/logs/lambda/adaptive/logs_js_granularity_temperature_canonical_no_feature/beta_0.1/seed0/js_client/cifar100_beta_0.1_js_client_tkd1p00_canonical_nofeat_seed0_r500.pkl
CIFAR-100,beta_0.1,24,0.09456563989321391,6,/home/minss/fl/DXFL/logs/lambda/adaptive/logs_js_granularity_temperature_canonical_no_feature/beta_0.1/seed0/js_client/cifar100_beta_0.1_js_client_tkd1p00_canonical_nofeat_seed0_r500.pkl
CIFAR-100,beta_0.1,25,0.08684087793032329,3,/home/minss/fl/DXFL/logs/lambda/adaptive/logs_js_granularity_temperature_canonical_no_feature/beta_0.1/seed0/js_client/cifar100_beta_0.1_js_client_tkd1p00_canonical_nofeat_seed0_r500.pkl
CIFAR-100,beta_0.1,26,0.11771680290500323,6,/home/minss/fl/DXFL/logs/lambda/adaptive/logs_js_granularity_temperature_canonical_no_feature/beta_0.1/seed0/js_client/cifar100_beta_0.1_js_client_tkd1p00_canonical_nofeat_seed0_r500.pkl
CIFAR-100,beta_0.1,27,0.08393733638028304,6,/home/minss/fl/DXFL/logs/lambda/adaptive/logs_js_granularity_temperature_canonical_no_feature/beta_0.1/seed0/js_client/cifar100_beta_0.1_js_client_tkd1p00_canonical_nofeat_seed0_r500.pkl
CIFAR-100,beta_0.1,28,0.07177132864793141,3,/home/minss/fl/DXFL/logs/lambda/adaptive/logs_js_granularity_temperature_canonical_no_feature/beta_0.1/seed0/js_client/cifar100_beta_0.1_js_client_tkd1p00_canonical_nofeat_seed0_r500.pkl
CIFAR-100,beta_0.1,29,0.10490690171718597,6,/home/minss/fl/DXFL/logs/lambda/adaptive/logs_js_granularity_temperature_canonical_no_feature/beta_0.1/seed0/js_client/cifar100_beta_0.1_js_client_tkd1p00_canonical_nofeat_seed0_r500.pkl
CIFAR-100,beta_0.1,30,0.10638869802157085,3,/home/minss/fl/DXFL/logs/lambda/adaptive/logs_js_granularity_temperature_canonical_no_feature/beta_0.1/seed0/js_client/cifar100_beta_0.1_js_client_tkd1p00_canonical_nofeat_seed0_r500.pkl
CIFAR-100,beta_0.1,31,0.10150443762540817,1,/home/minss/fl/DXFL/logs/lambda/adaptive/logs_js_granularity_temperature_canonical_no_feature/beta_0.1/seed0/js_client/cifar100_beta_0.1_js_client_tkd1p00_canonical_nofeat_seed0_r500.pkl
CIFAR-100,beta_0.1,32,0.0637891972437501,4,/home/minss/fl/DXFL/logs/lambda/adaptive/logs_js_granularity_temperature_canonical_no_feature/beta_0.1/seed0/js_client/cifar100_beta_0.1_js_client_tkd1p00_canonical_nofeat_seed0_r500.pkl
CIFAR-100,beta_0.1,33,0.08203583459059398,3,/home/minss/fl/DXFL/logs/lambda/adaptive/logs_js_granularity_temperature_canonical_no_feature/beta_0.1/seed0/js_client/cifar100_beta_0.1_js_client_tkd1p00_canonical_nofeat_seed0_r500.pkl
CIFAR-100,beta_0.1,34,0.0871536135673523,2,/home/minss/fl/DXFL/logs/lambda/adaptive/logs_js_granularity_temperature_canonical_no_feature/beta_0.1/seed0/js_client/cifar100_beta_0.1_js_client_tkd1p00_canonical_nofeat_seed0_r500.pkl
CIFAR-100,beta_0.1,35,0.10580219328403473,4,/home/minss/fl/DXFL/logs/lambda/adaptive/logs_js_granularity_temperature_canonical_no_feature/beta_0.1/seed0/js_client/cifar100_beta_0.1_js_client_tkd1p00_canonical_nofeat_seed0_r500.pkl
CIFAR-100,beta_0.1,36,0.12392106652259827,3,/home/minss/fl/DXFL/logs/lambda/adaptive/logs_js_granularity_temperature_canonical_no_feature/beta_0.1/seed0/js_client/cifar100_beta_0.1_js_client_tkd1p00_canonical_nofeat_seed0_r500.pkl
CIFAR-100,beta_0.1,37,0.1285658523440361,5,/home/minss/fl/DXFL/logs/lambda/adaptive/logs_js_granularity_temperature_canonical_no_feature/beta_0.1/seed0/js_client/cifar100_beta_0.1_js_client_tkd1p00_canonical_nofeat_seed0_r500.pkl
CIFAR-100,beta_0.1,38,0.13742579519748688,4,/home/minss/fl/DXFL/logs/lambda/adaptive/logs_js_granularity_temperature_canonical_no_feature/beta_0.1/seed0/js_client/cifar100_beta_0.1_js_client_tkd1p00_canonical_nofeat_seed0_r500.pkl
CIFAR-100,beta_0.1,39,0.07774597406387329,2,/home/minss/fl/DXFL/logs/lambda/adaptive/logs_js_granularity_temperature_canonical_no_feature/beta_0.1/seed0/js_client/cifar100_beta_0.1_js_client_tkd1p00_canonical_nofeat_seed0_r500.pkl
CIFAR-100,beta_0.1,40,0.06965553015470505,2,/home/minss/fl/DXFL/logs/lambda/adaptive/logs_js_granularity_temperature_canonical_no_feature/beta_0.1/seed0/js_client/cifar100_beta_0.1_js_client_tkd1p00_canonical_nofeat_seed0_r500.pkl
CIFAR-100,beta_0.1,41,0.11707271263003349,4,/home/minss/fl/DXFL/logs/lambda/adaptive/logs_js_granularity_temperature_canonical_no_feature/beta_0.1/seed0/js_client/cifar100_beta_0.1_js_client_tkd1p00_canonical_nofeat_seed0_r500.pkl
CIFAR-100,beta_0.1,42,0.10387230788667996,6,/home/minss/fl/DXFL/logs/lambda/adaptive/logs_js_granularity_temperature_canonical_no_feature/beta_0.1/seed0/js_client/cifar100_beta_0.1_js_client_tkd1p00_canonical_nofeat_seed0_r500.pkl
CIFAR-100,beta_0.1,43,0.0844703633338213,4,/home/minss/fl/DXFL/logs/lambda/adaptive/logs_js_granularity_temperature_canonical_no_feature/beta_0.1/seed0/js_client/cifar100_beta_0.1_js_client_tkd1p00_canonical_nofeat_seed0_r500.pkl
CIFAR-100,beta_0.1,44,0.08820326129595439,3,/home/minss/fl/DXFL/logs/lambda/adaptive/logs_js_granularity_temperature_canonical_no_feature/beta_0.1/seed0/js_client/cifar100_beta_0.1_js_client_tkd1p00_canonical_nofeat_seed0_r500.pkl
CIFAR-100,beta_0.1,45,0.11281362622976303,5,/home/minss/fl/DXFL/logs/lambda/adaptive/logs_js_granularity_temperature_canonical_no_feature/beta_0.1/seed0/js_client/cifar100_beta_0.1_js_client_tkd1p00_canonical_nofeat_seed0_r500.pkl
CIFAR-100,beta_0.1,46,0.09114699562390645,3,/home/minss/fl/DXFL/logs/lambda/adaptive/logs_js_granularity_temperature_canonical_no_feature/beta_0.1/seed0/js_client/cifar100_beta_0.1_js_client_tkd1p00_canonical_nofeat_seed0_r500.pkl
CIFAR-100,beta_0.1,47,0.0806270781904459,4,/home/minss/fl/DXFL/logs/lambda/adaptive/logs_js_granularity_temperature_canonical_no_feature/beta_0.1/seed0/js_client/cifar100_beta_0.1_js_client_tkd1p00_canonical_nofeat_seed0_r500.pkl
CIFAR-100,beta_0.1,48,0.07895549833774566,5,/home/minss/fl/DXFL/logs/lambda/adaptive/logs_js_granularity_temperature_canonical_no_feature/beta_0.1/seed0/js_client/cifar100_beta_0.1_js_client_tkd1p00_canonical_nofeat_seed0_r500.pkl
CIFAR-100,beta_0.1,49,0.10309334844350815,3,/home/minss/fl/DXFL/logs/lambda/adaptive/logs_js_granularity_temperature_canonical_no_feature/beta_0.1/seed0/js_client/cifar100_beta_0.1_js_client_tkd1p00_canonical_nofeat_seed0_r500.pkl
CIFAR-100,beta_0.1,50,0.10832301278909047,3,/home/minss/fl/DXFL/logs/lambda/adaptive/logs_js_granularity_temperature_canonical_no_feature/beta_0.1/seed0/js_client/cifar100_beta_0.1_js_client_tkd1p00_canonical_nofeat_seed0_r500.pkl
CIFAR-100,beta_0.1,51,0.09628078788518905,5,/home/minss/fl/DXFL/logs/lambda/adaptive/logs_js_granularity_temperature_canonical_no_feature/beta_0.1/seed0/js_client/cifar100_beta_0.1_js_client_tkd1p00_canonical_nofeat_seed0_r500.pkl
CIFAR-100,beta_0.1,52,0.0855303406715393,1,/home/minss/fl/DXFL/logs/lambda/adaptive/logs_js_granularity_temperature_canonical_no_feature/beta_0.1/seed0/js_client/cifar100_beta_0.1_js_client_tkd1p00_canonical_nofeat_seed0_r500.pkl
CIFAR-100,beta_0.1,53,0.12206729075738362,7,/home/minss/fl/DXFL/logs/lambda/adaptive/logs_js_granularity_temperature_canonical_no_feature/beta_0.1/seed0/js_client/cifar100_beta_0.1_js_client_tkd1p00_canonical_nofeat_seed0_r500.pkl
CIFAR-100,beta_0.1,54,0.11132153123617172,2,/home/minss/fl/DXFL/logs/lambda/adaptive/logs_js_granularity_temperature_canonical_no_feature/beta_0.1/seed0/js_client/cifar100_beta_0.1_js_client_tkd1p00_canonical_nofeat_seed0_r500.pkl
CIFAR-100,beta_0.1,55,0.10127997025847435,4,/home/minss/fl/DXFL/logs/lambda/adaptive/logs_js_granularity_temperature_canonical_no_feature/beta_0.1/seed0/js_client/cifar100_beta_0.1_js_client_tkd1p00_canonical_nofeat_seed0_r500.pkl
CIFAR-100,beta_0.1,56,0.07658886102338631,6,/home/minss/fl/DXFL/logs/lambda/adaptive/logs_js_granularity_temperature_canonical_no_feature/beta_0.1/seed0/js_client/cifar100_beta_0.1_js_client_tkd1p00_canonical_nofeat_seed0_r500.pkl
CIFAR-100,beta_0.1,58,0.08371027559041977,3,/home/minss/fl/DXFL/logs/lambda/adaptive/logs_js_granularity_temperature_canonical_no_feature/beta_0.1/seed0/js_client/cifar100_beta_0.1_js_client_tkd1p00_canonical_nofeat_seed0_r500.pkl
CIFAR-100,beta_0.1,59,0.10521237055460612,3,/home/minss/fl/DXFL/logs/lambda/adaptive/logs_js_granularity_temperature_canonical_no_feature/beta_0.1/seed0/js_client/cifar100_beta_0.1_js_client_tkd1p00_canonical_nofeat_seed0_r500.pkl
CIFAR-100,beta_0.1,60,0.09359584003686905,2,/home/minss/fl/DXFL/logs/lambda/adaptive/logs_js_granularity_temperature_canonical_no_feature/beta_0.1/seed0/js_client/cifar100_beta_0.1_js_client_tkd1p00_canonical_nofeat_seed0_r500.pkl
CIFAR-100,beta_0.1,61,0.08932822942733765,2,/home/minss/fl/DXFL/logs/lambda/adaptive/logs_js_granularity_temperature_canonical_no_feature/beta_0.1/seed0/js_client/cifar100_beta_0.1_js_client_tkd1p00_canonical_nofeat_seed0_r500.pkl
CIFAR-100,beta_0.1,62,0.05995761416852474,2,/home/minss/fl/DXFL/logs/lambda/adaptive/logs_js_granularity_temperature_canonical_no_feature/beta_0.1/seed0/js_client/cifar100_beta_0.1_js_client_tkd1p00_canonical_nofeat_seed0_r500.pkl
CIFAR-100,beta_0.1,63,0.15028191109498343,3,/home/minss/fl/DXFL/logs/lambda/adaptive/logs_js_granularity_temperature_canonical_no_feature/beta_0.1/seed0/js_client/cifar100_beta_0.1_js_client_tkd1p00_canonical_nofeat_seed0_r500.pkl
CIFAR-100,beta_0.1,64,0.13074148943026861,3,/home/minss/fl/DXFL/logs/lambda/adaptive/logs_js_granularity_temperature_canonical_no_feature/beta_0.1/seed0/js_client/cifar100_beta_0.1_js_client_tkd1p00_canonical_nofeat_seed0_r500.pkl
CIFAR-100,beta_0.1,65,0.08439179323613644,4,/home/minss/fl/DXFL/logs/lambda/adaptive/logs_js_granularity_temperature_canonical_no_feature/beta_0.1/seed0/js_client/cifar100_beta_0.1_js_client_tkd1p00_canonical_nofeat_seed0_r500.pkl
CIFAR-100,beta_0.1,66,0.0878174901008606,5,/home/minss/fl/DXFL/logs/lambda/adaptive/logs_js_granularity_temperature_canonical_no_feature/beta_0.1/seed0/js_client/cifar100_beta_0.1_js_client_tkd1p00_canonical_nofeat_seed0_r500.pkl
CIFAR-100,beta_0.1,67,0.07535649836063385,1,/home/minss/fl/DXFL/logs/lambda/adaptive/logs_js_granularity_temperature_canonical_no_feature/beta_0.1/seed0/js_client/cifar100_beta_0.1_js_client_tkd1p00_canonical_nofeat_seed0_r500.pkl
CIFAR-100,beta_0.1,68,0.09746908023953438,2,/home/minss/fl/DXFL/logs/lambda/adaptive/logs_js_granularity_temperature_canonical_no_feature/beta_0.1/seed0/js_client/cifar100_beta_0.1_js_client_tkd1p00_canonical_nofeat_seed0_r500.pkl
CIFAR-100,beta_0.1,69,0.12874624133110046,3,/home/minss/fl/DXFL/logs/lambda/adaptive/logs_js_granularity_temperature_canonical_no_feature/beta_0.1/seed0/js_client/cifar100_beta_0.1_js_client_tkd1p00_canonical_nofeat_seed0_r500.pkl
CIFAR-100,beta_0.1,70,0.07111810644467671,3,/home/minss/fl/DXFL/logs/lambda/adaptive/logs_js_granularity_temperature_canonical_no_feature/beta_0.1/seed0/js_client/cifar100_beta_0.1_js_client_tkd1p00_canonical_nofeat_seed0_r500.pkl
CIFAR-100,beta_0.1,72,0.10329441130161285,5,/home/minss/fl/DXFL/logs/lambda/adaptive/logs_js_granularity_temperature_canonical_no_feature/beta_0.1/seed0/js_client/cifar100_beta_0.1_js_client_tkd1p00_canonical_nofeat_seed0_r500.pkl
CIFAR-100,beta_0.1,73,0.09397558271884918,5,/home/minss/fl/DXFL/logs/lambda/adaptive/logs_js_granularity_temperature_canonical_no_feature/beta_0.1/seed0/js_client/cifar100_beta_0.1_js_client_tkd1p00_canonical_nofeat_seed0_r500.pkl
CIFAR-100,beta_0.1,74,0.09322405904531479,5,/home/minss/fl/DXFL/logs/lambda/adaptive/logs_js_granularity_temperature_canonical_no_feature/beta_0.1/seed0/js_client/cifar100_beta_0.1_js_client_tkd1p00_canonical_nofeat_seed0_r500.pkl
CIFAR-100,beta_0.1,75,0.09889044240117073,2,/home/minss/fl/DXFL/logs/lambda/adaptive/logs_js_granularity_temperature_canonical_no_feature/beta_0.1/seed0/js_client/cifar100_beta_0.1_js_client_tkd1p00_canonical_nofeat_seed0_r500.pkl
CIFAR-100,beta_0.1,77,0.09001162275671959,4,/home/minss/fl/DXFL/logs/lambda/adaptive/logs_js_granularity_temperature_canonical_no_feature/beta_0.1/seed0/js_client/cifar100_beta_0.1_js_client_tkd1p00_canonical_nofeat_seed0_r500.pkl
CIFAR-100,beta_0.1,79,0.08981200307607651,2,/home/minss/fl/DXFL/logs/lambda/adaptive/logs_js_granularity_temperature_canonical_no_feature/beta_0.1/seed0/js_client/cifar100_beta_0.1_js_client_tkd1p00_canonical_nofeat_seed0_r500.pkl
CIFAR-100,beta_0.1,80,0.0711669996380806,2,/home/minss/fl/DXFL/logs/lambda/adaptive/logs_js_granularity_temperature_canonical_no_feature/beta_0.1/seed0/js_client/cifar100_beta_0.1_js_client_tkd1p00_canonical_nofeat_seed0_r500.pkl
CIFAR-100,beta_0.1,81,0.07481800019741058,1,/home/minss/fl/DXFL/logs/lambda/adaptive/logs_js_granularity_temperature_canonical_no_feature/beta_0.1/seed0/js_client/cifar100_beta_0.1_js_client_tkd1p00_canonical_nofeat_seed0_r500.pkl
CIFAR-100,beta_0.1,82,0.1303458884358406,2,/home/minss/fl/DXFL/logs/lambda/adaptive/logs_js_granularity_temperature_canonical_no_feature/beta_0.1/seed0/js_client/cifar100_beta_0.1_js_client_tkd1p00_canonical_nofeat_seed0_r500.pkl
CIFAR-100,beta_0.1,83,0.0929790511727333,2,/home/minss/fl/DXFL/logs/lambda/adaptive/logs_js_granularity_temperature_canonical_no_feature/beta_0.1/seed0/js_client/cifar100_beta_0.1_js_client_tkd1p00_canonical_nofeat_seed0_r500.pkl
CIFAR-100,beta_0.1,84,0.1041293554008007,4,/home/minss/fl/DXFL/logs/lambda/adaptive/logs_js_granularity_temperature_canonical_no_feature/beta_0.1/seed0/js_client/cifar100_beta_0.1_js_client_tkd1p00_canonical_nofeat_seed0_r500.pkl
CIFAR-100,beta_0.1,85,0.14596038311719894,4,/home/minss/fl/DXFL/logs/lambda/adaptive/logs_js_granularity_temperature_canonical_no_feature/beta_0.1/seed0/js_client/cifar100_beta_0.1_js_client_tkd1p00_canonical_nofeat_seed0_r500.pkl
CIFAR-100,beta_0.1,86,0.11994828283786774,2,/home/minss/fl/DXFL/logs/lambda/adaptive/logs_js_granularity_temperature_canonical_no_feature/beta_0.1/seed0/js_client/cifar100_beta_0.1_js_client_tkd1p00_canonical_nofeat_seed0_r500.pkl
CIFAR-100,beta_0.1,87,0.09106986969709396,2,/home/minss/fl/DXFL/logs/lambda/adaptive/logs_js_granularity_temperature_canonical_no_feature/beta_0.1/seed0/js_client/cifar100_beta_0.1_js_client_tkd1p00_canonical_nofeat_seed0_r500.pkl
CIFAR-100,beta_0.1,88,0.14368771016597748,3,/home/minss/fl/DXFL/logs/lambda/adaptive/logs_js_granularity_temperature_canonical_no_feature/beta_0.1/seed0/js_client/cifar100_beta_0.1_js_client_tkd1p00_canonical_nofeat_seed0_r500.pkl
CIFAR-100,beta_0.1,89,0.09284527599811554,1,/home/minss/fl/DXFL/logs/lambda/adaptive/logs_js_granularity_temperature_canonical_no_feature/beta_0.1/seed0/js_client/cifar100_beta_0.1_js_client_tkd1p00_canonical_nofeat_seed0_r500.pkl
CIFAR-100,beta_0.1,90,0.09850594401359558,1,/home/minss/fl/DXFL/logs/lambda/adaptive/logs_js_granularity_temperature_canonical_no_feature/beta_0.1/seed0/js_client/cifar100_beta_0.1_js_client_tkd1p00_canonical_nofeat_seed0_r500.pkl
CIFAR-100,beta_0.1,91,0.07403031270951033,4,/home/minss/fl/DXFL/logs/lambda/adaptive/logs_js_granularity_temperature_canonical_no_feature/beta_0.1/seed0/js_client/cifar100_beta_0.1_js_client_tkd1p00_canonical_nofeat_seed0_r500.pkl
CIFAR-100,beta_0.1,92,0.1331200897693634,1,/home/minss/fl/DXFL/logs/lambda/adaptive/logs_js_granularity_temperature_canonical_no_feature/beta_0.1/seed0/js_client/cifar100_beta_0.1_js_client_tkd1p00_canonical_nofeat_seed0_r500.pkl
CIFAR-100,beta_0.1,93,0.1147540311018626,3,/home/minss/fl/DXFL/logs/lambda/adaptive/logs_js_granularity_temperature_canonical_no_feature/beta_0.1/seed0/js_client/cifar100_beta_0.1_js_client_tkd1p00_canonical_nofeat_seed0_r500.pkl
CIFAR-100,beta_0.1,94,0.09532387057940166,3,/home/minss/fl/DXFL/logs/lambda/adaptive/logs_js_granularity_temperature_canonical_no_feature/beta_0.1/seed0/js_client/cifar100_beta_0.1_js_client_tkd1p00_canonical_nofeat_seed0_r500.pkl
CIFAR-100,beta_0.1,95,0.11771561354398727,5,/home/minss/fl/DXFL/logs/lambda/adaptive/logs_js_granularity_temperature_canonical_no_feature/beta_0.1/seed0/js_client/cifar100_beta_0.1_js_client_tkd1p00_canonical_nofeat_seed0_r500.pkl
CIFAR-100,beta_0.1,96,0.11691558361053467,1,/home/minss/fl/DXFL/logs/lambda/adaptive/logs_js_granularity_temperature_canonical_no_feature/beta_0.1/seed0/js_client/cifar100_beta_0.1_js_client_tkd1p00_canonical_nofeat_seed0_r500.pkl
CIFAR-100,beta_0.1,97,0.10176936909556389,4,/home/minss/fl/DXFL/logs/lambda/adaptive/logs_js_granularity_temperature_canonical_no_feature/beta_0.1/seed0/js_client/cifar100_beta_0.1_js_client_tkd1p00_canonical_nofeat_seed0_r500.pkl
CIFAR-100,beta_0.1,98,0.11682638029257457,3,/home/minss/fl/DXFL/logs/lambda/adaptive/logs_js_granularity_temperature_canonical_no_feature/beta_0.1/seed0/js_client/cifar100_beta_0.1_js_client_tkd1p00_canonical_nofeat_seed0_r500.pkl
CIFAR-100,beta_0.1,99,0.11965841551621755,3,/home/minss/fl/DXFL/logs/lambda/adaptive/logs_js_granularity_temperature_canonical_no_feature/beta_0.1/seed0/js_client/cifar100_beta_0.1_js_client_tkd1p00_canonical_nofeat_seed0_r500.pkl
TinyImageNet,iid,0,0.22179332002997398,4,/home/minss/fl/DXFL/logs/lambda/final/logs_js_client_ofat_extensions_seed0/dataset/tinyimagenet/tinyimagenet/iid/seed0/adaptive_js_client/tinyimagenet_dataset_tinyimagenet_iid_js_client_lmax1p00_tau0p85_tkd1p00_nofeat_canonical_seed0_r100.pkl
TinyImageNet,iid,1,0.18858954310417175,1,/home/minss/fl/DXFL/logs/lambda/final/logs_js_client_ofat_extensions_seed0/dataset/tinyimagenet/tinyimagenet/iid/seed0/adaptive_js_client/tinyimagenet_dataset_tinyimagenet_iid_js_client_lmax1p00_tau0p85_tkd1p00_nofeat_canonical_seed0_r100.pkl
TinyImageNet,iid,2,0.2018151581287384,2,/home/minss/fl/DXFL/logs/lambda/final/logs_js_client_ofat_extensions_seed0/dataset/tinyimagenet/tinyimagenet/iid/seed0/adaptive_js_client/tinyimagenet_dataset_tinyimagenet_iid_js_client_lmax1p00_tau0p85_tkd1p00_nofeat_canonical_seed0_r100.pkl
TinyImageNet,iid,3,0.20916392654180527,2,/home/minss/fl/DXFL/logs/lambda/final/logs_js_client_ofat_extensions_seed0/dataset/tinyimagenet/tinyimagenet/iid/seed0/adaptive_js_client/tinyimagenet_dataset_tinyimagenet_iid_js_client_lmax1p00_tau0p85_tkd1p00_nofeat_canonical_seed0_r100.pkl
TinyImageNet,iid,4,0.24478915333747864,3,/home/minss/fl/DXFL/logs/lambda/final/logs_js_client_ofat_extensions_seed0/dataset/tinyimagenet/tinyimagenet/iid/seed0/adaptive_js_client/tinyimagenet_dataset_tinyimagenet_iid_js_client_lmax1p00_tau0p85_tkd1p00_nofeat_canonical_seed0_r100.pkl
TinyImageNet,iid,5,0.20560667912165323,6,/home/minss/fl/DXFL/logs/lambda/final/logs_js_client_ofat_extensions_seed0/dataset/tinyimagenet/tinyimagenet/iid/seed0/adaptive_js_client/tinyimagenet_dataset_tinyimagenet_iid_js_client_lmax1p00_tau0p85_tkd1p00_nofeat_canonical_seed0_r100.pkl
TinyImageNet,iid,6,0.21347558498382568,5,/home/minss/fl/DXFL/logs/lambda/final/logs_js_client_ofat_extensions_seed0/dataset/tinyimagenet/tinyimagenet/iid/seed0/adaptive_js_client/tinyimagenet_dataset_tinyimagenet_iid_js_client_lmax1p00_tau0p85_tkd1p00_nofeat_canonical_seed0_r100.pkl
TinyImageNet,iid,7,0.22569816807905832,3,/home/minss/fl/DXFL/logs/lambda/final/logs_js_client_ofat_extensions_seed0/dataset/tinyimagenet/tinyimagenet/iid/seed0/adaptive_js_client/tinyimagenet_dataset_tinyimagenet_iid_js_client_lmax1p00_tau0p85_tkd1p00_nofeat_canonical_seed0_r100.pkl
TinyImageNet,iid,8,0.19217118620872498,1,/home/minss/fl/DXFL/logs/lambda/final/logs_js_client_ofat_extensions_seed0/dataset/tinyimagenet/tinyimagenet/iid/seed0/adaptive_js_client/tinyimagenet_dataset_tinyimagenet_iid_js_client_lmax1p00_tau0p85_tkd1p00_nofeat_canonical_seed0_r100.pkl
TinyImageNet,iid,9,0.218321293592453,3,/home/minss/fl/DXFL/logs/lambda/final/logs_js_client_ofat_extensions_seed0/dataset/tinyimagenet/tinyimagenet/iid/seed0/adaptive_js_client/tinyimagenet_dataset_tinyimagenet_iid_js_client_lmax1p00_tau0p85_tkd1p00_nofeat_canonical_seed0_r100.pkl
TinyImageNet,iid,10,0.24216950684785843,4,/home/minss/fl/DXFL/logs/lambda/final/logs_js_client_ofat_extensions_seed0/dataset/tinyimagenet/tinyimagenet/iid/seed0/adaptive_js_client/tinyimagenet_dataset_tinyimagenet_iid_js_client_lmax1p00_tau0p85_tkd1p00_nofeat_canonical_seed0_r100.pkl
TinyImageNet,iid,11,0.21606867760419846,2,/home/minss/fl/DXFL/logs/lambda/final/logs_js_client_ofat_extensions_seed0/dataset/tinyimagenet/tinyimagenet/iid/seed0/adaptive_js_client/tinyimagenet_dataset_tinyimagenet_iid_js_client_lmax1p00_tau0p85_tkd1p00_nofeat_canonical_seed0_r100.pkl
TinyImageNet,iid,12,0.24039347171783448,5,/home/minss/fl/DXFL/logs/lambda/final/logs_js_client_ofat_extensions_seed0/dataset/tinyimagenet/tinyimagenet/iid/seed0/adaptive_js_client/tinyimagenet_dataset_tinyimagenet_iid_js_client_lmax1p00_tau0p85_tkd1p00_nofeat_canonical_seed0_r100.pkl
TinyImageNet,iid,13,0.21029041707515717,2,/home/minss/fl/DXFL/logs/lambda/final/logs_js_client_ofat_extensions_seed0/dataset/tinyimagenet/tinyimagenet/iid/seed0/adaptive_js_client/tinyimagenet_dataset_tinyimagenet_iid_js_client_lmax1p00_tau0p85_tkd1p00_nofeat_canonical_seed0_r100.pkl
TinyImageNet,iid,14,0.23217697938283285,3,/home/minss/fl/DXFL/logs/lambda/final/logs_js_client_ofat_extensions_seed0/dataset/tinyimagenet/tinyimagenet/iid/seed0/adaptive_js_client/tinyimagenet_dataset_tinyimagenet_iid_js_client_lmax1p00_tau0p85_tkd1p00_nofeat_canonical_seed0_r100.pkl
TinyImageNet,iid,15,0.2099146470427513,2,/home/minss/fl/DXFL/logs/lambda/final/logs_js_client_ofat_extensions_seed0/dataset/tinyimagenet/tinyimagenet/iid/seed0/adaptive_js_client/tinyimagenet_dataset_tinyimagenet_iid_js_client_lmax1p00_tau0p85_tkd1p00_nofeat_canonical_seed0_r100.pkl
TinyImageNet,iid,16,0.21924299746751785,4,/home/minss/fl/DXFL/logs/lambda/final/logs_js_client_ofat_extensions_seed0/dataset/tinyimagenet/tinyimagenet/iid/seed0/adaptive_js_client/tinyimagenet_dataset_tinyimagenet_iid_js_client_lmax1p00_tau0p85_tkd1p00_nofeat_canonical_seed0_r100.pkl
TinyImageNet,iid,17,0.23832255601882935,5,/home/minss/fl/DXFL/logs/lambda/final/logs_js_client_ofat_extensions_seed0/dataset/tinyimagenet/tinyimagenet/iid/seed0/adaptive_js_client/tinyimagenet_dataset_tinyimagenet_iid_js_client_lmax1p00_tau0p85_tkd1p00_nofeat_canonical_seed0_r100.pkl
TinyImageNet,iid,18,0.2340181072552999,3,/home/minss/fl/DXFL/logs/lambda/final/logs_js_client_ofat_extensions_seed0/dataset/tinyimagenet/tinyimagenet/iid/seed0/adaptive_js_client/tinyimagenet_dataset_tinyimagenet_iid_js_client_lmax1p00_tau0p85_tkd1p00_nofeat_canonical_seed0_r100.pkl
TinyImageNet,iid,19,0.20448541641235352,1,/home/minss/fl/DXFL/logs/lambda/final/logs_js_client_ofat_extensions_seed0/dataset/tinyimagenet/tinyimagenet/iid/seed0/adaptive_js_client/tinyimagenet_dataset_tinyimagenet_iid_js_client_lmax1p00_tau0p85_tkd1p00_nofeat_canonical_seed0_r100.pkl
TinyImageNet,iid,20,0.19393929839134216,2,/home/minss/fl/DXFL/logs/lambda/final/logs_js_client_ofat_extensions_seed0/dataset/tinyimagenet/tinyimagenet/iid/seed0/adaptive_js_client/tinyimagenet_dataset_tinyimagenet_iid_js_client_lmax1p00_tau0p85_tkd1p00_nofeat_canonical_seed0_r100.pkl
TinyImageNet,iid,21,0.2087613120675087,2,/home/minss/fl/DXFL/logs/lambda/final/logs_js_client_ofat_extensions_seed0/dataset/tinyimagenet/tinyimagenet/iid/seed0/adaptive_js_client/tinyimagenet_dataset_tinyimagenet_iid_js_client_lmax1p00_tau0p85_tkd1p00_nofeat_canonical_seed0_r100.pkl
TinyImageNet,iid,22,0.21590986847877502,3,/home/minss/fl/DXFL/logs/lambda/final/logs_js_client_ofat_extensions_seed0/dataset/tinyimagenet/tinyimagenet/iid/seed0/adaptive_js_client/tinyimagenet_dataset_tinyimagenet_iid_js_client_lmax1p00_tau0p85_tkd1p00_nofeat_canonical_seed0_r100.pkl
TinyImageNet,iid,23,0.23183712363243103,3,/home/minss/fl/DXFL/logs/lambda/final/logs_js_client_ofat_extensions_seed0/dataset/tinyimagenet/tinyimagenet/iid/seed0/adaptive_js_client/tinyimagenet_dataset_tinyimagenet_iid_js_client_lmax1p00_tau0p85_tkd1p00_nofeat_canonical_seed0_r100.pkl
TinyImageNet,iid,24,0.2295323796570301,4,/home/minss/fl/DXFL/logs/lambda/final/logs_js_client_ofat_extensions_seed0/dataset/tinyimagenet/tinyimagenet/iid/seed0/adaptive_js_client/tinyimagenet_dataset_tinyimagenet_iid_js_client_lmax1p00_tau0p85_tkd1p00_nofeat_canonical_seed0_r100.pkl
TinyImageNet,iid,25,0.21811712781588236,3,/home/minss/fl/DXFL/logs/lambda/final/logs_js_client_ofat_extensions_seed0/dataset/tinyimagenet/tinyimagenet/iid/seed0/adaptive_js_client/tinyimagenet_dataset_tinyimagenet_iid_js_client_lmax1p00_tau0p85_tkd1p00_nofeat_canonical_seed0_r100.pkl
TinyImageNet,iid,26,0.21546418964862823,2,/home/minss/fl/DXFL/logs/lambda/final/logs_js_client_ofat_extensions_seed0/dataset/tinyimagenet/tinyimagenet/iid/seed0/adaptive_js_client/tinyimagenet_dataset_tinyimagenet_iid_js_client_lmax1p00_tau0p85_tkd1p00_nofeat_canonical_seed0_r100.pkl
TinyImageNet,iid,27,0.222177321712176,3,/home/minss/fl/DXFL/logs/lambda/final/logs_js_client_ofat_extensions_seed0/dataset/tinyimagenet/tinyimagenet/iid/seed0/adaptive_js_client/tinyimagenet_dataset_tinyimagenet_iid_js_client_lmax1p00_tau0p85_tkd1p00_nofeat_canonical_seed0_r100.pkl
TinyImageNet,iid,29,0.20938299596309662,2,/home/minss/fl/DXFL/logs/lambda/final/logs_js_client_ofat_extensions_seed0/dataset/tinyimagenet/tinyimagenet/iid/seed0/adaptive_js_client/tinyimagenet_dataset_tinyimagenet_iid_js_client_lmax1p00_tau0p85_tkd1p00_nofeat_canonical_seed0_r100.pkl
TinyImageNet,iid,30,0.21087822690606117,4,/home/minss/fl/DXFL/logs/lambda/final/logs_js_client_ofat_extensions_seed0/dataset/tinyimagenet/tinyimagenet/iid/seed0/adaptive_js_client/tinyimagenet_dataset_tinyimagenet_iid_js_client_lmax1p00_tau0p85_tkd1p00_nofeat_canonical_seed0_r100.pkl
TinyImageNet,iid,31,0.2100396305322647,2,/home/minss/fl/DXFL/logs/lambda/final/logs_js_client_ofat_extensions_seed0/dataset/tinyimagenet/tinyimagenet/iid/seed0/adaptive_js_client/tinyimagenet_dataset_tinyimagenet_iid_js_client_lmax1p00_tau0p85_tkd1p00_nofeat_canonical_seed0_r100.pkl
TinyImageNet,iid,32,0.21599344909191132,5,/home/minss/fl/DXFL/logs/lambda/final/logs_js_client_ofat_extensions_seed0/dataset/tinyimagenet/tinyimagenet/iid/seed0/adaptive_js_client/tinyimagenet_dataset_tinyimagenet_iid_js_client_lmax1p00_tau0p85_tkd1p00_nofeat_canonical_seed0_r100.pkl
TinyImageNet,iid,33,0.21169941127300262,3,/home/minss/fl/DXFL/logs/lambda/final/logs_js_client_ofat_extensions_seed0/dataset/tinyimagenet/tinyimagenet/iid/seed0/adaptive_js_client/tinyimagenet_dataset_tinyimagenet_iid_js_client_lmax1p00_tau0p85_tkd1p00_nofeat_canonical_seed0_r100.pkl
TinyImageNet,iid,35,0.2252958081662655,4,/home/minss/fl/DXFL/logs/lambda/final/logs_js_client_ofat_extensions_seed0/dataset/tinyimagenet/tinyimagenet/iid/seed0/adaptive_js_client/tinyimagenet_dataset_tinyimagenet_iid_js_client_lmax1p00_tau0p85_tkd1p00_nofeat_canonical_seed0_r100.pkl
TinyImageNet,iid,36,0.21167763074239096,3,/home/minss/fl/DXFL/logs/lambda/final/logs_js_client_ofat_extensions_seed0/dataset/tinyimagenet/tinyimagenet/iid/seed0/adaptive_js_client/tinyimagenet_dataset_tinyimagenet_iid_js_client_lmax1p00_tau0p85_tkd1p00_nofeat_canonical_seed0_r100.pkl
TinyImageNet,iid,37,0.2077513486146927,2,/home/minss/fl/DXFL/logs/lambda/final/logs_js_client_ofat_extensions_seed0/dataset/tinyimagenet/tinyimagenet/iid/seed0/adaptive_js_client/tinyimagenet_dataset_tinyimagenet_iid_js_client_lmax1p00_tau0p85_tkd1p00_nofeat_canonical_seed0_r100.pkl
TinyImageNet,iid,38,0.19903047010302544,4,/home/minss/fl/DXFL/logs/lambda/final/logs_js_client_ofat_extensions_seed0/dataset/tinyimagenet/tinyimagenet/iid/seed0/adaptive_js_client/tinyimagenet_dataset_tinyimagenet_iid_js_client_lmax1p00_tau0p85_tkd1p00_nofeat_canonical_seed0_r100.pkl
TinyImageNet,iid,39,0.2101014256477356,1,/home/minss/fl/DXFL/logs/lambda/final/logs_js_client_ofat_extensions_seed0/dataset/tinyimagenet/tinyimagenet/iid/seed0/adaptive_js_client/tinyimagenet_dataset_tinyimagenet_iid_js_client_lmax1p00_tau0p85_tkd1p00_nofeat_canonical_seed0_r100.pkl
TinyImageNet,iid,40,0.2467398295799891,3,/home/minss/fl/DXFL/logs/lambda/final/logs_js_client_ofat_extensions_seed0/dataset/tinyimagenet/tinyimagenet/iid/seed0/adaptive_js_client/tinyimagenet_dataset_tinyimagenet_iid_js_client_lmax1p00_tau0p85_tkd1p00_nofeat_canonical_seed0_r100.pkl
TinyImageNet,iid,41,0.20265063643455505,1,/home/minss/fl/DXFL/logs/lambda/final/logs_js_client_ofat_extensions_seed0/dataset/tinyimagenet/tinyimagenet/iid/seed0/adaptive_js_client/tinyimagenet_dataset_tinyimagenet_iid_js_client_lmax1p00_tau0p85_tkd1p00_nofeat_canonical_seed0_r100.pkl
TinyImageNet,iid,42,0.24484448773520334,7,/home/minss/fl/DXFL/logs/lambda/final/logs_js_client_ofat_extensions_seed0/dataset/tinyimagenet/tinyimagenet/iid/seed0/adaptive_js_client/tinyimagenet_dataset_tinyimagenet_iid_js_client_lmax1p00_tau0p85_tkd1p00_nofeat_canonical_seed0_r100.pkl
TinyImageNet,iid,43,0.21599100033442178,3,/home/minss/fl/DXFL/logs/lambda/final/logs_js_client_ofat_extensions_seed0/dataset/tinyimagenet/tinyimagenet/iid/seed0/adaptive_js_client/tinyimagenet_dataset_tinyimagenet_iid_js_client_lmax1p00_tau0p85_tkd1p00_nofeat_canonical_seed0_r100.pkl
TinyImageNet,iid,44,0.20738725364208221,2,/home/minss/fl/DXFL/logs/lambda/final/logs_js_client_ofat_extensions_seed0/dataset/tinyimagenet/tinyimagenet/iid/seed0/adaptive_js_client/tinyimagenet_dataset_tinyimagenet_iid_js_client_lmax1p00_tau0p85_tkd1p00_nofeat_canonical_seed0_r100.pkl
TinyImageNet,iid,45,0.2247195929288864,5,/home/minss/fl/DXFL/logs/lambda/final/logs_js_client_ofat_extensions_seed0/dataset/tinyimagenet/tinyimagenet/iid/seed0/adaptive_js_client/tinyimagenet_dataset_tinyimagenet_iid_js_client_lmax1p00_tau0p85_tkd1p00_nofeat_canonical_seed0_r100.pkl
TinyImageNet,iid,46,0.23172596469521523,4,/home/minss/fl/DXFL/logs/lambda/final/logs_js_client_ofat_extensions_seed0/dataset/tinyimagenet/tinyimagenet/iid/seed0/adaptive_js_client/tinyimagenet_dataset_tinyimagenet_iid_js_client_lmax1p00_tau0p85_tkd1p00_nofeat_canonical_seed0_r100.pkl
TinyImageNet,iid,47,0.21548353880643845,2,/home/minss/fl/DXFL/logs/lambda/final/logs_js_client_ofat_extensions_seed0/dataset/tinyimagenet/tinyimagenet/iid/seed0/adaptive_js_client/tinyimagenet_dataset_tinyimagenet_iid_js_client_lmax1p00_tau0p85_tkd1p00_nofeat_canonical_seed0_r100.pkl
TinyImageNet,iid,48,0.22422787050406137,6,/home/minss/fl/DXFL/logs/lambda/final/logs_js_client_ofat_extensions_seed0/dataset/tinyimagenet/tinyimagenet/iid/seed0/adaptive_js_client/tinyimagenet_dataset_tinyimagenet_iid_js_client_lmax1p00_tau0p85_tkd1p00_nofeat_canonical_seed0_r100.pkl
TinyImageNet,iid,49,0.22926015406847,2,/home/minss/fl/DXFL/logs/lambda/final/logs_js_client_ofat_extensions_seed0/dataset/tinyimagenet/tinyimagenet/iid/seed0/adaptive_js_client/tinyimagenet_dataset_tinyimagenet_iid_js_client_lmax1p00_tau0p85_tkd1p00_nofeat_canonical_seed0_r100.pkl
TinyImageNet,iid,50,0.2151061793168386,3,/home/minss/fl/DXFL/logs/lambda/final/logs_js_client_ofat_extensions_seed0/dataset/tinyimagenet/tinyimagenet/iid/seed0/adaptive_js_client/tinyimagenet_dataset_tinyimagenet_iid_js_client_lmax1p00_tau0p85_tkd1p00_nofeat_canonical_seed0_r100.pkl
TinyImageNet,iid,51,0.23258855300290243,7,/home/minss/fl/DXFL/logs/lambda/final/logs_js_client_ofat_extensions_seed0/dataset/tinyimagenet/tinyimagenet/iid/seed0/adaptive_js_client/tinyimagenet_dataset_tinyimagenet_iid_js_client_lmax1p00_tau0p85_tkd1p00_nofeat_canonical_seed0_r100.pkl
TinyImageNet,iid,52,0.21743659178415933,3,/home/minss/fl/DXFL/logs/lambda/final/logs_js_client_ofat_extensions_seed0/dataset/tinyimagenet/tinyimagenet/iid/seed0/adaptive_js_client/tinyimagenet_dataset_tinyimagenet_iid_js_client_lmax1p00_tau0p85_tkd1p00_nofeat_canonical_seed0_r100.pkl
TinyImageNet,iid,53,0.22914776702721915,6,/home/minss/fl/DXFL/logs/lambda/final/logs_js_client_ofat_extensions_seed0/dataset/tinyimagenet/tinyimagenet/iid/seed0/adaptive_js_client/tinyimagenet_dataset_tinyimagenet_iid_js_client_lmax1p00_tau0p85_tkd1p00_nofeat_canonical_seed0_r100.pkl
TinyImageNet,iid,54,0.20966680347919464,2,/home/minss/fl/DXFL/logs/lambda/final/logs_js_client_ofat_extensions_seed0/dataset/tinyimagenet/tinyimagenet/iid/seed0/adaptive_js_client/tinyimagenet_dataset_tinyimagenet_iid_js_client_lmax1p00_tau0p85_tkd1p00_nofeat_canonical_seed0_r100.pkl
TinyImageNet,iid,55,0.19472019374370575,2,/home/minss/fl/DXFL/logs/lambda/final/logs_js_client_ofat_extensions_seed0/dataset/tinyimagenet/tinyimagenet/iid/seed0/adaptive_js_client/tinyimagenet_dataset_tinyimagenet_iid_js_client_lmax1p00_tau0p85_tkd1p00_nofeat_canonical_seed0_r100.pkl
TinyImageNet,iid,56,0.21764199435710907,1,/home/minss/fl/DXFL/logs/lambda/final/logs_js_client_ofat_extensions_seed0/dataset/tinyimagenet/tinyimagenet/iid/seed0/adaptive_js_client/tinyimagenet_dataset_tinyimagenet_iid_js_client_lmax1p00_tau0p85_tkd1p00_nofeat_canonical_seed0_r100.pkl
TinyImageNet,iid,57,0.20010289549827576,4,/home/minss/fl/DXFL/logs/lambda/final/logs_js_client_ofat_extensions_seed0/dataset/tinyimagenet/tinyimagenet/iid/seed0/adaptive_js_client/tinyimagenet_dataset_tinyimagenet_iid_js_client_lmax1p00_tau0p85_tkd1p00_nofeat_canonical_seed0_r100.pkl
TinyImageNet,iid,58,0.22939080893993377,5,/home/minss/fl/DXFL/logs/lambda/final/logs_js_client_ofat_extensions_seed0/dataset/tinyimagenet/tinyimagenet/iid/seed0/adaptive_js_client/tinyimagenet_dataset_tinyimagenet_iid_js_client_lmax1p00_tau0p85_tkd1p00_nofeat_canonical_seed0_r100.pkl
TinyImageNet,iid,59,0.20343050360679626,3,/home/minss/fl/DXFL/logs/lambda/final/logs_js_client_ofat_extensions_seed0/dataset/tinyimagenet/tinyimagenet/iid/seed0/adaptive_js_client/tinyimagenet_dataset_tinyimagenet_iid_js_client_lmax1p00_tau0p85_tkd1p00_nofeat_canonical_seed0_r100.pkl
TinyImageNet,iid,60,0.21219071373343468,4,/home/minss/fl/DXFL/logs/lambda/final/logs_js_client_ofat_extensions_seed0/dataset/tinyimagenet/tinyimagenet/iid/seed0/adaptive_js_client/tinyimagenet_dataset_tinyimagenet_iid_js_client_lmax1p00_tau0p85_tkd1p00_nofeat_canonical_seed0_r100.pkl
TinyImageNet,iid,61,0.2041801114877065,3,/home/minss/fl/DXFL/logs/lambda/final/logs_js_client_ofat_extensions_seed0/dataset/tinyimagenet/tinyimagenet/iid/seed0/adaptive_js_client/tinyimagenet_dataset_tinyimagenet_iid_js_client_lmax1p00_tau0p85_tkd1p00_nofeat_canonical_seed0_r100.pkl
TinyImageNet,iid,62,0.2501545324921608,6,/home/minss/fl/DXFL/logs/lambda/final/logs_js_client_ofat_extensions_seed0/dataset/tinyimagenet/tinyimagenet/iid/seed0/adaptive_js_client/tinyimagenet_dataset_tinyimagenet_iid_js_client_lmax1p00_tau0p85_tkd1p00_nofeat_canonical_seed0_r100.pkl
TinyImageNet,iid,63,0.19255105157693228,3,/home/minss/fl/DXFL/logs/lambda/final/logs_js_client_ofat_extensions_seed0/dataset/tinyimagenet/tinyimagenet/iid/seed0/adaptive_js_client/tinyimagenet_dataset_tinyimagenet_iid_js_client_lmax1p00_tau0p85_tkd1p00_nofeat_canonical_seed0_r100.pkl
TinyImageNet,iid,64,0.20085137337446213,2,/home/minss/fl/DXFL/logs/lambda/final/logs_js_client_ofat_extensions_seed0/dataset/tinyimagenet/tinyimagenet/iid/seed0/adaptive_js_client/tinyimagenet_dataset_tinyimagenet_iid_js_client_lmax1p00_tau0p85_tkd1p00_nofeat_canonical_seed0_r100.pkl
TinyImageNet,iid,65,0.20608266890048982,5,/home/minss/fl/DXFL/logs/lambda/final/logs_js_client_ofat_extensions_seed0/dataset/tinyimagenet/tinyimagenet/iid/seed0/adaptive_js_client/tinyimagenet_dataset_tinyimagenet_iid_js_client_lmax1p00_tau0p85_tkd1p00_nofeat_canonical_seed0_r100.pkl
TinyImageNet,iid,66,0.20735349506139755,4,/home/minss/fl/DXFL/logs/lambda/final/logs_js_client_ofat_extensions_seed0/dataset/tinyimagenet/tinyimagenet/iid/seed0/adaptive_js_client/tinyimagenet_dataset_tinyimagenet_iid_js_client_lmax1p00_tau0p85_tkd1p00_nofeat_canonical_seed0_r100.pkl
TinyImageNet,iid,67,0.22154775261878967,2,/home/minss/fl/DXFL/logs/lambda/final/logs_js_client_ofat_extensions_seed0/dataset/tinyimagenet/tinyimagenet/iid/seed0/adaptive_js_client/tinyimagenet_dataset_tinyimagenet_iid_js_client_lmax1p00_tau0p85_tkd1p00_nofeat_canonical_seed0_r100.pkl
TinyImageNet,iid,68,0.21744973585009575,4,/home/minss/fl/DXFL/logs/lambda/final/logs_js_client_ofat_extensions_seed0/dataset/tinyimagenet/tinyimagenet/iid/seed0/adaptive_js_client/tinyimagenet_dataset_tinyimagenet_iid_js_client_lmax1p00_tau0p85_tkd1p00_nofeat_canonical_seed0_r100.pkl
TinyImageNet,iid,69,0.210611093044281,5,/home/minss/fl/DXFL/logs/lambda/final/logs_js_client_ofat_extensions_seed0/dataset/tinyimagenet/tinyimagenet/iid/seed0/adaptive_js_client/tinyimagenet_dataset_tinyimagenet_iid_js_client_lmax1p00_tau0p85_tkd1p00_nofeat_canonical_seed0_r100.pkl
TinyImageNet,iid,70,0.22167368978261948,2,/home/minss/fl/DXFL/logs/lambda/final/logs_js_client_ofat_extensions_seed0/dataset/tinyimagenet/tinyimagenet/iid/seed0/adaptive_js_client/tinyimagenet_dataset_tinyimagenet_iid_js_client_lmax1p00_tau0p85_tkd1p00_nofeat_canonical_seed0_r100.pkl
TinyImageNet,iid,71,0.2326702376206716,3,/home/minss/fl/DXFL/logs/lambda/final/logs_js_client_ofat_extensions_seed0/dataset/tinyimagenet/tinyimagenet/iid/seed0/adaptive_js_client/tinyimagenet_dataset_tinyimagenet_iid_js_client_lmax1p00_tau0p85_tkd1p00_nofeat_canonical_seed0_r100.pkl
TinyImageNet,iid,72,0.22782648354768753,4,/home/minss/fl/DXFL/logs/lambda/final/logs_js_client_ofat_extensions_seed0/dataset/tinyimagenet/tinyimagenet/iid/seed0/adaptive_js_client/tinyimagenet_dataset_tinyimagenet_iid_js_client_lmax1p00_tau0p85_tkd1p00_nofeat_canonical_seed0_r100.pkl
TinyImageNet,iid,73,0.21110367476940156,5,/home/minss/fl/DXFL/logs/lambda/final/logs_js_client_ofat_extensions_seed0/dataset/tinyimagenet/tinyimagenet/iid/seed0/adaptive_js_client/tinyimagenet_dataset_tinyimagenet_iid_js_client_lmax1p00_tau0p85_tkd1p00_nofeat_canonical_seed0_r100.pkl
TinyImageNet,iid,74,0.20970419049263,3,/home/minss/fl/DXFL/logs/lambda/final/logs_js_client_ofat_extensions_seed0/dataset/tinyimagenet/tinyimagenet/iid/seed0/adaptive_js_client/tinyimagenet_dataset_tinyimagenet_iid_js_client_lmax1p00_tau0p85_tkd1p00_nofeat_canonical_seed0_r100.pkl
TinyImageNet,iid,75,0.21181461215019226,4,/home/minss/fl/DXFL/logs/lambda/final/logs_js_client_ofat_extensions_seed0/dataset/tinyimagenet/tinyimagenet/iid/seed0/adaptive_js_client/tinyimagenet_dataset_tinyimagenet_iid_js_client_lmax1p00_tau0p85_tkd1p00_nofeat_canonical_seed0_r100.pkl
TinyImageNet,iid,77,0.22477027277151743,3,/home/minss/fl/DXFL/logs/lambda/final/logs_js_client_ofat_extensions_seed0/dataset/tinyimagenet/tinyimagenet/iid/seed0/adaptive_js_client/tinyimagenet_dataset_tinyimagenet_iid_js_client_lmax1p00_tau0p85_tkd1p00_nofeat_canonical_seed0_r100.pkl
TinyImageNet,iid,78,0.20028624683618546,2,/home/minss/fl/DXFL/logs/lambda/final/logs_js_client_ofat_extensions_seed0/dataset/tinyimagenet/tinyimagenet/iid/seed0/adaptive_js_client/tinyimagenet_dataset_tinyimagenet_iid_js_client_lmax1p00_tau0p85_tkd1p00_nofeat_canonical_seed0_r100.pkl
TinyImageNet,iid,79,0.20235518117745718,3,/home/minss/fl/DXFL/logs/lambda/final/logs_js_client_ofat_extensions_seed0/dataset/tinyimagenet/tinyimagenet/iid/seed0/adaptive_js_client/tinyimagenet_dataset_tinyimagenet_iid_js_client_lmax1p00_tau0p85_tkd1p00_nofeat_canonical_seed0_r100.pkl
TinyImageNet,iid,80,0.17660066485404968,2,/home/minss/fl/DXFL/logs/lambda/final/logs_js_client_ofat_extensions_seed0/dataset/tinyimagenet/tinyimagenet/iid/seed0/adaptive_js_client/tinyimagenet_dataset_tinyimagenet_iid_js_client_lmax1p00_tau0p85_tkd1p00_nofeat_canonical_seed0_r100.pkl
TinyImageNet,iid,81,0.20442133148511252,3,/home/minss/fl/DXFL/logs/lambda/final/logs_js_client_ofat_extensions_seed0/dataset/tinyimagenet/tinyimagenet/iid/seed0/adaptive_js_client/tinyimagenet_dataset_tinyimagenet_iid_js_client_lmax1p00_tau0p85_tkd1p00_nofeat_canonical_seed0_r100.pkl
TinyImageNet,iid,82,0.19581110775470734,2,/home/minss/fl/DXFL/logs/lambda/final/logs_js_client_ofat_extensions_seed0/dataset/tinyimagenet/tinyimagenet/iid/seed0/adaptive_js_client/tinyimagenet_dataset_tinyimagenet_iid_js_client_lmax1p00_tau0p85_tkd1p00_nofeat_canonical_seed0_r100.pkl
TinyImageNet,iid,83,0.20765584707260132,3,/home/minss/fl/DXFL/logs/lambda/final/logs_js_client_ofat_extensions_seed0/dataset/tinyimagenet/tinyimagenet/iid/seed0/adaptive_js_client/tinyimagenet_dataset_tinyimagenet_iid_js_client_lmax1p00_tau0p85_tkd1p00_nofeat_canonical_seed0_r100.pkl
TinyImageNet,iid,84,0.2050040364265442,3,/home/minss/fl/DXFL/logs/lambda/final/logs_js_client_ofat_extensions_seed0/dataset/tinyimagenet/tinyimagenet/iid/seed0/adaptive_js_client/tinyimagenet_dataset_tinyimagenet_iid_js_client_lmax1p00_tau0p85_tkd1p00_nofeat_canonical_seed0_r100.pkl
TinyImageNet,iid,85,0.19676991800467172,3,/home/minss/fl/DXFL/logs/lambda/final/logs_js_client_ofat_extensions_seed0/dataset/tinyimagenet/tinyimagenet/iid/seed0/adaptive_js_client/tinyimagenet_dataset_tinyimagenet_iid_js_client_lmax1p00_tau0p85_tkd1p00_nofeat_canonical_seed0_r100.pkl
TinyImageNet,iid,86,0.2416162689526876,6,/home/minss/fl/DXFL/logs/lambda/final/logs_js_client_ofat_extensions_seed0/dataset/tinyimagenet/tinyimagenet/iid/seed0/adaptive_js_client/tinyimagenet_dataset_tinyimagenet_iid_js_client_lmax1p00_tau0p85_tkd1p00_nofeat_canonical_seed0_r100.pkl
TinyImageNet,iid,89,0.20105862617492676,2,/home/minss/fl/DXFL/logs/lambda/final/logs_js_client_ofat_extensions_seed0/dataset/tinyimagenet/tinyimagenet/iid/seed0/adaptive_js_client/tinyimagenet_dataset_tinyimagenet_iid_js_client_lmax1p00_tau0p85_tkd1p00_nofeat_canonical_seed0_r100.pkl
TinyImageNet,iid,90,0.2046717405319214,2,/home/minss/fl/DXFL/logs/lambda/final/logs_js_client_ofat_extensions_seed0/dataset/tinyimagenet/tinyimagenet/iid/seed0/adaptive_js_client/tinyimagenet_dataset_tinyimagenet_iid_js_client_lmax1p00_tau0p85_tkd1p00_nofeat_canonical_seed0_r100.pkl
TinyImageNet,iid,91,0.22097870707511902,4,/home/minss/fl/DXFL/logs/lambda/final/logs_js_client_ofat_extensions_seed0/dataset/tinyimagenet/tinyimagenet/iid/seed0/adaptive_js_client/tinyimagenet_dataset_tinyimagenet_iid_js_client_lmax1p00_tau0p85_tkd1p00_nofeat_canonical_seed0_r100.pkl
TinyImageNet,iid,92,0.20888569205999374,2,/home/minss/fl/DXFL/logs/lambda/final/logs_js_client_ofat_extensions_seed0/dataset/tinyimagenet/tinyimagenet/iid/seed0/adaptive_js_client/tinyimagenet_dataset_tinyimagenet_iid_js_client_lmax1p00_tau0p85_tkd1p00_nofeat_canonical_seed0_r100.pkl
TinyImageNet,iid,93,0.203159362077713,2,/home/minss/fl/DXFL/logs/lambda/final/logs_js_client_ofat_extensions_seed0/dataset/tinyimagenet/tinyimagenet/iid/seed0/adaptive_js_client/tinyimagenet_dataset_tinyimagenet_iid_js_client_lmax1p00_tau0p85_tkd1p00_nofeat_canonical_seed0_r100.pkl
TinyImageNet,iid,94,0.1693950891494751,1,/home/minss/fl/DXFL/logs/lambda/final/logs_js_client_ofat_extensions_seed0/dataset/tinyimagenet/tinyimagenet/iid/seed0/adaptive_js_client/tinyimagenet_dataset_tinyimagenet_iid_js_client_lmax1p00_tau0p85_tkd1p00_nofeat_canonical_seed0_r100.pkl
TinyImageNet,iid,95,0.194980651140213,2,/home/minss/fl/DXFL/logs/lambda/final/logs_js_client_ofat_extensions_seed0/dataset/tinyimagenet/tinyimagenet/iid/seed0/adaptive_js_client/tinyimagenet_dataset_tinyimagenet_iid_js_client_lmax1p00_tau0p85_tkd1p00_nofeat_canonical_seed0_r100.pkl
TinyImageNet,iid,96,0.22296489402651787,4,/home/minss/fl/DXFL/logs/lambda/final/logs_js_client_ofat_extensions_seed0/dataset/tinyimagenet/tinyimagenet/iid/seed0/adaptive_js_client/tinyimagenet_dataset_tinyimagenet_iid_js_client_lmax1p00_tau0p85_tkd1p00_nofeat_canonical_seed0_r100.pkl
TinyImageNet,iid,97,0.19489775598049164,2,/home/minss/fl/DXFL/logs/lambda/final/logs_js_client_ofat_extensions_seed0/dataset/tinyimagenet/tinyimagenet/iid/seed0/adaptive_js_client/tinyimagenet_dataset_tinyimagenet_iid_js_client_lmax1p00_tau0p85_tkd1p00_nofeat_canonical_seed0_r100.pkl
TinyImageNet,iid,98,0.20345567166805267,2,/home/minss/fl/DXFL/logs/lambda/final/logs_js_client_ofat_extensions_seed0/dataset/tinyimagenet/tinyimagenet/iid/seed0/adaptive_js_client/tinyimagenet_dataset_tinyimagenet_iid_js_client_lmax1p00_tau0p85_tkd1p00_nofeat_canonical_seed0_r100.pkl
TinyImageNet,iid,99,0.20940909534692764,4,/home/minss/fl/DXFL/logs/lambda/final/logs_js_client_ofat_extensions_seed0/dataset/tinyimagenet/tinyimagenet/iid/seed0/adaptive_js_client/tinyimagenet_dataset_tinyimagenet_iid_js_client_lmax1p00_tau0p85_tkd1p00_nofeat_canonical_seed0_r100.pkl
TinyImageNet,beta_0.3,1,0.20712250967820486,3,/home/minss/fl/DXFL/logs/lambda/final/logs_js_client_ofat_extensions_seed0/dataset/tinyimagenet/tinyimagenet/beta_0.3/seed0/adaptive_js_client/tinyimagenet_dataset_tinyimagenet_beta_0.3_js_client_lmax1p00_tau0p85_tkd1p00_nofeat_canonical_seed0_r100.pkl
TinyImageNet,beta_0.3,2,0.17160625383257866,4,/home/minss/fl/DXFL/logs/lambda/final/logs_js_client_ofat_extensions_seed0/dataset/tinyimagenet/tinyimagenet/beta_0.3/seed0/adaptive_js_client/tinyimagenet_dataset_tinyimagenet_beta_0.3_js_client_lmax1p00_tau0p85_tkd1p00_nofeat_canonical_seed0_r100.pkl
TinyImageNet,beta_0.3,3,0.18763021007180214,4,/home/minss/fl/DXFL/logs/lambda/final/logs_js_client_ofat_extensions_seed0/dataset/tinyimagenet/tinyimagenet/beta_0.3/seed0/adaptive_js_client/tinyimagenet_dataset_tinyimagenet_beta_0.3_js_client_lmax1p00_tau0p85_tkd1p00_nofeat_canonical_seed0_r100.pkl
TinyImageNet,beta_0.3,4,0.1629867454369863,3,/home/minss/fl/DXFL/logs/lambda/final/logs_js_client_ofat_extensions_seed0/dataset/tinyimagenet/tinyimagenet/beta_0.3/seed0/adaptive_js_client/tinyimagenet_dataset_tinyimagenet_beta_0.3_js_client_lmax1p00_tau0p85_tkd1p00_nofeat_canonical_seed0_r100.pkl
TinyImageNet,beta_0.3,5,0.15281882137060165,4,/home/minss/fl/DXFL/logs/lambda/final/logs_js_client_ofat_extensions_seed0/dataset/tinyimagenet/tinyimagenet/beta_0.3/seed0/adaptive_js_client/tinyimagenet_dataset_tinyimagenet_beta_0.3_js_client_lmax1p00_tau0p85_tkd1p00_nofeat_canonical_seed0_r100.pkl
TinyImageNet,beta_0.3,6,0.1694774106144905,2,/home/minss/fl/DXFL/logs/lambda/final/logs_js_client_ofat_extensions_seed0/dataset/tinyimagenet/tinyimagenet/beta_0.3/seed0/adaptive_js_client/tinyimagenet_dataset_tinyimagenet_beta_0.3_js_client_lmax1p00_tau0p85_tkd1p00_nofeat_canonical_seed0_r100.pkl
TinyImageNet,beta_0.3,7,0.14836078882217407,2,/home/minss/fl/DXFL/logs/lambda/final/logs_js_client_ofat_extensions_seed0/dataset/tinyimagenet/tinyimagenet/beta_0.3/seed0/adaptive_js_client/tinyimagenet_dataset_tinyimagenet_beta_0.3_js_client_lmax1p00_tau0p85_tkd1p00_nofeat_canonical_seed0_r100.pkl
TinyImageNet,beta_0.3,8,0.14326496918996176,3,/home/minss/fl/DXFL/logs/lambda/final/logs_js_client_ofat_extensions_seed0/dataset/tinyimagenet/tinyimagenet/beta_0.3/seed0/adaptive_js_client/tinyimagenet_dataset_tinyimagenet_beta_0.3_js_client_lmax1p00_tau0p85_tkd1p00_nofeat_canonical_seed0_r100.pkl
TinyImageNet,beta_0.3,9,0.15785738453269005,4,/home/minss/fl/DXFL/logs/lambda/final/logs_js_client_ofat_extensions_seed0/dataset/tinyimagenet/tinyimagenet/beta_0.3/seed0/adaptive_js_client/tinyimagenet_dataset_tinyimagenet_beta_0.3_js_client_lmax1p00_tau0p85_tkd1p00_nofeat_canonical_seed0_r100.pkl
TinyImageNet,beta_0.3,10,0.13230550289154053,1,/home/minss/fl/DXFL/logs/lambda/final/logs_js_client_ofat_extensions_seed0/dataset/tinyimagenet/tinyimagenet/beta_0.3/seed0/adaptive_js_client/tinyimagenet_dataset_tinyimagenet_beta_0.3_js_client_lmax1p00_tau0p85_tkd1p00_nofeat_canonical_seed0_r100.pkl
TinyImageNet,beta_0.3,11,0.16418413817882538,1,/home/minss/fl/DXFL/logs/lambda/final/logs_js_client_ofat_extensions_seed0/dataset/tinyimagenet/tinyimagenet/beta_0.3/seed0/adaptive_js_client/tinyimagenet_dataset_tinyimagenet_beta_0.3_js_client_lmax1p00_tau0p85_tkd1p00_nofeat_canonical_seed0_r100.pkl
TinyImageNet,beta_0.3,12,0.16302514374256133,5,/home/minss/fl/DXFL/logs/lambda/final/logs_js_client_ofat_extensions_seed0/dataset/tinyimagenet/tinyimagenet/beta_0.3/seed0/adaptive_js_client/tinyimagenet_dataset_tinyimagenet_beta_0.3_js_client_lmax1p00_tau0p85_tkd1p00_nofeat_canonical_seed0_r100.pkl
TinyImageNet,beta_0.3,13,0.19736649096012115,4,/home/minss/fl/DXFL/logs/lambda/final/logs_js_client_ofat_extensions_seed0/dataset/tinyimagenet/tinyimagenet/beta_0.3/seed0/adaptive_js_client/tinyimagenet_dataset_tinyimagenet_beta_0.3_js_client_lmax1p00_tau0p85_tkd1p00_nofeat_canonical_seed0_r100.pkl
TinyImageNet,beta_0.3,14,0.18066686391830444,1,/home/minss/fl/DXFL/logs/lambda/final/logs_js_client_ofat_extensions_seed0/dataset/tinyimagenet/tinyimagenet/beta_0.3/seed0/adaptive_js_client/tinyimagenet_dataset_tinyimagenet_beta_0.3_js_client_lmax1p00_tau0p85_tkd1p00_nofeat_canonical_seed0_r100.pkl
TinyImageNet,beta_0.3,15,0.15939433872699738,5,/home/minss/fl/DXFL/logs/lambda/final/logs_js_client_ofat_extensions_seed0/dataset/tinyimagenet/tinyimagenet/beta_0.3/seed0/adaptive_js_client/tinyimagenet_dataset_tinyimagenet_beta_0.3_js_client_lmax1p00_tau0p85_tkd1p00_nofeat_canonical_seed0_r100.pkl
TinyImageNet,beta_0.3,16,0.1853926032781601,3,/home/minss/fl/DXFL/logs/lambda/final/logs_js_client_ofat_extensions_seed0/dataset/tinyimagenet/tinyimagenet/beta_0.3/seed0/adaptive_js_client/tinyimagenet_dataset_tinyimagenet_beta_0.3_js_client_lmax1p00_tau0p85_tkd1p00_nofeat_canonical_seed0_r100.pkl
TinyImageNet,beta_0.3,17,0.1565809597571691,3,/home/minss/fl/DXFL/logs/lambda/final/logs_js_client_ofat_extensions_seed0/dataset/tinyimagenet/tinyimagenet/beta_0.3/seed0/adaptive_js_client/tinyimagenet_dataset_tinyimagenet_beta_0.3_js_client_lmax1p00_tau0p85_tkd1p00_nofeat_canonical_seed0_r100.pkl
TinyImageNet,beta_0.3,18,0.15231711169083914,3,/home/minss/fl/DXFL/logs/lambda/final/logs_js_client_ofat_extensions_seed0/dataset/tinyimagenet/tinyimagenet/beta_0.3/seed0/adaptive_js_client/tinyimagenet_dataset_tinyimagenet_beta_0.3_js_client_lmax1p00_tau0p85_tkd1p00_nofeat_canonical_seed0_r100.pkl
TinyImageNet,beta_0.3,19,0.15869663655757904,4,/home/minss/fl/DXFL/logs/lambda/final/logs_js_client_ofat_extensions_seed0/dataset/tinyimagenet/tinyimagenet/beta_0.3/seed0/adaptive_js_client/tinyimagenet_dataset_tinyimagenet_beta_0.3_js_client_lmax1p00_tau0p85_tkd1p00_nofeat_canonical_seed0_r100.pkl
TinyImageNet,beta_0.3,20,0.1681114248931408,4,/home/minss/fl/DXFL/logs/lambda/final/logs_js_client_ofat_extensions_seed0/dataset/tinyimagenet/tinyimagenet/beta_0.3/seed0/adaptive_js_client/tinyimagenet_dataset_tinyimagenet_beta_0.3_js_client_lmax1p00_tau0p85_tkd1p00_nofeat_canonical_seed0_r100.pkl
TinyImageNet,beta_0.3,21,0.18499470353126526,5,/home/minss/fl/DXFL/logs/lambda/final/logs_js_client_ofat_extensions_seed0/dataset/tinyimagenet/tinyimagenet/beta_0.3/seed0/adaptive_js_client/tinyimagenet_dataset_tinyimagenet_beta_0.3_js_client_lmax1p00_tau0p85_tkd1p00_nofeat_canonical_seed0_r100.pkl
TinyImageNet,beta_0.3,22,0.16109774013360342,3,/home/minss/fl/DXFL/logs/lambda/final/logs_js_client_ofat_extensions_seed0/dataset/tinyimagenet/tinyimagenet/beta_0.3/seed0/adaptive_js_client/tinyimagenet_dataset_tinyimagenet_beta_0.3_js_client_lmax1p00_tau0p85_tkd1p00_nofeat_canonical_seed0_r100.pkl
TinyImageNet,beta_0.3,23,0.19465976740632737,7,/home/minss/fl/DXFL/logs/lambda/final/logs_js_client_ofat_extensions_seed0/dataset/tinyimagenet/tinyimagenet/beta_0.3/seed0/adaptive_js_client/tinyimagenet_dataset_tinyimagenet_beta_0.3_js_client_lmax1p00_tau0p85_tkd1p00_nofeat_canonical_seed0_r100.pkl
TinyImageNet,beta_0.3,24,0.14954873919487,1,/home/minss/fl/DXFL/logs/lambda/final/logs_js_client_ofat_extensions_seed0/dataset/tinyimagenet/tinyimagenet/beta_0.3/seed0/adaptive_js_client/tinyimagenet_dataset_tinyimagenet_beta_0.3_js_client_lmax1p00_tau0p85_tkd1p00_nofeat_canonical_seed0_r100.pkl
TinyImageNet,beta_0.3,25,0.1421724669635296,4,/home/minss/fl/DXFL/logs/lambda/final/logs_js_client_ofat_extensions_seed0/dataset/tinyimagenet/tinyimagenet/beta_0.3/seed0/adaptive_js_client/tinyimagenet_dataset_tinyimagenet_beta_0.3_js_client_lmax1p00_tau0p85_tkd1p00_nofeat_canonical_seed0_r100.pkl
TinyImageNet,beta_0.3,26,0.17685846239328384,8,/home/minss/fl/DXFL/logs/lambda/final/logs_js_client_ofat_extensions_seed0/dataset/tinyimagenet/tinyimagenet/beta_0.3/seed0/adaptive_js_client/tinyimagenet_dataset_tinyimagenet_beta_0.3_js_client_lmax1p00_tau0p85_tkd1p00_nofeat_canonical_seed0_r100.pkl
TinyImageNet,beta_0.3,27,0.13995551690459251,4,/home/minss/fl/DXFL/logs/lambda/final/logs_js_client_ofat_extensions_seed0/dataset/tinyimagenet/tinyimagenet/beta_0.3/seed0/adaptive_js_client/tinyimagenet_dataset_tinyimagenet_beta_0.3_js_client_lmax1p00_tau0p85_tkd1p00_nofeat_canonical_seed0_r100.pkl
TinyImageNet,beta_0.3,28,0.1710788533091545,4,/home/minss/fl/DXFL/logs/lambda/final/logs_js_client_ofat_extensions_seed0/dataset/tinyimagenet/tinyimagenet/beta_0.3/seed0/adaptive_js_client/tinyimagenet_dataset_tinyimagenet_beta_0.3_js_client_lmax1p00_tau0p85_tkd1p00_nofeat_canonical_seed0_r100.pkl
TinyImageNet,beta_0.3,30,0.14911935478448868,4,/home/minss/fl/DXFL/logs/lambda/final/logs_js_client_ofat_extensions_seed0/dataset/tinyimagenet/tinyimagenet/beta_0.3/seed0/adaptive_js_client/tinyimagenet_dataset_tinyimagenet_beta_0.3_js_client_lmax1p00_tau0p85_tkd1p00_nofeat_canonical_seed0_r100.pkl
TinyImageNet,beta_0.3,31,0.18249809741973877,2,/home/minss/fl/DXFL/logs/lambda/final/logs_js_client_ofat_extensions_seed0/dataset/tinyimagenet/tinyimagenet/beta_0.3/seed0/adaptive_js_client/tinyimagenet_dataset_tinyimagenet_beta_0.3_js_client_lmax1p00_tau0p85_tkd1p00_nofeat_canonical_seed0_r100.pkl
TinyImageNet,beta_0.3,32,0.15327578783035278,2,/home/minss/fl/DXFL/logs/lambda/final/logs_js_client_ofat_extensions_seed0/dataset/tinyimagenet/tinyimagenet/beta_0.3/seed0/adaptive_js_client/tinyimagenet_dataset_tinyimagenet_beta_0.3_js_client_lmax1p00_tau0p85_tkd1p00_nofeat_canonical_seed0_r100.pkl
TinyImageNet,beta_0.3,33,0.16138185063997904,3,/home/minss/fl/DXFL/logs/lambda/final/logs_js_client_ofat_extensions_seed0/dataset/tinyimagenet/tinyimagenet/beta_0.3/seed0/adaptive_js_client/tinyimagenet_dataset_tinyimagenet_beta_0.3_js_client_lmax1p00_tau0p85_tkd1p00_nofeat_canonical_seed0_r100.pkl
TinyImageNet,beta_0.3,34,0.1626938432455063,1,/home/minss/fl/DXFL/logs/lambda/final/logs_js_client_ofat_extensions_seed0/dataset/tinyimagenet/tinyimagenet/beta_0.3/seed0/adaptive_js_client/tinyimagenet_dataset_tinyimagenet_beta_0.3_js_client_lmax1p00_tau0p85_tkd1p00_nofeat_canonical_seed0_r100.pkl
TinyImageNet,beta_0.3,36,0.1819150187075138,4,/home/minss/fl/DXFL/logs/lambda/final/logs_js_client_ofat_extensions_seed0/dataset/tinyimagenet/tinyimagenet/beta_0.3/seed0/adaptive_js_client/tinyimagenet_dataset_tinyimagenet_beta_0.3_js_client_lmax1p00_tau0p85_tkd1p00_nofeat_canonical_seed0_r100.pkl
TinyImageNet,beta_0.3,37,0.13455220560232797,3,/home/minss/fl/DXFL/logs/lambda/final/logs_js_client_ofat_extensions_seed0/dataset/tinyimagenet/tinyimagenet/beta_0.3/seed0/adaptive_js_client/tinyimagenet_dataset_tinyimagenet_beta_0.3_js_client_lmax1p00_tau0p85_tkd1p00_nofeat_canonical_seed0_r100.pkl
TinyImageNet,beta_0.3,38,0.1727473944425583,5,/home/minss/fl/DXFL/logs/lambda/final/logs_js_client_ofat_extensions_seed0/dataset/tinyimagenet/tinyimagenet/beta_0.3/seed0/adaptive_js_client/tinyimagenet_dataset_tinyimagenet_beta_0.3_js_client_lmax1p00_tau0p85_tkd1p00_nofeat_canonical_seed0_r100.pkl
TinyImageNet,beta_0.3,40,0.14866868406534195,2,/home/minss/fl/DXFL/logs/lambda/final/logs_js_client_ofat_extensions_seed0/dataset/tinyimagenet/tinyimagenet/beta_0.3/seed0/adaptive_js_client/tinyimagenet_dataset_tinyimagenet_beta_0.3_js_client_lmax1p00_tau0p85_tkd1p00_nofeat_canonical_seed0_r100.pkl
TinyImageNet,beta_0.3,41,0.18148531019687653,3,/home/minss/fl/DXFL/logs/lambda/final/logs_js_client_ofat_extensions_seed0/dataset/tinyimagenet/tinyimagenet/beta_0.3/seed0/adaptive_js_client/tinyimagenet_dataset_tinyimagenet_beta_0.3_js_client_lmax1p00_tau0p85_tkd1p00_nofeat_canonical_seed0_r100.pkl
TinyImageNet,beta_0.3,42,0.1650158390402794,4,/home/minss/fl/DXFL/logs/lambda/final/logs_js_client_ofat_extensions_seed0/dataset/tinyimagenet/tinyimagenet/beta_0.3/seed0/adaptive_js_client/tinyimagenet_dataset_tinyimagenet_beta_0.3_js_client_lmax1p00_tau0p85_tkd1p00_nofeat_canonical_seed0_r100.pkl
TinyImageNet,beta_0.3,43,0.19123129546642303,1,/home/minss/fl/DXFL/logs/lambda/final/logs_js_client_ofat_extensions_seed0/dataset/tinyimagenet/tinyimagenet/beta_0.3/seed0/adaptive_js_client/tinyimagenet_dataset_tinyimagenet_beta_0.3_js_client_lmax1p00_tau0p85_tkd1p00_nofeat_canonical_seed0_r100.pkl
TinyImageNet,beta_0.3,44,0.15901273985703787,3,/home/minss/fl/DXFL/logs/lambda/final/logs_js_client_ofat_extensions_seed0/dataset/tinyimagenet/tinyimagenet/beta_0.3/seed0/adaptive_js_client/tinyimagenet_dataset_tinyimagenet_beta_0.3_js_client_lmax1p00_tau0p85_tkd1p00_nofeat_canonical_seed0_r100.pkl
TinyImageNet,beta_0.3,45,0.15593412518501282,2,/home/minss/fl/DXFL/logs/lambda/final/logs_js_client_ofat_extensions_seed0/dataset/tinyimagenet/tinyimagenet/beta_0.3/seed0/adaptive_js_client/tinyimagenet_dataset_tinyimagenet_beta_0.3_js_client_lmax1p00_tau0p85_tkd1p00_nofeat_canonical_seed0_r100.pkl
TinyImageNet,beta_0.3,46,0.16216692328453064,1,/home/minss/fl/DXFL/logs/lambda/final/logs_js_client_ofat_extensions_seed0/dataset/tinyimagenet/tinyimagenet/beta_0.3/seed0/adaptive_js_client/tinyimagenet_dataset_tinyimagenet_beta_0.3_js_client_lmax1p00_tau0p85_tkd1p00_nofeat_canonical_seed0_r100.pkl
TinyImageNet,beta_0.3,47,0.14721950888633728,2,/home/minss/fl/DXFL/logs/lambda/final/logs_js_client_ofat_extensions_seed0/dataset/tinyimagenet/tinyimagenet/beta_0.3/seed0/adaptive_js_client/tinyimagenet_dataset_tinyimagenet_beta_0.3_js_client_lmax1p00_tau0p85_tkd1p00_nofeat_canonical_seed0_r100.pkl
TinyImageNet,beta_0.3,48,0.15252946317195892,3,/home/minss/fl/DXFL/logs/lambda/final/logs_js_client_ofat_extensions_seed0/dataset/tinyimagenet/tinyimagenet/beta_0.3/seed0/adaptive_js_client/tinyimagenet_dataset_tinyimagenet_beta_0.3_js_client_lmax1p00_tau0p85_tkd1p00_nofeat_canonical_seed0_r100.pkl
TinyImageNet,beta_0.3,49,0.15012206137180328,4,/home/minss/fl/DXFL/logs/lambda/final/logs_js_client_ofat_extensions_seed0/dataset/tinyimagenet/tinyimagenet/beta_0.3/seed0/adaptive_js_client/tinyimagenet_dataset_tinyimagenet_beta_0.3_js_client_lmax1p00_tau0p85_tkd1p00_nofeat_canonical_seed0_r100.pkl
TinyImageNet,beta_0.3,50,0.1621650606393814,2,/home/minss/fl/DXFL/logs/lambda/final/logs_js_client_ofat_extensions_seed0/dataset/tinyimagenet/tinyimagenet/beta_0.3/seed0/adaptive_js_client/tinyimagenet_dataset_tinyimagenet_beta_0.3_js_client_lmax1p00_tau0p85_tkd1p00_nofeat_canonical_seed0_r100.pkl
TinyImageNet,beta_0.3,51,0.1597098708152771,3,/home/minss/fl/DXFL/logs/lambda/final/logs_js_client_ofat_extensions_seed0/dataset/tinyimagenet/tinyimagenet/beta_0.3/seed0/adaptive_js_client/tinyimagenet_dataset_tinyimagenet_beta_0.3_js_client_lmax1p00_tau0p85_tkd1p00_nofeat_canonical_seed0_r100.pkl
TinyImageNet,beta_0.3,52,0.16740285605192184,4,/home/minss/fl/DXFL/logs/lambda/final/logs_js_client_ofat_extensions_seed0/dataset/tinyimagenet/tinyimagenet/beta_0.3/seed0/adaptive_js_client/tinyimagenet_dataset_tinyimagenet_beta_0.3_js_client_lmax1p00_tau0p85_tkd1p00_nofeat_canonical_seed0_r100.pkl
TinyImageNet,beta_0.3,53,0.1471750537554423,3,/home/minss/fl/DXFL/logs/lambda/final/logs_js_client_ofat_extensions_seed0/dataset/tinyimagenet/tinyimagenet/beta_0.3/seed0/adaptive_js_client/tinyimagenet_dataset_tinyimagenet_beta_0.3_js_client_lmax1p00_tau0p85_tkd1p00_nofeat_canonical_seed0_r100.pkl
TinyImageNet,beta_0.3,54,0.1288425624370575,1,/home/minss/fl/DXFL/logs/lambda/final/logs_js_client_ofat_extensions_seed0/dataset/tinyimagenet/tinyimagenet/beta_0.3/seed0/adaptive_js_client/tinyimagenet_dataset_tinyimagenet_beta_0.3_js_client_lmax1p00_tau0p85_tkd1p00_nofeat_canonical_seed0_r100.pkl
TinyImageNet,beta_0.3,55,0.14232055842876434,3,/home/minss/fl/DXFL/logs/lambda/final/logs_js_client_ofat_extensions_seed0/dataset/tinyimagenet/tinyimagenet/beta_0.3/seed0/adaptive_js_client/tinyimagenet_dataset_tinyimagenet_beta_0.3_js_client_lmax1p00_tau0p85_tkd1p00_nofeat_canonical_seed0_r100.pkl
TinyImageNet,beta_0.3,56,0.1759015917778015,1,/home/minss/fl/DXFL/logs/lambda/final/logs_js_client_ofat_extensions_seed0/dataset/tinyimagenet/tinyimagenet/beta_0.3/seed0/adaptive_js_client/tinyimagenet_dataset_tinyimagenet_beta_0.3_js_client_lmax1p00_tau0p85_tkd1p00_nofeat_canonical_seed0_r100.pkl
TinyImageNet,beta_0.3,57,0.15784722566604614,3,/home/minss/fl/DXFL/logs/lambda/final/logs_js_client_ofat_extensions_seed0/dataset/tinyimagenet/tinyimagenet/beta_0.3/seed0/adaptive_js_client/tinyimagenet_dataset_tinyimagenet_beta_0.3_js_client_lmax1p00_tau0p85_tkd1p00_nofeat_canonical_seed0_r100.pkl
TinyImageNet,beta_0.3,58,0.14356638863682747,4,/home/minss/fl/DXFL/logs/lambda/final/logs_js_client_ofat_extensions_seed0/dataset/tinyimagenet/tinyimagenet/beta_0.3/seed0/adaptive_js_client/tinyimagenet_dataset_tinyimagenet_beta_0.3_js_client_lmax1p00_tau0p85_tkd1p00_nofeat_canonical_seed0_r100.pkl
TinyImageNet,beta_0.3,59,0.15997851391633353,3,/home/minss/fl/DXFL/logs/lambda/final/logs_js_client_ofat_extensions_seed0/dataset/tinyimagenet/tinyimagenet/beta_0.3/seed0/adaptive_js_client/tinyimagenet_dataset_tinyimagenet_beta_0.3_js_client_lmax1p00_tau0p85_tkd1p00_nofeat_canonical_seed0_r100.pkl
TinyImageNet,beta_0.3,60,0.16437786320845285,3,/home/minss/fl/DXFL/logs/lambda/final/logs_js_client_ofat_extensions_seed0/dataset/tinyimagenet/tinyimagenet/beta_0.3/seed0/adaptive_js_client/tinyimagenet_dataset_tinyimagenet_beta_0.3_js_client_lmax1p00_tau0p85_tkd1p00_nofeat_canonical_seed0_r100.pkl
TinyImageNet,beta_0.3,61,0.15916255861520767,4,/home/minss/fl/DXFL/logs/lambda/final/logs_js_client_ofat_extensions_seed0/dataset/tinyimagenet/tinyimagenet/beta_0.3/seed0/adaptive_js_client/tinyimagenet_dataset_tinyimagenet_beta_0.3_js_client_lmax1p00_tau0p85_tkd1p00_nofeat_canonical_seed0_r100.pkl
TinyImageNet,beta_0.3,62,0.17158956080675125,2,/home/minss/fl/DXFL/logs/lambda/final/logs_js_client_ofat_extensions_seed0/dataset/tinyimagenet/tinyimagenet/beta_0.3/seed0/adaptive_js_client/tinyimagenet_dataset_tinyimagenet_beta_0.3_js_client_lmax1p00_tau0p85_tkd1p00_nofeat_canonical_seed0_r100.pkl
TinyImageNet,beta_0.3,63,0.1399661898612976,5,/home/minss/fl/DXFL/logs/lambda/final/logs_js_client_ofat_extensions_seed0/dataset/tinyimagenet/tinyimagenet/beta_0.3/seed0/adaptive_js_client/tinyimagenet_dataset_tinyimagenet_beta_0.3_js_client_lmax1p00_tau0p85_tkd1p00_nofeat_canonical_seed0_r100.pkl
TinyImageNet,beta_0.3,64,0.17828700691461563,4,/home/minss/fl/DXFL/logs/lambda/final/logs_js_client_ofat_extensions_seed0/dataset/tinyimagenet/tinyimagenet/beta_0.3/seed0/adaptive_js_client/tinyimagenet_dataset_tinyimagenet_beta_0.3_js_client_lmax1p00_tau0p85_tkd1p00_nofeat_canonical_seed0_r100.pkl
TinyImageNet,beta_0.3,65,0.16722832123438516,3,/home/minss/fl/DXFL/logs/lambda/final/logs_js_client_ofat_extensions_seed0/dataset/tinyimagenet/tinyimagenet/beta_0.3/seed0/adaptive_js_client/tinyimagenet_dataset_tinyimagenet_beta_0.3_js_client_lmax1p00_tau0p85_tkd1p00_nofeat_canonical_seed0_r100.pkl
TinyImageNet,beta_0.3,66,0.14452477792898813,6,/home/minss/fl/DXFL/logs/lambda/final/logs_js_client_ofat_extensions_seed0/dataset/tinyimagenet/tinyimagenet/beta_0.3/seed0/adaptive_js_client/tinyimagenet_dataset_tinyimagenet_beta_0.3_js_client_lmax1p00_tau0p85_tkd1p00_nofeat_canonical_seed0_r100.pkl
TinyImageNet,beta_0.3,67,0.18579643592238426,4,/home/minss/fl/DXFL/logs/lambda/final/logs_js_client_ofat_extensions_seed0/dataset/tinyimagenet/tinyimagenet/beta_0.3/seed0/adaptive_js_client/tinyimagenet_dataset_tinyimagenet_beta_0.3_js_client_lmax1p00_tau0p85_tkd1p00_nofeat_canonical_seed0_r100.pkl
TinyImageNet,beta_0.3,68,0.17394397556781768,5,/home/minss/fl/DXFL/logs/lambda/final/logs_js_client_ofat_extensions_seed0/dataset/tinyimagenet/tinyimagenet/beta_0.3/seed0/adaptive_js_client/tinyimagenet_dataset_tinyimagenet_beta_0.3_js_client_lmax1p00_tau0p85_tkd1p00_nofeat_canonical_seed0_r100.pkl
TinyImageNet,beta_0.3,69,0.19811501502990722,5,/home/minss/fl/DXFL/logs/lambda/final/logs_js_client_ofat_extensions_seed0/dataset/tinyimagenet/tinyimagenet/beta_0.3/seed0/adaptive_js_client/tinyimagenet_dataset_tinyimagenet_beta_0.3_js_client_lmax1p00_tau0p85_tkd1p00_nofeat_canonical_seed0_r100.pkl
TinyImageNet,beta_0.3,70,0.17565075556437174,3,/home/minss/fl/DXFL/logs/lambda/final/logs_js_client_ofat_extensions_seed0/dataset/tinyimagenet/tinyimagenet/beta_0.3/seed0/adaptive_js_client/tinyimagenet_dataset_tinyimagenet_beta_0.3_js_client_lmax1p00_tau0p85_tkd1p00_nofeat_canonical_seed0_r100.pkl
TinyImageNet,beta_0.3,71,0.16885250061750412,2,/home/minss/fl/DXFL/logs/lambda/final/logs_js_client_ofat_extensions_seed0/dataset/tinyimagenet/tinyimagenet/beta_0.3/seed0/adaptive_js_client/tinyimagenet_dataset_tinyimagenet_beta_0.3_js_client_lmax1p00_tau0p85_tkd1p00_nofeat_canonical_seed0_r100.pkl
TinyImageNet,beta_0.3,72,0.16398990650971731,3,/home/minss/fl/DXFL/logs/lambda/final/logs_js_client_ofat_extensions_seed0/dataset/tinyimagenet/tinyimagenet/beta_0.3/seed0/adaptive_js_client/tinyimagenet_dataset_tinyimagenet_beta_0.3_js_client_lmax1p00_tau0p85_tkd1p00_nofeat_canonical_seed0_r100.pkl
TinyImageNet,beta_0.3,73,0.15051451325416565,1,/home/minss/fl/DXFL/logs/lambda/final/logs_js_client_ofat_extensions_seed0/dataset/tinyimagenet/tinyimagenet/beta_0.3/seed0/adaptive_js_client/tinyimagenet_dataset_tinyimagenet_beta_0.3_js_client_lmax1p00_tau0p85_tkd1p00_nofeat_canonical_seed0_r100.pkl
TinyImageNet,beta_0.3,74,0.15498191118240356,3,/home/minss/fl/DXFL/logs/lambda/final/logs_js_client_ofat_extensions_seed0/dataset/tinyimagenet/tinyimagenet/beta_0.3/seed0/adaptive_js_client/tinyimagenet_dataset_tinyimagenet_beta_0.3_js_client_lmax1p00_tau0p85_tkd1p00_nofeat_canonical_seed0_r100.pkl
TinyImageNet,beta_0.3,75,0.17415516078472137,2,/home/minss/fl/DXFL/logs/lambda/final/logs_js_client_ofat_extensions_seed0/dataset/tinyimagenet/tinyimagenet/beta_0.3/seed0/adaptive_js_client/tinyimagenet_dataset_tinyimagenet_beta_0.3_js_client_lmax1p00_tau0p85_tkd1p00_nofeat_canonical_seed0_r100.pkl
TinyImageNet,beta_0.3,76,0.16794057488441466,5,/home/minss/fl/DXFL/logs/lambda/final/logs_js_client_ofat_extensions_seed0/dataset/tinyimagenet/tinyimagenet/beta_0.3/seed0/adaptive_js_client/tinyimagenet_dataset_tinyimagenet_beta_0.3_js_client_lmax1p00_tau0p85_tkd1p00_nofeat_canonical_seed0_r100.pkl
TinyImageNet,beta_0.3,77,0.15153568983078003,2,/home/minss/fl/DXFL/logs/lambda/final/logs_js_client_ofat_extensions_seed0/dataset/tinyimagenet/tinyimagenet/beta_0.3/seed0/adaptive_js_client/tinyimagenet_dataset_tinyimagenet_beta_0.3_js_client_lmax1p00_tau0p85_tkd1p00_nofeat_canonical_seed0_r100.pkl
TinyImageNet,beta_0.3,78,0.17027894407510757,4,/home/minss/fl/DXFL/logs/lambda/final/logs_js_client_ofat_extensions_seed0/dataset/tinyimagenet/tinyimagenet/beta_0.3/seed0/adaptive_js_client/tinyimagenet_dataset_tinyimagenet_beta_0.3_js_client_lmax1p00_tau0p85_tkd1p00_nofeat_canonical_seed0_r100.pkl
TinyImageNet,beta_0.3,79,0.17170725017786026,2,/home/minss/fl/DXFL/logs/lambda/final/logs_js_client_ofat_extensions_seed0/dataset/tinyimagenet/tinyimagenet/beta_0.3/seed0/adaptive_js_client/tinyimagenet_dataset_tinyimagenet_beta_0.3_js_client_lmax1p00_tau0p85_tkd1p00_nofeat_canonical_seed0_r100.pkl
TinyImageNet,beta_0.3,80,0.16835623979568481,2,/home/minss/fl/DXFL/logs/lambda/final/logs_js_client_ofat_extensions_seed0/dataset/tinyimagenet/tinyimagenet/beta_0.3/seed0/adaptive_js_client/tinyimagenet_dataset_tinyimagenet_beta_0.3_js_client_lmax1p00_tau0p85_tkd1p00_nofeat_canonical_seed0_r100.pkl
TinyImageNet,beta_0.3,82,0.1563915858666102,3,/home/minss/fl/DXFL/logs/lambda/final/logs_js_client_ofat_extensions_seed0/dataset/tinyimagenet/tinyimagenet/beta_0.3/seed0/adaptive_js_client/tinyimagenet_dataset_tinyimagenet_beta_0.3_js_client_lmax1p00_tau0p85_tkd1p00_nofeat_canonical_seed0_r100.pkl
TinyImageNet,beta_0.3,83,0.13388286530971527,1,/home/minss/fl/DXFL/logs/lambda/final/logs_js_client_ofat_extensions_seed0/dataset/tinyimagenet/tinyimagenet/beta_0.3/seed0/adaptive_js_client/tinyimagenet_dataset_tinyimagenet_beta_0.3_js_client_lmax1p00_tau0p85_tkd1p00_nofeat_canonical_seed0_r100.pkl
TinyImageNet,beta_0.3,84,0.1587743510802587,3,/home/minss/fl/DXFL/logs/lambda/final/logs_js_client_ofat_extensions_seed0/dataset/tinyimagenet/tinyimagenet/beta_0.3/seed0/adaptive_js_client/tinyimagenet_dataset_tinyimagenet_beta_0.3_js_client_lmax1p00_tau0p85_tkd1p00_nofeat_canonical_seed0_r100.pkl
TinyImageNet,beta_0.3,85,0.1694985181093216,4,/home/minss/fl/DXFL/logs/lambda/final/logs_js_client_ofat_extensions_seed0/dataset/tinyimagenet/tinyimagenet/beta_0.3/seed0/adaptive_js_client/tinyimagenet_dataset_tinyimagenet_beta_0.3_js_client_lmax1p00_tau0p85_tkd1p00_nofeat_canonical_seed0_r100.pkl
TinyImageNet,beta_0.3,86,0.1537475511431694,4,/home/minss/fl/DXFL/logs/lambda/final/logs_js_client_ofat_extensions_seed0/dataset/tinyimagenet/tinyimagenet/beta_0.3/seed0/adaptive_js_client/tinyimagenet_dataset_tinyimagenet_beta_0.3_js_client_lmax1p00_tau0p85_tkd1p00_nofeat_canonical_seed0_r100.pkl
TinyImageNet,beta_0.3,87,0.1497075855731964,5,/home/minss/fl/DXFL/logs/lambda/final/logs_js_client_ofat_extensions_seed0/dataset/tinyimagenet/tinyimagenet/beta_0.3/seed0/adaptive_js_client/tinyimagenet_dataset_tinyimagenet_beta_0.3_js_client_lmax1p00_tau0p85_tkd1p00_nofeat_canonical_seed0_r100.pkl
TinyImageNet,beta_0.3,88,0.17648295064767203,6,/home/minss/fl/DXFL/logs/lambda/final/logs_js_client_ofat_extensions_seed0/dataset/tinyimagenet/tinyimagenet/beta_0.3/seed0/adaptive_js_client/tinyimagenet_dataset_tinyimagenet_beta_0.3_js_client_lmax1p00_tau0p85_tkd1p00_nofeat_canonical_seed0_r100.pkl
TinyImageNet,beta_0.3,89,0.16380072385072708,2,/home/minss/fl/DXFL/logs/lambda/final/logs_js_client_ofat_extensions_seed0/dataset/tinyimagenet/tinyimagenet/beta_0.3/seed0/adaptive_js_client/tinyimagenet_dataset_tinyimagenet_beta_0.3_js_client_lmax1p00_tau0p85_tkd1p00_nofeat_canonical_seed0_r100.pkl
TinyImageNet,beta_0.3,90,0.16807662323117256,4,/home/minss/fl/DXFL/logs/lambda/final/logs_js_client_ofat_extensions_seed0/dataset/tinyimagenet/tinyimagenet/beta_0.3/seed0/adaptive_js_client/tinyimagenet_dataset_tinyimagenet_beta_0.3_js_client_lmax1p00_tau0p85_tkd1p00_nofeat_canonical_seed0_r100.pkl
TinyImageNet,beta_0.3,91,0.16952216625213623,1,/home/minss/fl/DXFL/logs/lambda/final/logs_js_client_ofat_extensions_seed0/dataset/tinyimagenet/tinyimagenet/beta_0.3/seed0/adaptive_js_client/tinyimagenet_dataset_tinyimagenet_beta_0.3_js_client_lmax1p00_tau0p85_tkd1p00_nofeat_canonical_seed0_r100.pkl
TinyImageNet,beta_0.3,92,0.15469881892204285,2,/home/minss/fl/DXFL/logs/lambda/final/logs_js_client_ofat_extensions_seed0/dataset/tinyimagenet/tinyimagenet/beta_0.3/seed0/adaptive_js_client/tinyimagenet_dataset_tinyimagenet_beta_0.3_js_client_lmax1p00_tau0p85_tkd1p00_nofeat_canonical_seed0_r100.pkl
TinyImageNet,beta_0.3,93,0.16433677822351456,4,/home/minss/fl/DXFL/logs/lambda/final/logs_js_client_ofat_extensions_seed0/dataset/tinyimagenet/tinyimagenet/beta_0.3/seed0/adaptive_js_client/tinyimagenet_dataset_tinyimagenet_beta_0.3_js_client_lmax1p00_tau0p85_tkd1p00_nofeat_canonical_seed0_r100.pkl
TinyImageNet,beta_0.3,94,0.16407960653305054,1,/home/minss/fl/DXFL/logs/lambda/final/logs_js_client_ofat_extensions_seed0/dataset/tinyimagenet/tinyimagenet/beta_0.3/seed0/adaptive_js_client/tinyimagenet_dataset_tinyimagenet_beta_0.3_js_client_lmax1p00_tau0p85_tkd1p00_nofeat_canonical_seed0_r100.pkl
TinyImageNet,beta_0.3,95,0.1583225280046463,2,/home/minss/fl/DXFL/logs/lambda/final/logs_js_client_ofat_extensions_seed0/dataset/tinyimagenet/tinyimagenet/beta_0.3/seed0/adaptive_js_client/tinyimagenet_dataset_tinyimagenet_beta_0.3_js_client_lmax1p00_tau0p85_tkd1p00_nofeat_canonical_seed0_r100.pkl
TinyImageNet,beta_0.3,96,0.15420469641685486,2,/home/minss/fl/DXFL/logs/lambda/final/logs_js_client_ofat_extensions_seed0/dataset/tinyimagenet/tinyimagenet/beta_0.3/seed0/adaptive_js_client/tinyimagenet_dataset_tinyimagenet_beta_0.3_js_client_lmax1p00_tau0p85_tkd1p00_nofeat_canonical_seed0_r100.pkl
TinyImageNet,beta_0.3,97,0.18091686815023422,6,/home/minss/fl/DXFL/logs/lambda/final/logs_js_client_ofat_extensions_seed0/dataset/tinyimagenet/tinyimagenet/beta_0.3/seed0/adaptive_js_client/tinyimagenet_dataset_tinyimagenet_beta_0.3_js_client_lmax1p00_tau0p85_tkd1p00_nofeat_canonical_seed0_r100.pkl
TinyImageNet,beta_0.3,98,0.16647794842720032,2,/home/minss/fl/DXFL/logs/lambda/final/logs_js_client_ofat_extensions_seed0/dataset/tinyimagenet/tinyimagenet/beta_0.3/seed0/adaptive_js_client/tinyimagenet_dataset_tinyimagenet_beta_0.3_js_client_lmax1p00_tau0p85_tkd1p00_nofeat_canonical_seed0_r100.pkl
TinyImageNet,beta_0.3,99,0.14809049665927887,3,/home/minss/fl/DXFL/logs/lambda/final/logs_js_client_ofat_extensions_seed0/dataset/tinyimagenet/tinyimagenet/beta_0.3/seed0/adaptive_js_client/tinyimagenet_dataset_tinyimagenet_beta_0.3_js_client_lmax1p00_tau0p85_tkd1p00_nofeat_canonical_seed0_r100.pkl
TinyImageNet,beta_0.1,0,0.11317900009453297,4,/home/minss/fl/DXFL/logs/lambda/final/logs_js_client_ofat_extensions_seed0/dataset/tinyimagenet/tinyimagenet/beta_0.1/seed0/adaptive_js_client/tinyimagenet_dataset_tinyimagenet_beta_0.1_js_client_lmax1p00_tau0p85_tkd1p00_nofeat_canonical_seed0_r100.pkl
TinyImageNet,beta_0.1,1,0.11409646272659302,3,/home/minss/fl/DXFL/logs/lambda/final/logs_js_client_ofat_extensions_seed0/dataset/tinyimagenet/tinyimagenet/beta_0.1/seed0/adaptive_js_client/tinyimagenet_dataset_tinyimagenet_beta_0.1_js_client_lmax1p00_tau0p85_tkd1p00_nofeat_canonical_seed0_r100.pkl
TinyImageNet,beta_0.1,2,0.10391213993231456,3,/home/minss/fl/DXFL/logs/lambda/final/logs_js_client_ofat_extensions_seed0/dataset/tinyimagenet/tinyimagenet/beta_0.1/seed0/adaptive_js_client/tinyimagenet_dataset_tinyimagenet_beta_0.1_js_client_lmax1p00_tau0p85_tkd1p00_nofeat_canonical_seed0_r100.pkl
TinyImageNet,beta_0.1,3,0.10516052506864071,4,/home/minss/fl/DXFL/logs/lambda/final/logs_js_client_ofat_extensions_seed0/dataset/tinyimagenet/tinyimagenet/beta_0.1/seed0/adaptive_js_client/tinyimagenet_dataset_tinyimagenet_beta_0.1_js_client_lmax1p00_tau0p85_tkd1p00_nofeat_canonical_seed0_r100.pkl
TinyImageNet,beta_0.1,4,0.11911564444502194,6,/home/minss/fl/DXFL/logs/lambda/final/logs_js_client_ofat_extensions_seed0/dataset/tinyimagenet/tinyimagenet/beta_0.1/seed0/adaptive_js_client/tinyimagenet_dataset_tinyimagenet_beta_0.1_js_client_lmax1p00_tau0p85_tkd1p00_nofeat_canonical_seed0_r100.pkl
TinyImageNet,beta_0.1,6,0.10852759331464767,2,/home/minss/fl/DXFL/logs/lambda/final/logs_js_client_ofat_extensions_seed0/dataset/tinyimagenet/tinyimagenet/beta_0.1/seed0/adaptive_js_client/tinyimagenet_dataset_tinyimagenet_beta_0.1_js_client_lmax1p00_tau0p85_tkd1p00_nofeat_canonical_seed0_r100.pkl
TinyImageNet,beta_0.1,7,0.1111440122127533,5,/home/minss/fl/DXFL/logs/lambda/final/logs_js_client_ofat_extensions_seed0/dataset/tinyimagenet/tinyimagenet/beta_0.1/seed0/adaptive_js_client/tinyimagenet_dataset_tinyimagenet_beta_0.1_js_client_lmax1p00_tau0p85_tkd1p00_nofeat_canonical_seed0_r100.pkl
TinyImageNet,beta_0.1,8,0.07003887742757797,1,/home/minss/fl/DXFL/logs/lambda/final/logs_js_client_ofat_extensions_seed0/dataset/tinyimagenet/tinyimagenet/beta_0.1/seed0/adaptive_js_client/tinyimagenet_dataset_tinyimagenet_beta_0.1_js_client_lmax1p00_tau0p85_tkd1p00_nofeat_canonical_seed0_r100.pkl
TinyImageNet,beta_0.1,9,0.09572172164916992,3,/home/minss/fl/DXFL/logs/lambda/final/logs_js_client_ofat_extensions_seed0/dataset/tinyimagenet/tinyimagenet/beta_0.1/seed0/adaptive_js_client/tinyimagenet_dataset_tinyimagenet_beta_0.1_js_client_lmax1p00_tau0p85_tkd1p00_nofeat_canonical_seed0_r100.pkl
TinyImageNet,beta_0.1,10,0.11037293076515198,3,/home/minss/fl/DXFL/logs/lambda/final/logs_js_client_ofat_extensions_seed0/dataset/tinyimagenet/tinyimagenet/beta_0.1/seed0/adaptive_js_client/tinyimagenet_dataset_tinyimagenet_beta_0.1_js_client_lmax1p00_tau0p85_tkd1p00_nofeat_canonical_seed0_r100.pkl
TinyImageNet,beta_0.1,11,0.09551023319363594,2,/home/minss/fl/DXFL/logs/lambda/final/logs_js_client_ofat_extensions_seed0/dataset/tinyimagenet/tinyimagenet/beta_0.1/seed0/adaptive_js_client/tinyimagenet_dataset_tinyimagenet_beta_0.1_js_client_lmax1p00_tau0p85_tkd1p00_nofeat_canonical_seed0_r100.pkl
TinyImageNet,beta_0.1,12,0.10813365876674652,1,/home/minss/fl/DXFL/logs/lambda/final/logs_js_client_ofat_extensions_seed0/dataset/tinyimagenet/tinyimagenet/beta_0.1/seed0/adaptive_js_client/tinyimagenet_dataset_tinyimagenet_beta_0.1_js_client_lmax1p00_tau0p85_tkd1p00_nofeat_canonical_seed0_r100.pkl
TinyImageNet,beta_0.1,13,0.10951964805523555,3,/home/minss/fl/DXFL/logs/lambda/final/logs_js_client_ofat_extensions_seed0/dataset/tinyimagenet/tinyimagenet/beta_0.1/seed0/adaptive_js_client/tinyimagenet_dataset_tinyimagenet_beta_0.1_js_client_lmax1p00_tau0p85_tkd1p00_nofeat_canonical_seed0_r100.pkl
TinyImageNet,beta_0.1,14,0.12789972871541977,3,/home/minss/fl/DXFL/logs/lambda/final/logs_js_client_ofat_extensions_seed0/dataset/tinyimagenet/tinyimagenet/beta_0.1/seed0/adaptive_js_client/tinyimagenet_dataset_tinyimagenet_beta_0.1_js_client_lmax1p00_tau0p85_tkd1p00_nofeat_canonical_seed0_r100.pkl
TinyImageNet,beta_0.1,15,0.06958295851945877,5,/home/minss/fl/DXFL/logs/lambda/final/logs_js_client_ofat_extensions_seed0/dataset/tinyimagenet/tinyimagenet/beta_0.1/seed0/adaptive_js_client/tinyimagenet_dataset_tinyimagenet_beta_0.1_js_client_lmax1p00_tau0p85_tkd1p00_nofeat_canonical_seed0_r100.pkl
TinyImageNet,beta_0.1,16,0.10461526736617088,4,/home/minss/fl/DXFL/logs/lambda/final/logs_js_client_ofat_extensions_seed0/dataset/tinyimagenet/tinyimagenet/beta_0.1/seed0/adaptive_js_client/tinyimagenet_dataset_tinyimagenet_beta_0.1_js_client_lmax1p00_tau0p85_tkd1p00_nofeat_canonical_seed0_r100.pkl
TinyImageNet,beta_0.1,17,0.11045897379517555,2,/home/minss/fl/DXFL/logs/lambda/final/logs_js_client_ofat_extensions_seed0/dataset/tinyimagenet/tinyimagenet/beta_0.1/seed0/adaptive_js_client/tinyimagenet_dataset_tinyimagenet_beta_0.1_js_client_lmax1p00_tau0p85_tkd1p00_nofeat_canonical_seed0_r100.pkl
TinyImageNet,beta_0.1,18,0.13863133639097214,2,/home/minss/fl/DXFL/logs/lambda/final/logs_js_client_ofat_extensions_seed0/dataset/tinyimagenet/tinyimagenet/beta_0.1/seed0/adaptive_js_client/tinyimagenet_dataset_tinyimagenet_beta_0.1_js_client_lmax1p00_tau0p85_tkd1p00_nofeat_canonical_seed0_r100.pkl
TinyImageNet,beta_0.1,19,0.10075729340314865,5,/home/minss/fl/DXFL/logs/lambda/final/logs_js_client_ofat_extensions_seed0/dataset/tinyimagenet/tinyimagenet/beta_0.1/seed0/adaptive_js_client/tinyimagenet_dataset_tinyimagenet_beta_0.1_js_client_lmax1p00_tau0p85_tkd1p00_nofeat_canonical_seed0_r100.pkl
TinyImageNet,beta_0.1,20,0.0854848325252533,1,/home/minss/fl/DXFL/logs/lambda/final/logs_js_client_ofat_extensions_seed0/dataset/tinyimagenet/tinyimagenet/beta_0.1/seed0/adaptive_js_client/tinyimagenet_dataset_tinyimagenet_beta_0.1_js_client_lmax1p00_tau0p85_tkd1p00_nofeat_canonical_seed0_r100.pkl
TinyImageNet,beta_0.1,21,0.10876421630382538,1,/home/minss/fl/DXFL/logs/lambda/final/logs_js_client_ofat_extensions_seed0/dataset/tinyimagenet/tinyimagenet/beta_0.1/seed0/adaptive_js_client/tinyimagenet_dataset_tinyimagenet_beta_0.1_js_client_lmax1p00_tau0p85_tkd1p00_nofeat_canonical_seed0_r100.pkl
TinyImageNet,beta_0.1,22,0.10340192168951035,4,/home/minss/fl/DXFL/logs/lambda/final/logs_js_client_ofat_extensions_seed0/dataset/tinyimagenet/tinyimagenet/beta_0.1/seed0/adaptive_js_client/tinyimagenet_dataset_tinyimagenet_beta_0.1_js_client_lmax1p00_tau0p85_tkd1p00_nofeat_canonical_seed0_r100.pkl
TinyImageNet,beta_0.1,23,0.10498658567667007,6,/home/minss/fl/DXFL/logs/lambda/final/logs_js_client_ofat_extensions_seed0/dataset/tinyimagenet/tinyimagenet/beta_0.1/seed0/adaptive_js_client/tinyimagenet_dataset_tinyimagenet_beta_0.1_js_client_lmax1p00_tau0p85_tkd1p00_nofeat_canonical_seed0_r100.pkl
TinyImageNet,beta_0.1,24,0.09021083762248357,3,/home/minss/fl/DXFL/logs/lambda/final/logs_js_client_ofat_extensions_seed0/dataset/tinyimagenet/tinyimagenet/beta_0.1/seed0/adaptive_js_client/tinyimagenet_dataset_tinyimagenet_beta_0.1_js_client_lmax1p00_tau0p85_tkd1p00_nofeat_canonical_seed0_r100.pkl
TinyImageNet,beta_0.1,25,0.09919363260269165,3,/home/minss/fl/DXFL/logs/lambda/final/logs_js_client_ofat_extensions_seed0/dataset/tinyimagenet/tinyimagenet/beta_0.1/seed0/adaptive_js_client/tinyimagenet_dataset_tinyimagenet_beta_0.1_js_client_lmax1p00_tau0p85_tkd1p00_nofeat_canonical_seed0_r100.pkl
TinyImageNet,beta_0.1,26,0.10764558985829353,4,/home/minss/fl/DXFL/logs/lambda/final/logs_js_client_ofat_extensions_seed0/dataset/tinyimagenet/tinyimagenet/beta_0.1/seed0/adaptive_js_client/tinyimagenet_dataset_tinyimagenet_beta_0.1_js_client_lmax1p00_tau0p85_tkd1p00_nofeat_canonical_seed0_r100.pkl
TinyImageNet,beta_0.1,27,0.09067680438359578,3,/home/minss/fl/DXFL/logs/lambda/final/logs_js_client_ofat_extensions_seed0/dataset/tinyimagenet/tinyimagenet/beta_0.1/seed0/adaptive_js_client/tinyimagenet_dataset_tinyimagenet_beta_0.1_js_client_lmax1p00_tau0p85_tkd1p00_nofeat_canonical_seed0_r100.pkl
TinyImageNet,beta_0.1,28,0.11142648756504059,1,/home/minss/fl/DXFL/logs/lambda/final/logs_js_client_ofat_extensions_seed0/dataset/tinyimagenet/tinyimagenet/beta_0.1/seed0/adaptive_js_client/tinyimagenet_dataset_tinyimagenet_beta_0.1_js_client_lmax1p00_tau0p85_tkd1p00_nofeat_canonical_seed0_r100.pkl
TinyImageNet,beta_0.1,29,0.14441635608673095,5,/home/minss/fl/DXFL/logs/lambda/final/logs_js_client_ofat_extensions_seed0/dataset/tinyimagenet/tinyimagenet/beta_0.1/seed0/adaptive_js_client/tinyimagenet_dataset_tinyimagenet_beta_0.1_js_client_lmax1p00_tau0p85_tkd1p00_nofeat_canonical_seed0_r100.pkl
TinyImageNet,beta_0.1,30,0.10908617824316025,2,/home/minss/fl/DXFL/logs/lambda/final/logs_js_client_ofat_extensions_seed0/dataset/tinyimagenet/tinyimagenet/beta_0.1/seed0/adaptive_js_client/tinyimagenet_dataset_tinyimagenet_beta_0.1_js_client_lmax1p00_tau0p85_tkd1p00_nofeat_canonical_seed0_r100.pkl
TinyImageNet,beta_0.1,31,0.09986130148172379,2,/home/minss/fl/DXFL/logs/lambda/final/logs_js_client_ofat_extensions_seed0/dataset/tinyimagenet/tinyimagenet/beta_0.1/seed0/adaptive_js_client/tinyimagenet_dataset_tinyimagenet_beta_0.1_js_client_lmax1p00_tau0p85_tkd1p00_nofeat_canonical_seed0_r100.pkl
TinyImageNet,beta_0.1,32,0.0995185561478138,2,/home/minss/fl/DXFL/logs/lambda/final/logs_js_client_ofat_extensions_seed0/dataset/tinyimagenet/tinyimagenet/beta_0.1/seed0/adaptive_js_client/tinyimagenet_dataset_tinyimagenet_beta_0.1_js_client_lmax1p00_tau0p85_tkd1p00_nofeat_canonical_seed0_r100.pkl
TinyImageNet,beta_0.1,34,0.0955546423792839,3,/home/minss/fl/DXFL/logs/lambda/final/logs_js_client_ofat_extensions_seed0/dataset/tinyimagenet/tinyimagenet/beta_0.1/seed0/adaptive_js_client/tinyimagenet_dataset_tinyimagenet_beta_0.1_js_client_lmax1p00_tau0p85_tkd1p00_nofeat_canonical_seed0_r100.pkl
TinyImageNet,beta_0.1,35,0.12073725461959839,1,/home/minss/fl/DXFL/logs/lambda/final/logs_js_client_ofat_extensions_seed0/dataset/tinyimagenet/tinyimagenet/beta_0.1/seed0/adaptive_js_client/tinyimagenet_dataset_tinyimagenet_beta_0.1_js_client_lmax1p00_tau0p85_tkd1p00_nofeat_canonical_seed0_r100.pkl
TinyImageNet,beta_0.1,36,0.09688346832990646,5,/home/minss/fl/DXFL/logs/lambda/final/logs_js_client_ofat_extensions_seed0/dataset/tinyimagenet/tinyimagenet/beta_0.1/seed0/adaptive_js_client/tinyimagenet_dataset_tinyimagenet_beta_0.1_js_client_lmax1p00_tau0p85_tkd1p00_nofeat_canonical_seed0_r100.pkl
TinyImageNet,beta_0.1,37,0.0839509665966034,3,/home/minss/fl/DXFL/logs/lambda/final/logs_js_client_ofat_extensions_seed0/dataset/tinyimagenet/tinyimagenet/beta_0.1/seed0/adaptive_js_client/tinyimagenet_dataset_tinyimagenet_beta_0.1_js_client_lmax1p00_tau0p85_tkd1p00_nofeat_canonical_seed0_r100.pkl
TinyImageNet,beta_0.1,38,0.11804917752742768,5,/home/minss/fl/DXFL/logs/lambda/final/logs_js_client_ofat_extensions_seed0/dataset/tinyimagenet/tinyimagenet/beta_0.1/seed0/adaptive_js_client/tinyimagenet_dataset_tinyimagenet_beta_0.1_js_client_lmax1p00_tau0p85_tkd1p00_nofeat_canonical_seed0_r100.pkl
TinyImageNet,beta_0.1,39,0.09937605013449986,3,/home/minss/fl/DXFL/logs/lambda/final/logs_js_client_ofat_extensions_seed0/dataset/tinyimagenet/tinyimagenet/beta_0.1/seed0/adaptive_js_client/tinyimagenet_dataset_tinyimagenet_beta_0.1_js_client_lmax1p00_tau0p85_tkd1p00_nofeat_canonical_seed0_r100.pkl
TinyImageNet,beta_0.1,40,0.10185062885284424,3,/home/minss/fl/DXFL/logs/lambda/final/logs_js_client_ofat_extensions_seed0/dataset/tinyimagenet/tinyimagenet/beta_0.1/seed0/adaptive_js_client/tinyimagenet_dataset_tinyimagenet_beta_0.1_js_client_lmax1p00_tau0p85_tkd1p00_nofeat_canonical_seed0_r100.pkl
TinyImageNet,beta_0.1,41,0.09744585305452347,2,/home/minss/fl/DXFL/logs/lambda/final/logs_js_client_ofat_extensions_seed0/dataset/tinyimagenet/tinyimagenet/beta_0.1/seed0/adaptive_js_client/tinyimagenet_dataset_tinyimagenet_beta_0.1_js_client_lmax1p00_tau0p85_tkd1p00_nofeat_canonical_seed0_r100.pkl
TinyImageNet,beta_0.1,42,0.13538750261068344,4,/home/minss/fl/DXFL/logs/lambda/final/logs_js_client_ofat_extensions_seed0/dataset/tinyimagenet/tinyimagenet/beta_0.1/seed0/adaptive_js_client/tinyimagenet_dataset_tinyimagenet_beta_0.1_js_client_lmax1p00_tau0p85_tkd1p00_nofeat_canonical_seed0_r100.pkl
TinyImageNet,beta_0.1,43,0.08277258773644765,3,/home/minss/fl/DXFL/logs/lambda/final/logs_js_client_ofat_extensions_seed0/dataset/tinyimagenet/tinyimagenet/beta_0.1/seed0/adaptive_js_client/tinyimagenet_dataset_tinyimagenet_beta_0.1_js_client_lmax1p00_tau0p85_tkd1p00_nofeat_canonical_seed0_r100.pkl
TinyImageNet,beta_0.1,44,0.07915405184030533,4,/home/minss/fl/DXFL/logs/lambda/final/logs_js_client_ofat_extensions_seed0/dataset/tinyimagenet/tinyimagenet/beta_0.1/seed0/adaptive_js_client/tinyimagenet_dataset_tinyimagenet_beta_0.1_js_client_lmax1p00_tau0p85_tkd1p00_nofeat_canonical_seed0_r100.pkl
TinyImageNet,beta_0.1,46,0.09769830293953419,4,/home/minss/fl/DXFL/logs/lambda/final/logs_js_client_ofat_extensions_seed0/dataset/tinyimagenet/tinyimagenet/beta_0.1/seed0/adaptive_js_client/tinyimagenet_dataset_tinyimagenet_beta_0.1_js_client_lmax1p00_tau0p85_tkd1p00_nofeat_canonical_seed0_r100.pkl
TinyImageNet,beta_0.1,47,0.08876729508241017,3,/home/minss/fl/DXFL/logs/lambda/final/logs_js_client_ofat_extensions_seed0/dataset/tinyimagenet/tinyimagenet/beta_0.1/seed0/adaptive_js_client/tinyimagenet_dataset_tinyimagenet_beta_0.1_js_client_lmax1p00_tau0p85_tkd1p00_nofeat_canonical_seed0_r100.pkl
TinyImageNet,beta_0.1,48,0.09634992728630702,3,/home/minss/fl/DXFL/logs/lambda/final/logs_js_client_ofat_extensions_seed0/dataset/tinyimagenet/tinyimagenet/beta_0.1/seed0/adaptive_js_client/tinyimagenet_dataset_tinyimagenet_beta_0.1_js_client_lmax1p00_tau0p85_tkd1p00_nofeat_canonical_seed0_r100.pkl
TinyImageNet,beta_0.1,49,0.09560776501893997,3,/home/minss/fl/DXFL/logs/lambda/final/logs_js_client_ofat_extensions_seed0/dataset/tinyimagenet/tinyimagenet/beta_0.1/seed0/adaptive_js_client/tinyimagenet_dataset_tinyimagenet_beta_0.1_js_client_lmax1p00_tau0p85_tkd1p00_nofeat_canonical_seed0_r100.pkl
TinyImageNet,beta_0.1,50,0.09663557261228561,2,/home/minss/fl/DXFL/logs/lambda/final/logs_js_client_ofat_extensions_seed0/dataset/tinyimagenet/tinyimagenet/beta_0.1/seed0/adaptive_js_client/tinyimagenet_dataset_tinyimagenet_beta_0.1_js_client_lmax1p00_tau0p85_tkd1p00_nofeat_canonical_seed0_r100.pkl
TinyImageNet,beta_0.1,51,0.07184506952762604,1,/home/minss/fl/DXFL/logs/lambda/final/logs_js_client_ofat_extensions_seed0/dataset/tinyimagenet/tinyimagenet/beta_0.1/seed0/adaptive_js_client/tinyimagenet_dataset_tinyimagenet_beta_0.1_js_client_lmax1p00_tau0p85_tkd1p00_nofeat_canonical_seed0_r100.pkl
TinyImageNet,beta_0.1,52,0.10168248414993286,4,/home/minss/fl/DXFL/logs/lambda/final/logs_js_client_ofat_extensions_seed0/dataset/tinyimagenet/tinyimagenet/beta_0.1/seed0/adaptive_js_client/tinyimagenet_dataset_tinyimagenet_beta_0.1_js_client_lmax1p00_tau0p85_tkd1p00_nofeat_canonical_seed0_r100.pkl
TinyImageNet,beta_0.1,53,0.1104164868593216,1,/home/minss/fl/DXFL/logs/lambda/final/logs_js_client_ofat_extensions_seed0/dataset/tinyimagenet/tinyimagenet/beta_0.1/seed0/adaptive_js_client/tinyimagenet_dataset_tinyimagenet_beta_0.1_js_client_lmax1p00_tau0p85_tkd1p00_nofeat_canonical_seed0_r100.pkl
TinyImageNet,beta_0.1,54,0.11408105865120888,2,/home/minss/fl/DXFL/logs/lambda/final/logs_js_client_ofat_extensions_seed0/dataset/tinyimagenet/tinyimagenet/beta_0.1/seed0/adaptive_js_client/tinyimagenet_dataset_tinyimagenet_beta_0.1_js_client_lmax1p00_tau0p85_tkd1p00_nofeat_canonical_seed0_r100.pkl
TinyImageNet,beta_0.1,55,0.09551675369342168,3,/home/minss/fl/DXFL/logs/lambda/final/logs_js_client_ofat_extensions_seed0/dataset/tinyimagenet/tinyimagenet/beta_0.1/seed0/adaptive_js_client/tinyimagenet_dataset_tinyimagenet_beta_0.1_js_client_lmax1p00_tau0p85_tkd1p00_nofeat_canonical_seed0_r100.pkl
TinyImageNet,beta_0.1,56,0.10723896572987239,3,/home/minss/fl/DXFL/logs/lambda/final/logs_js_client_ofat_extensions_seed0/dataset/tinyimagenet/tinyimagenet/beta_0.1/seed0/adaptive_js_client/tinyimagenet_dataset_tinyimagenet_beta_0.1_js_client_lmax1p00_tau0p85_tkd1p00_nofeat_canonical_seed0_r100.pkl
TinyImageNet,beta_0.1,57,0.07815618192156155,6,/home/minss/fl/DXFL/logs/lambda/final/logs_js_client_ofat_extensions_seed0/dataset/tinyimagenet/tinyimagenet/beta_0.1/seed0/adaptive_js_client/tinyimagenet_dataset_tinyimagenet_beta_0.1_js_client_lmax1p00_tau0p85_tkd1p00_nofeat_canonical_seed0_r100.pkl
TinyImageNet,beta_0.1,58,0.121398164331913,5,/home/minss/fl/DXFL/logs/lambda/final/logs_js_client_ofat_extensions_seed0/dataset/tinyimagenet/tinyimagenet/beta_0.1/seed0/adaptive_js_client/tinyimagenet_dataset_tinyimagenet_beta_0.1_js_client_lmax1p00_tau0p85_tkd1p00_nofeat_canonical_seed0_r100.pkl
TinyImageNet,beta_0.1,60,0.12095047533512115,1,/home/minss/fl/DXFL/logs/lambda/final/logs_js_client_ofat_extensions_seed0/dataset/tinyimagenet/tinyimagenet/beta_0.1/seed0/adaptive_js_client/tinyimagenet_dataset_tinyimagenet_beta_0.1_js_client_lmax1p00_tau0p85_tkd1p00_nofeat_canonical_seed0_r100.pkl
TinyImageNet,beta_0.1,61,0.08637585118412971,2,/home/minss/fl/DXFL/logs/lambda/final/logs_js_client_ofat_extensions_seed0/dataset/tinyimagenet/tinyimagenet/beta_0.1/seed0/adaptive_js_client/tinyimagenet_dataset_tinyimagenet_beta_0.1_js_client_lmax1p00_tau0p85_tkd1p00_nofeat_canonical_seed0_r100.pkl
TinyImageNet,beta_0.1,62,0.07890898734331131,3,/home/minss/fl/DXFL/logs/lambda/final/logs_js_client_ofat_extensions_seed0/dataset/tinyimagenet/tinyimagenet/beta_0.1/seed0/adaptive_js_client/tinyimagenet_dataset_tinyimagenet_beta_0.1_js_client_lmax1p00_tau0p85_tkd1p00_nofeat_canonical_seed0_r100.pkl
TinyImageNet,beta_0.1,63,0.10407627373933792,3,/home/minss/fl/DXFL/logs/lambda/final/logs_js_client_ofat_extensions_seed0/dataset/tinyimagenet/tinyimagenet/beta_0.1/seed0/adaptive_js_client/tinyimagenet_dataset_tinyimagenet_beta_0.1_js_client_lmax1p00_tau0p85_tkd1p00_nofeat_canonical_seed0_r100.pkl
TinyImageNet,beta_0.1,64,0.10927247628569603,2,/home/minss/fl/DXFL/logs/lambda/final/logs_js_client_ofat_extensions_seed0/dataset/tinyimagenet/tinyimagenet/beta_0.1/seed0/adaptive_js_client/tinyimagenet_dataset_tinyimagenet_beta_0.1_js_client_lmax1p00_tau0p85_tkd1p00_nofeat_canonical_seed0_r100.pkl
TinyImageNet,beta_0.1,65,0.0945439413189888,4,/home/minss/fl/DXFL/logs/lambda/final/logs_js_client_ofat_extensions_seed0/dataset/tinyimagenet/tinyimagenet/beta_0.1/seed0/adaptive_js_client/tinyimagenet_dataset_tinyimagenet_beta_0.1_js_client_lmax1p00_tau0p85_tkd1p00_nofeat_canonical_seed0_r100.pkl
TinyImageNet,beta_0.1,66,0.10040988400578499,4,/home/minss/fl/DXFL/logs/lambda/final/logs_js_client_ofat_extensions_seed0/dataset/tinyimagenet/tinyimagenet/beta_0.1/seed0/adaptive_js_client/tinyimagenet_dataset_tinyimagenet_beta_0.1_js_client_lmax1p00_tau0p85_tkd1p00_nofeat_canonical_seed0_r100.pkl
TinyImageNet,beta_0.1,67,0.087778490036726,6,/home/minss/fl/DXFL/logs/lambda/final/logs_js_client_ofat_extensions_seed0/dataset/tinyimagenet/tinyimagenet/beta_0.1/seed0/adaptive_js_client/tinyimagenet_dataset_tinyimagenet_beta_0.1_js_client_lmax1p00_tau0p85_tkd1p00_nofeat_canonical_seed0_r100.pkl
TinyImageNet,beta_0.1,68,0.11525267213582993,5,/home/minss/fl/DXFL/logs/lambda/final/logs_js_client_ofat_extensions_seed0/dataset/tinyimagenet/tinyimagenet/beta_0.1/seed0/adaptive_js_client/tinyimagenet_dataset_tinyimagenet_beta_0.1_js_client_lmax1p00_tau0p85_tkd1p00_nofeat_canonical_seed0_r100.pkl
TinyImageNet,beta_0.1,69,0.0959269975622495,3,/home/minss/fl/DXFL/logs/lambda/final/logs_js_client_ofat_extensions_seed0/dataset/tinyimagenet/tinyimagenet/beta_0.1/seed0/adaptive_js_client/tinyimagenet_dataset_tinyimagenet_beta_0.1_js_client_lmax1p00_tau0p85_tkd1p00_nofeat_canonical_seed0_r100.pkl
TinyImageNet,beta_0.1,70,0.09860142072041829,3,/home/minss/fl/DXFL/logs/lambda/final/logs_js_client_ofat_extensions_seed0/dataset/tinyimagenet/tinyimagenet/beta_0.1/seed0/adaptive_js_client/tinyimagenet_dataset_tinyimagenet_beta_0.1_js_client_lmax1p00_tau0p85_tkd1p00_nofeat_canonical_seed0_r100.pkl
TinyImageNet,beta_0.1,71,0.11590869724750519,3,/home/minss/fl/DXFL/logs/lambda/final/logs_js_client_ofat_extensions_seed0/dataset/tinyimagenet/tinyimagenet/beta_0.1/seed0/adaptive_js_client/tinyimagenet_dataset_tinyimagenet_beta_0.1_js_client_lmax1p00_tau0p85_tkd1p00_nofeat_canonical_seed0_r100.pkl
TinyImageNet,beta_0.1,72,0.1504988819360733,2,/home/minss/fl/DXFL/logs/lambda/final/logs_js_client_ofat_extensions_seed0/dataset/tinyimagenet/tinyimagenet/beta_0.1/seed0/adaptive_js_client/tinyimagenet_dataset_tinyimagenet_beta_0.1_js_client_lmax1p00_tau0p85_tkd1p00_nofeat_canonical_seed0_r100.pkl
TinyImageNet,beta_0.1,73,0.09971893131732941,5,/home/minss/fl/DXFL/logs/lambda/final/logs_js_client_ofat_extensions_seed0/dataset/tinyimagenet/tinyimagenet/beta_0.1/seed0/adaptive_js_client/tinyimagenet_dataset_tinyimagenet_beta_0.1_js_client_lmax1p00_tau0p85_tkd1p00_nofeat_canonical_seed0_r100.pkl
TinyImageNet,beta_0.1,74,0.07462622877210379,4,/home/minss/fl/DXFL/logs/lambda/final/logs_js_client_ofat_extensions_seed0/dataset/tinyimagenet/tinyimagenet/beta_0.1/seed0/adaptive_js_client/tinyimagenet_dataset_tinyimagenet_beta_0.1_js_client_lmax1p00_tau0p85_tkd1p00_nofeat_canonical_seed0_r100.pkl
TinyImageNet,beta_0.1,75,0.0983219879368941,6,/home/minss/fl/DXFL/logs/lambda/final/logs_js_client_ofat_extensions_seed0/dataset/tinyimagenet/tinyimagenet/beta_0.1/seed0/adaptive_js_client/tinyimagenet_dataset_tinyimagenet_beta_0.1_js_client_lmax1p00_tau0p85_tkd1p00_nofeat_canonical_seed0_r100.pkl
TinyImageNet,beta_0.1,76,0.11139911661545436,3,/home/minss/fl/DXFL/logs/lambda/final/logs_js_client_ofat_extensions_seed0/dataset/tinyimagenet/tinyimagenet/beta_0.1/seed0/adaptive_js_client/tinyimagenet_dataset_tinyimagenet_beta_0.1_js_client_lmax1p00_tau0p85_tkd1p00_nofeat_canonical_seed0_r100.pkl
TinyImageNet,beta_0.1,77,0.09633542100588481,3,/home/minss/fl/DXFL/logs/lambda/final/logs_js_client_ofat_extensions_seed0/dataset/tinyimagenet/tinyimagenet/beta_0.1/seed0/adaptive_js_client/tinyimagenet_dataset_tinyimagenet_beta_0.1_js_client_lmax1p00_tau0p85_tkd1p00_nofeat_canonical_seed0_r100.pkl
TinyImageNet,beta_0.1,78,0.10611379891633987,2,/home/minss/fl/DXFL/logs/lambda/final/logs_js_client_ofat_extensions_seed0/dataset/tinyimagenet/tinyimagenet/beta_0.1/seed0/adaptive_js_client/tinyimagenet_dataset_tinyimagenet_beta_0.1_js_client_lmax1p00_tau0p85_tkd1p00_nofeat_canonical_seed0_r100.pkl
TinyImageNet,beta_0.1,79,0.10147287137806416,4,/home/minss/fl/DXFL/logs/lambda/final/logs_js_client_ofat_extensions_seed0/dataset/tinyimagenet/tinyimagenet/beta_0.1/seed0/adaptive_js_client/tinyimagenet_dataset_tinyimagenet_beta_0.1_js_client_lmax1p00_tau0p85_tkd1p00_nofeat_canonical_seed0_r100.pkl
TinyImageNet,beta_0.1,80,0.10188143514096737,4,/home/minss/fl/DXFL/logs/lambda/final/logs_js_client_ofat_extensions_seed0/dataset/tinyimagenet/tinyimagenet/beta_0.1/seed0/adaptive_js_client/tinyimagenet_dataset_tinyimagenet_beta_0.1_js_client_lmax1p00_tau0p85_tkd1p00_nofeat_canonical_seed0_r100.pkl
TinyImageNet,beta_0.1,81,0.10421108454465866,3,/home/minss/fl/DXFL/logs/lambda/final/logs_js_client_ofat_extensions_seed0/dataset/tinyimagenet/tinyimagenet/beta_0.1/seed0/adaptive_js_client/tinyimagenet_dataset_tinyimagenet_beta_0.1_js_client_lmax1p00_tau0p85_tkd1p00_nofeat_canonical_seed0_r100.pkl
TinyImageNet,beta_0.1,83,0.1309553027153015,5,/home/minss/fl/DXFL/logs/lambda/final/logs_js_client_ofat_extensions_seed0/dataset/tinyimagenet/tinyimagenet/beta_0.1/seed0/adaptive_js_client/tinyimagenet_dataset_tinyimagenet_beta_0.1_js_client_lmax1p00_tau0p85_tkd1p00_nofeat_canonical_seed0_r100.pkl
TinyImageNet,beta_0.1,84,0.09644955024123192,2,/home/minss/fl/DXFL/logs/lambda/final/logs_js_client_ofat_extensions_seed0/dataset/tinyimagenet/tinyimagenet/beta_0.1/seed0/adaptive_js_client/tinyimagenet_dataset_tinyimagenet_beta_0.1_js_client_lmax1p00_tau0p85_tkd1p00_nofeat_canonical_seed0_r100.pkl
TinyImageNet,beta_0.1,85,0.11704441532492638,4,/home/minss/fl/DXFL/logs/lambda/final/logs_js_client_ofat_extensions_seed0/dataset/tinyimagenet/tinyimagenet/beta_0.1/seed0/adaptive_js_client/tinyimagenet_dataset_tinyimagenet_beta_0.1_js_client_lmax1p00_tau0p85_tkd1p00_nofeat_canonical_seed0_r100.pkl
TinyImageNet,beta_0.1,86,0.09322034567594528,2,/home/minss/fl/DXFL/logs/lambda/final/logs_js_client_ofat_extensions_seed0/dataset/tinyimagenet/tinyimagenet/beta_0.1/seed0/adaptive_js_client/tinyimagenet_dataset_tinyimagenet_beta_0.1_js_client_lmax1p00_tau0p85_tkd1p00_nofeat_canonical_seed0_r100.pkl
TinyImageNet,beta_0.1,87,0.11842679232358932,1,/home/minss/fl/DXFL/logs/lambda/final/logs_js_client_ofat_extensions_seed0/dataset/tinyimagenet/tinyimagenet/beta_0.1/seed0/adaptive_js_client/tinyimagenet_dataset_tinyimagenet_beta_0.1_js_client_lmax1p00_tau0p85_tkd1p00_nofeat_canonical_seed0_r100.pkl
TinyImageNet,beta_0.1,88,0.11901831502715747,6,/home/minss/fl/DXFL/logs/lambda/final/logs_js_client_ofat_extensions_seed0/dataset/tinyimagenet/tinyimagenet/beta_0.1/seed0/adaptive_js_client/tinyimagenet_dataset_tinyimagenet_beta_0.1_js_client_lmax1p00_tau0p85_tkd1p00_nofeat_canonical_seed0_r100.pkl
TinyImageNet,beta_0.1,89,0.1375013291835785,2,/home/minss/fl/DXFL/logs/lambda/final/logs_js_client_ofat_extensions_seed0/dataset/tinyimagenet/tinyimagenet/beta_0.1/seed0/adaptive_js_client/tinyimagenet_dataset_tinyimagenet_beta_0.1_js_client_lmax1p00_tau0p85_tkd1p00_nofeat_canonical_seed0_r100.pkl
TinyImageNet,beta_0.1,90,0.06920720636844635,1,/home/minss/fl/DXFL/logs/lambda/final/logs_js_client_ofat_extensions_seed0/dataset/tinyimagenet/tinyimagenet/beta_0.1/seed0/adaptive_js_client/tinyimagenet_dataset_tinyimagenet_beta_0.1_js_client_lmax1p00_tau0p85_tkd1p00_nofeat_canonical_seed0_r100.pkl
TinyImageNet,beta_0.1,91,0.08279405534267426,3,/home/minss/fl/DXFL/logs/lambda/final/logs_js_client_ofat_extensions_seed0/dataset/tinyimagenet/tinyimagenet/beta_0.1/seed0/adaptive_js_client/tinyimagenet_dataset_tinyimagenet_beta_0.1_js_client_lmax1p00_tau0p85_tkd1p00_nofeat_canonical_seed0_r100.pkl
TinyImageNet,beta_0.1,92,0.13480276862780252,3,/home/minss/fl/DXFL/logs/lambda/final/logs_js_client_ofat_extensions_seed0/dataset/tinyimagenet/tinyimagenet/beta_0.1/seed0/adaptive_js_client/tinyimagenet_dataset_tinyimagenet_beta_0.1_js_client_lmax1p00_tau0p85_tkd1p00_nofeat_canonical_seed0_r100.pkl
TinyImageNet,beta_0.1,93,0.11932651698589325,1,/home/minss/fl/DXFL/logs/lambda/final/logs_js_client_ofat_extensions_seed0/dataset/tinyimagenet/tinyimagenet/beta_0.1/seed0/adaptive_js_client/tinyimagenet_dataset_tinyimagenet_beta_0.1_js_client_lmax1p00_tau0p85_tkd1p00_nofeat_canonical_seed0_r100.pkl
TinyImageNet,beta_0.1,94,0.11090036481618881,3,/home/minss/fl/DXFL/logs/lambda/final/logs_js_client_ofat_extensions_seed0/dataset/tinyimagenet/tinyimagenet/beta_0.1/seed0/adaptive_js_client/tinyimagenet_dataset_tinyimagenet_beta_0.1_js_client_lmax1p00_tau0p85_tkd1p00_nofeat_canonical_seed0_r100.pkl
TinyImageNet,beta_0.1,95,0.10110548635323842,3,/home/minss/fl/DXFL/logs/lambda/final/logs_js_client_ofat_extensions_seed0/dataset/tinyimagenet/tinyimagenet/beta_0.1/seed0/adaptive_js_client/tinyimagenet_dataset_tinyimagenet_beta_0.1_js_client_lmax1p00_tau0p85_tkd1p00_nofeat_canonical_seed0_r100.pkl
TinyImageNet,beta_0.1,96,0.11130695790052414,4,/home/minss/fl/DXFL/logs/lambda/final/logs_js_client_ofat_extensions_seed0/dataset/tinyimagenet/tinyimagenet/beta_0.1/seed0/adaptive_js_client/tinyimagenet_dataset_tinyimagenet_beta_0.1_js_client_lmax1p00_tau0p85_tkd1p00_nofeat_canonical_seed0_r100.pkl
TinyImageNet,beta_0.1,97,0.08842425048351288,4,/home/minss/fl/DXFL/logs/lambda/final/logs_js_client_ofat_extensions_seed0/dataset/tinyimagenet/tinyimagenet/beta_0.1/seed0/adaptive_js_client/tinyimagenet_dataset_tinyimagenet_beta_0.1_js_client_lmax1p00_tau0p85_tkd1p00_nofeat_canonical_seed0_r100.pkl
TinyImageNet,beta_0.1,98,0.12587567418813705,4,/home/minss/fl/DXFL/logs/lambda/final/logs_js_client_ofat_extensions_seed0/dataset/tinyimagenet/tinyimagenet/beta_0.1/seed0/adaptive_js_client/tinyimagenet_dataset_tinyimagenet_beta_0.1_js_client_lmax1p00_tau0p85_tkd1p00_nofeat_canonical_seed0_r100.pkl
TinyImageNet,beta_0.1,99,0.11291649440924327,3,/home/minss/fl/DXFL/logs/lambda/final/logs_js_client_ofat_extensions_seed0/dataset/tinyimagenet/tinyimagenet/beta_0.1/seed0/adaptive_js_client/tinyimagenet_dataset_tinyimagenet_beta_0.1_js_client_lmax1p00_tau0p85_tkd1p00_nofeat_canonical_seed0_r100.pkl
ImageNet100-64,iid,0,0.294975346326828,5,/home/minss/fl/DXFL/logs/lambda/final/logs_js_client_ofat_extensions_seed0/dataset/imagenet100_64/imagenet100_64/iid/seed0/adaptive_js_client/imagenet100_64_dataset_imagenet100_64_iid_js_client_lmax1p00_tau0p85_tkd1p00_nofeat_canonical_seed0_r100.pkl
ImageNet100-64,iid,1,0.2837687134742737,3,/home/minss/fl/DXFL/logs/lambda/final/logs_js_client_ofat_extensions_seed0/dataset/imagenet100_64/imagenet100_64/iid/seed0/adaptive_js_client/imagenet100_64_dataset_imagenet100_64_iid_js_client_lmax1p00_tau0p85_tkd1p00_nofeat_canonical_seed0_r100.pkl
ImageNet100-64,iid,2,0.2660444676876068,2,/home/minss/fl/DXFL/logs/lambda/final/logs_js_client_ofat_extensions_seed0/dataset/imagenet100_64/imagenet100_64/iid/seed0/adaptive_js_client/imagenet100_64_dataset_imagenet100_64_iid_js_client_lmax1p00_tau0p85_tkd1p00_nofeat_canonical_seed0_r100.pkl
ImageNet100-64,iid,3,0.28577036658922833,3,/home/minss/fl/DXFL/logs/lambda/final/logs_js_client_ofat_extensions_seed0/dataset/imagenet100_64/imagenet100_64/iid/seed0/adaptive_js_client/imagenet100_64_dataset_imagenet100_64_iid_js_client_lmax1p00_tau0p85_tkd1p00_nofeat_canonical_seed0_r100.pkl
ImageNet100-64,iid,4,0.28202174107233685,3,/home/minss/fl/DXFL/logs/lambda/final/logs_js_client_ofat_extensions_seed0/dataset/imagenet100_64/imagenet100_64/iid/seed0/adaptive_js_client/imagenet100_64_dataset_imagenet100_64_iid_js_client_lmax1p00_tau0p85_tkd1p00_nofeat_canonical_seed0_r100.pkl
ImageNet100-64,iid,5,0.2969891386372702,7,/home/minss/fl/DXFL/logs/lambda/final/logs_js_client_ofat_extensions_seed0/dataset/imagenet100_64/imagenet100_64/iid/seed0/adaptive_js_client/imagenet100_64_dataset_imagenet100_64_iid_js_client_lmax1p00_tau0p85_tkd1p00_nofeat_canonical_seed0_r100.pkl
ImageNet100-64,iid,6,0.26640166838963825,3,/home/minss/fl/DXFL/logs/lambda/final/logs_js_client_ofat_extensions_seed0/dataset/imagenet100_64/imagenet100_64/iid/seed0/adaptive_js_client/imagenet100_64_dataset_imagenet100_64_iid_js_client_lmax1p00_tau0p85_tkd1p00_nofeat_canonical_seed0_r100.pkl
ImageNet100-64,iid,7,0.28490875164667767,3,/home/minss/fl/DXFL/logs/lambda/final/logs_js_client_ofat_extensions_seed0/dataset/imagenet100_64/imagenet100_64/iid/seed0/adaptive_js_client/imagenet100_64_dataset_imagenet100_64_iid_js_client_lmax1p00_tau0p85_tkd1p00_nofeat_canonical_seed0_r100.pkl
ImageNet100-64,iid,8,0.27132363120714825,3,/home/minss/fl/DXFL/logs/lambda/final/logs_js_client_ofat_extensions_seed0/dataset/imagenet100_64/imagenet100_64/iid/seed0/adaptive_js_client/imagenet100_64_dataset_imagenet100_64_iid_js_client_lmax1p00_tau0p85_tkd1p00_nofeat_canonical_seed0_r100.pkl
ImageNet100-64,iid,9,0.28630076348781586,4,/home/minss/fl/DXFL/logs/lambda/final/logs_js_client_ofat_extensions_seed0/dataset/imagenet100_64/imagenet100_64/iid/seed0/adaptive_js_client/imagenet100_64_dataset_imagenet100_64_iid_js_client_lmax1p00_tau0p85_tkd1p00_nofeat_canonical_seed0_r100.pkl
ImageNet100-64,iid,10,0.2844541867574056,3,/home/minss/fl/DXFL/logs/lambda/final/logs_js_client_ofat_extensions_seed0/dataset/imagenet100_64/imagenet100_64/iid/seed0/adaptive_js_client/imagenet100_64_dataset_imagenet100_64_iid_js_client_lmax1p00_tau0p85_tkd1p00_nofeat_canonical_seed0_r100.pkl
ImageNet100-64,iid,11,0.2818182110786438,3,/home/minss/fl/DXFL/logs/lambda/final/logs_js_client_ofat_extensions_seed0/dataset/imagenet100_64/imagenet100_64/iid/seed0/adaptive_js_client/imagenet100_64_dataset_imagenet100_64_iid_js_client_lmax1p00_tau0p85_tkd1p00_nofeat_canonical_seed0_r100.pkl
ImageNet100-64,iid,12,0.29440732796986896,3,/home/minss/fl/DXFL/logs/lambda/final/logs_js_client_ofat_extensions_seed0/dataset/imagenet100_64/imagenet100_64/iid/seed0/adaptive_js_client/imagenet100_64_dataset_imagenet100_64_iid_js_client_lmax1p00_tau0p85_tkd1p00_nofeat_canonical_seed0_r100.pkl
ImageNet100-64,iid,13,0.28534919023513794,2,/home/minss/fl/DXFL/logs/lambda/final/logs_js_client_ofat_extensions_seed0/dataset/imagenet100_64/imagenet100_64/iid/seed0/adaptive_js_client/imagenet100_64_dataset_imagenet100_64_iid_js_client_lmax1p00_tau0p85_tkd1p00_nofeat_canonical_seed0_r100.pkl
ImageNet100-64,iid,14,0.28929299861192703,4,/home/minss/fl/DXFL/logs/lambda/final/logs_js_client_ofat_extensions_seed0/dataset/imagenet100_64/imagenet100_64/iid/seed0/adaptive_js_client/imagenet100_64_dataset_imagenet100_64_iid_js_client_lmax1p00_tau0p85_tkd1p00_nofeat_canonical_seed0_r100.pkl
ImageNet100-64,iid,15,0.2781584858894348,2,/home/minss/fl/DXFL/logs/lambda/final/logs_js_client_ofat_extensions_seed0/dataset/imagenet100_64/imagenet100_64/iid/seed0/adaptive_js_client/imagenet100_64_dataset_imagenet100_64_iid_js_client_lmax1p00_tau0p85_tkd1p00_nofeat_canonical_seed0_r100.pkl
ImageNet100-64,iid,16,0.28947019577026367,3,/home/minss/fl/DXFL/logs/lambda/final/logs_js_client_ofat_extensions_seed0/dataset/imagenet100_64/imagenet100_64/iid/seed0/adaptive_js_client/imagenet100_64_dataset_imagenet100_64_iid_js_client_lmax1p00_tau0p85_tkd1p00_nofeat_canonical_seed0_r100.pkl
ImageNet100-64,iid,18,0.2916606565316518,6,/home/minss/fl/DXFL/logs/lambda/final/logs_js_client_ofat_extensions_seed0/dataset/imagenet100_64/imagenet100_64/iid/seed0/adaptive_js_client/imagenet100_64_dataset_imagenet100_64_iid_js_client_lmax1p00_tau0p85_tkd1p00_nofeat_canonical_seed0_r100.pkl
ImageNet100-64,iid,19,0.29208404819170636,3,/home/minss/fl/DXFL/logs/lambda/final/logs_js_client_ofat_extensions_seed0/dataset/imagenet100_64/imagenet100_64/iid/seed0/adaptive_js_client/imagenet100_64_dataset_imagenet100_64_iid_js_client_lmax1p00_tau0p85_tkd1p00_nofeat_canonical_seed0_r100.pkl
ImageNet100-64,iid,20,0.2823677659034729,3,/home/minss/fl/DXFL/logs/lambda/final/logs_js_client_ofat_extensions_seed0/dataset/imagenet100_64/imagenet100_64/iid/seed0/adaptive_js_client/imagenet100_64_dataset_imagenet100_64_iid_js_client_lmax1p00_tau0p85_tkd1p00_nofeat_canonical_seed0_r100.pkl
ImageNet100-64,iid,21,0.2837606146931648,4,/home/minss/fl/DXFL/logs/lambda/final/logs_js_client_ofat_extensions_seed0/dataset/imagenet100_64/imagenet100_64/iid/seed0/adaptive_js_client/imagenet100_64_dataset_imagenet100_64_iid_js_client_lmax1p00_tau0p85_tkd1p00_nofeat_canonical_seed0_r100.pkl
ImageNet100-64,iid,22,0.32939518094062803,5,/home/minss/fl/DXFL/logs/lambda/final/logs_js_client_ofat_extensions_seed0/dataset/imagenet100_64/imagenet100_64/iid/seed0/adaptive_js_client/imagenet100_64_dataset_imagenet100_64_iid_js_client_lmax1p00_tau0p85_tkd1p00_nofeat_canonical_seed0_r100.pkl
ImageNet100-64,iid,23,0.29422271251678467,4,/home/minss/fl/DXFL/logs/lambda/final/logs_js_client_ofat_extensions_seed0/dataset/imagenet100_64/imagenet100_64/iid/seed0/adaptive_js_client/imagenet100_64_dataset_imagenet100_64_iid_js_client_lmax1p00_tau0p85_tkd1p00_nofeat_canonical_seed0_r100.pkl
ImageNet100-64,iid,24,0.30669226745764416,6,/home/minss/fl/DXFL/logs/lambda/final/logs_js_client_ofat_extensions_seed0/dataset/imagenet100_64/imagenet100_64/iid/seed0/adaptive_js_client/imagenet100_64_dataset_imagenet100_64_iid_js_client_lmax1p00_tau0p85_tkd1p00_nofeat_canonical_seed0_r100.pkl
ImageNet100-64,iid,25,0.30910372734069824,3,/home/minss/fl/DXFL/logs/lambda/final/logs_js_client_ofat_extensions_seed0/dataset/imagenet100_64/imagenet100_64/iid/seed0/adaptive_js_client/imagenet100_64_dataset_imagenet100_64_iid_js_client_lmax1p00_tau0p85_tkd1p00_nofeat_canonical_seed0_r100.pkl
ImageNet100-64,iid,26,0.27851301431655884,1,/home/minss/fl/DXFL/logs/lambda/final/logs_js_client_ofat_extensions_seed0/dataset/imagenet100_64/imagenet100_64/iid/seed0/adaptive_js_client/imagenet100_64_dataset_imagenet100_64_iid_js_client_lmax1p00_tau0p85_tkd1p00_nofeat_canonical_seed0_r100.pkl
ImageNet100-64,iid,27,0.2949494620164235,6,/home/minss/fl/DXFL/logs/lambda/final/logs_js_client_ofat_extensions_seed0/dataset/imagenet100_64/imagenet100_64/iid/seed0/adaptive_js_client/imagenet100_64_dataset_imagenet100_64_iid_js_client_lmax1p00_tau0p85_tkd1p00_nofeat_canonical_seed0_r100.pkl
ImageNet100-64,iid,28,0.2765122354030609,2,/home/minss/fl/DXFL/logs/lambda/final/logs_js_client_ofat_extensions_seed0/dataset/imagenet100_64/imagenet100_64/iid/seed0/adaptive_js_client/imagenet100_64_dataset_imagenet100_64_iid_js_client_lmax1p00_tau0p85_tkd1p00_nofeat_canonical_seed0_r100.pkl
ImageNet100-64,iid,29,0.2589205503463745,2,/home/minss/fl/DXFL/logs/lambda/final/logs_js_client_ofat_extensions_seed0/dataset/imagenet100_64/imagenet100_64/iid/seed0/adaptive_js_client/imagenet100_64_dataset_imagenet100_64_iid_js_client_lmax1p00_tau0p85_tkd1p00_nofeat_canonical_seed0_r100.pkl
ImageNet100-64,iid,30,0.28199754158655804,3,/home/minss/fl/DXFL/logs/lambda/final/logs_js_client_ofat_extensions_seed0/dataset/imagenet100_64/imagenet100_64/iid/seed0/adaptive_js_client/imagenet100_64_dataset_imagenet100_64_iid_js_client_lmax1p00_tau0p85_tkd1p00_nofeat_canonical_seed0_r100.pkl
ImageNet100-64,iid,31,0.2866581281026204,3,/home/minss/fl/DXFL/logs/lambda/final/logs_js_client_ofat_extensions_seed0/dataset/imagenet100_64/imagenet100_64/iid/seed0/adaptive_js_client/imagenet100_64_dataset_imagenet100_64_iid_js_client_lmax1p00_tau0p85_tkd1p00_nofeat_canonical_seed0_r100.pkl
ImageNet100-64,iid,32,0.2861999049782753,8,/home/minss/fl/DXFL/logs/lambda/final/logs_js_client_ofat_extensions_seed0/dataset/imagenet100_64/imagenet100_64/iid/seed0/adaptive_js_client/imagenet100_64_dataset_imagenet100_64_iid_js_client_lmax1p00_tau0p85_tkd1p00_nofeat_canonical_seed0_r100.pkl
ImageNet100-64,iid,33,0.3172733038663864,4,/home/minss/fl/DXFL/logs/lambda/final/logs_js_client_ofat_extensions_seed0/dataset/imagenet100_64/imagenet100_64/iid/seed0/adaptive_js_client/imagenet100_64_dataset_imagenet100_64_iid_js_client_lmax1p00_tau0p85_tkd1p00_nofeat_canonical_seed0_r100.pkl
ImageNet100-64,iid,34,0.28097712993621826,2,/home/minss/fl/DXFL/logs/lambda/final/logs_js_client_ofat_extensions_seed0/dataset/imagenet100_64/imagenet100_64/iid/seed0/adaptive_js_client/imagenet100_64_dataset_imagenet100_64_iid_js_client_lmax1p00_tau0p85_tkd1p00_nofeat_canonical_seed0_r100.pkl
ImageNet100-64,iid,35,0.2949785366654396,4,/home/minss/fl/DXFL/logs/lambda/final/logs_js_client_ofat_extensions_seed0/dataset/imagenet100_64/imagenet100_64/iid/seed0/adaptive_js_client/imagenet100_64_dataset_imagenet100_64_iid_js_client_lmax1p00_tau0p85_tkd1p00_nofeat_canonical_seed0_r100.pkl
ImageNet100-64,iid,36,0.2745820879936218,3,/home/minss/fl/DXFL/logs/lambda/final/logs_js_client_ofat_extensions_seed0/dataset/imagenet100_64/imagenet100_64/iid/seed0/adaptive_js_client/imagenet100_64_dataset_imagenet100_64_iid_js_client_lmax1p00_tau0p85_tkd1p00_nofeat_canonical_seed0_r100.pkl
ImageNet100-64,iid,37,0.2974379360675812,3,/home/minss/fl/DXFL/logs/lambda/final/logs_js_client_ofat_extensions_seed0/dataset/imagenet100_64/imagenet100_64/iid/seed0/adaptive_js_client/imagenet100_64_dataset_imagenet100_64_iid_js_client_lmax1p00_tau0p85_tkd1p00_nofeat_canonical_seed0_r100.pkl
ImageNet100-64,iid,38,0.27802398800849915,4,/home/minss/fl/DXFL/logs/lambda/final/logs_js_client_ofat_extensions_seed0/dataset/imagenet100_64/imagenet100_64/iid/seed0/adaptive_js_client/imagenet100_64_dataset_imagenet100_64_iid_js_client_lmax1p00_tau0p85_tkd1p00_nofeat_canonical_seed0_r100.pkl
ImageNet100-64,iid,39,0.27121299505233765,2,/home/minss/fl/DXFL/logs/lambda/final/logs_js_client_ofat_extensions_seed0/dataset/imagenet100_64/imagenet100_64/iid/seed0/adaptive_js_client/imagenet100_64_dataset_imagenet100_64_iid_js_client_lmax1p00_tau0p85_tkd1p00_nofeat_canonical_seed0_r100.pkl
ImageNet100-64,iid,40,0.2894562979539235,3,/home/minss/fl/DXFL/logs/lambda/final/logs_js_client_ofat_extensions_seed0/dataset/imagenet100_64/imagenet100_64/iid/seed0/adaptive_js_client/imagenet100_64_dataset_imagenet100_64_iid_js_client_lmax1p00_tau0p85_tkd1p00_nofeat_canonical_seed0_r100.pkl
ImageNet100-64,iid,41,0.28265913128852843,5,/home/minss/fl/DXFL/logs/lambda/final/logs_js_client_ofat_extensions_seed0/dataset/imagenet100_64/imagenet100_64/iid/seed0/adaptive_js_client/imagenet100_64_dataset_imagenet100_64_iid_js_client_lmax1p00_tau0p85_tkd1p00_nofeat_canonical_seed0_r100.pkl
ImageNet100-64,iid,42,0.2954975167910258,3,/home/minss/fl/DXFL/logs/lambda/final/logs_js_client_ofat_extensions_seed0/dataset/imagenet100_64/imagenet100_64/iid/seed0/adaptive_js_client/imagenet100_64_dataset_imagenet100_64_iid_js_client_lmax1p00_tau0p85_tkd1p00_nofeat_canonical_seed0_r100.pkl
ImageNet100-64,iid,43,0.2970183491706848,4,/home/minss/fl/DXFL/logs/lambda/final/logs_js_client_ofat_extensions_seed0/dataset/imagenet100_64/imagenet100_64/iid/seed0/adaptive_js_client/imagenet100_64_dataset_imagenet100_64_iid_js_client_lmax1p00_tau0p85_tkd1p00_nofeat_canonical_seed0_r100.pkl
ImageNet100-64,iid,44,0.2791409194469452,1,/home/minss/fl/DXFL/logs/lambda/final/logs_js_client_ofat_extensions_seed0/dataset/imagenet100_64/imagenet100_64/iid/seed0/adaptive_js_client/imagenet100_64_dataset_imagenet100_64_iid_js_client_lmax1p00_tau0p85_tkd1p00_nofeat_canonical_seed0_r100.pkl
ImageNet100-64,iid,45,0.26107776165008545,1,/home/minss/fl/DXFL/logs/lambda/final/logs_js_client_ofat_extensions_seed0/dataset/imagenet100_64/imagenet100_64/iid/seed0/adaptive_js_client/imagenet100_64_dataset_imagenet100_64_iid_js_client_lmax1p00_tau0p85_tkd1p00_nofeat_canonical_seed0_r100.pkl
ImageNet100-64,iid,46,0.28597937027613324,3,/home/minss/fl/DXFL/logs/lambda/final/logs_js_client_ofat_extensions_seed0/dataset/imagenet100_64/imagenet100_64/iid/seed0/adaptive_js_client/imagenet100_64_dataset_imagenet100_64_iid_js_client_lmax1p00_tau0p85_tkd1p00_nofeat_canonical_seed0_r100.pkl
ImageNet100-64,iid,47,0.259862020611763,2,/home/minss/fl/DXFL/logs/lambda/final/logs_js_client_ofat_extensions_seed0/dataset/imagenet100_64/imagenet100_64/iid/seed0/adaptive_js_client/imagenet100_64_dataset_imagenet100_64_iid_js_client_lmax1p00_tau0p85_tkd1p00_nofeat_canonical_seed0_r100.pkl
ImageNet100-64,iid,48,0.280771146217982,3,/home/minss/fl/DXFL/logs/lambda/final/logs_js_client_ofat_extensions_seed0/dataset/imagenet100_64/imagenet100_64/iid/seed0/adaptive_js_client/imagenet100_64_dataset_imagenet100_64_iid_js_client_lmax1p00_tau0p85_tkd1p00_nofeat_canonical_seed0_r100.pkl
ImageNet100-64,iid,50,0.26751286784807843,3,/home/minss/fl/DXFL/logs/lambda/final/logs_js_client_ofat_extensions_seed0/dataset/imagenet100_64/imagenet100_64/iid/seed0/adaptive_js_client/imagenet100_64_dataset_imagenet100_64_iid_js_client_lmax1p00_tau0p85_tkd1p00_nofeat_canonical_seed0_r100.pkl
ImageNet100-64,iid,51,0.2957204381624858,3,/home/minss/fl/DXFL/logs/lambda/final/logs_js_client_ofat_extensions_seed0/dataset/imagenet100_64/imagenet100_64/iid/seed0/adaptive_js_client/imagenet100_64_dataset_imagenet100_64_iid_js_client_lmax1p00_tau0p85_tkd1p00_nofeat_canonical_seed0_r100.pkl
ImageNet100-64,iid,52,0.28963252902030945,2,/home/minss/fl/DXFL/logs/lambda/final/logs_js_client_ofat_extensions_seed0/dataset/imagenet100_64/imagenet100_64/iid/seed0/adaptive_js_client/imagenet100_64_dataset_imagenet100_64_iid_js_client_lmax1p00_tau0p85_tkd1p00_nofeat_canonical_seed0_r100.pkl
ImageNet100-64,iid,53,0.28323205312093097,3,/home/minss/fl/DXFL/logs/lambda/final/logs_js_client_ofat_extensions_seed0/dataset/imagenet100_64/imagenet100_64/iid/seed0/adaptive_js_client/imagenet100_64_dataset_imagenet100_64_iid_js_client_lmax1p00_tau0p85_tkd1p00_nofeat_canonical_seed0_r100.pkl
ImageNet100-64,iid,54,0.2816915810108185,2,/home/minss/fl/DXFL/logs/lambda/final/logs_js_client_ofat_extensions_seed0/dataset/imagenet100_64/imagenet100_64/iid/seed0/adaptive_js_client/imagenet100_64_dataset_imagenet100_64_iid_js_client_lmax1p00_tau0p85_tkd1p00_nofeat_canonical_seed0_r100.pkl
ImageNet100-64,iid,55,0.2792934576670329,3,/home/minss/fl/DXFL/logs/lambda/final/logs_js_client_ofat_extensions_seed0/dataset/imagenet100_64/imagenet100_64/iid/seed0/adaptive_js_client/imagenet100_64_dataset_imagenet100_64_iid_js_client_lmax1p00_tau0p85_tkd1p00_nofeat_canonical_seed0_r100.pkl
ImageNet100-64,iid,56,0.27722983558972675,3,/home/minss/fl/DXFL/logs/lambda/final/logs_js_client_ofat_extensions_seed0/dataset/imagenet100_64/imagenet100_64/iid/seed0/adaptive_js_client/imagenet100_64_dataset_imagenet100_64_iid_js_client_lmax1p00_tau0p85_tkd1p00_nofeat_canonical_seed0_r100.pkl
ImageNet100-64,iid,57,0.2979336380958557,1,/home/minss/fl/DXFL/logs/lambda/final/logs_js_client_ofat_extensions_seed0/dataset/imagenet100_64/imagenet100_64/iid/seed0/adaptive_js_client/imagenet100_64_dataset_imagenet100_64_iid_js_client_lmax1p00_tau0p85_tkd1p00_nofeat_canonical_seed0_r100.pkl
ImageNet100-64,iid,58,0.27468007802963257,1,/home/minss/fl/DXFL/logs/lambda/final/logs_js_client_ofat_extensions_seed0/dataset/imagenet100_64/imagenet100_64/iid/seed0/adaptive_js_client/imagenet100_64_dataset_imagenet100_64_iid_js_client_lmax1p00_tau0p85_tkd1p00_nofeat_canonical_seed0_r100.pkl
ImageNet100-64,iid,59,0.2576902508735657,1,/home/minss/fl/DXFL/logs/lambda/final/logs_js_client_ofat_extensions_seed0/dataset/imagenet100_64/imagenet100_64/iid/seed0/adaptive_js_client/imagenet100_64_dataset_imagenet100_64_iid_js_client_lmax1p00_tau0p85_tkd1p00_nofeat_canonical_seed0_r100.pkl
ImageNet100-64,iid,60,0.2675020843744278,2,/home/minss/fl/DXFL/logs/lambda/final/logs_js_client_ofat_extensions_seed0/dataset/imagenet100_64/imagenet100_64/iid/seed0/adaptive_js_client/imagenet100_64_dataset_imagenet100_64_iid_js_client_lmax1p00_tau0p85_tkd1p00_nofeat_canonical_seed0_r100.pkl
ImageNet100-64,iid,61,0.28485910097757977,3,/home/minss/fl/DXFL/logs/lambda/final/logs_js_client_ofat_extensions_seed0/dataset/imagenet100_64/imagenet100_64/iid/seed0/adaptive_js_client/imagenet100_64_dataset_imagenet100_64_iid_js_client_lmax1p00_tau0p85_tkd1p00_nofeat_canonical_seed0_r100.pkl
ImageNet100-64,iid,62,0.2722550928592682,2,/home/minss/fl/DXFL/logs/lambda/final/logs_js_client_ofat_extensions_seed0/dataset/imagenet100_64/imagenet100_64/iid/seed0/adaptive_js_client/imagenet100_64_dataset_imagenet100_64_iid_js_client_lmax1p00_tau0p85_tkd1p00_nofeat_canonical_seed0_r100.pkl
ImageNet100-64,iid,63,0.2798423618078232,2,/home/minss/fl/DXFL/logs/lambda/final/logs_js_client_ofat_extensions_seed0/dataset/imagenet100_64/imagenet100_64/iid/seed0/adaptive_js_client/imagenet100_64_dataset_imagenet100_64_iid_js_client_lmax1p00_tau0p85_tkd1p00_nofeat_canonical_seed0_r100.pkl
ImageNet100-64,iid,64,0.2591437101364136,1,/home/minss/fl/DXFL/logs/lambda/final/logs_js_client_ofat_extensions_seed0/dataset/imagenet100_64/imagenet100_64/iid/seed0/adaptive_js_client/imagenet100_64_dataset_imagenet100_64_iid_js_client_lmax1p00_tau0p85_tkd1p00_nofeat_canonical_seed0_r100.pkl
ImageNet100-64,iid,66,0.289786438147227,3,/home/minss/fl/DXFL/logs/lambda/final/logs_js_client_ofat_extensions_seed0/dataset/imagenet100_64/imagenet100_64/iid/seed0/adaptive_js_client/imagenet100_64_dataset_imagenet100_64_iid_js_client_lmax1p00_tau0p85_tkd1p00_nofeat_canonical_seed0_r100.pkl
ImageNet100-64,iid,67,0.31613802164793015,8,/home/minss/fl/DXFL/logs/lambda/final/logs_js_client_ofat_extensions_seed0/dataset/imagenet100_64/imagenet100_64/iid/seed0/adaptive_js_client/imagenet100_64_dataset_imagenet100_64_iid_js_client_lmax1p00_tau0p85_tkd1p00_nofeat_canonical_seed0_r100.pkl
ImageNet100-64,iid,68,0.3035386304060618,3,/home/minss/fl/DXFL/logs/lambda/final/logs_js_client_ofat_extensions_seed0/dataset/imagenet100_64/imagenet100_64/iid/seed0/adaptive_js_client/imagenet100_64_dataset_imagenet100_64_iid_js_client_lmax1p00_tau0p85_tkd1p00_nofeat_canonical_seed0_r100.pkl
ImageNet100-64,iid,69,0.28710318605105084,3,/home/minss/fl/DXFL/logs/lambda/final/logs_js_client_ofat_extensions_seed0/dataset/imagenet100_64/imagenet100_64/iid/seed0/adaptive_js_client/imagenet100_64_dataset_imagenet100_64_iid_js_client_lmax1p00_tau0p85_tkd1p00_nofeat_canonical_seed0_r100.pkl
ImageNet100-64,iid,70,0.2827169597148895,1,/home/minss/fl/DXFL/logs/lambda/final/logs_js_client_ofat_extensions_seed0/dataset/imagenet100_64/imagenet100_64/iid/seed0/adaptive_js_client/imagenet100_64_dataset_imagenet100_64_iid_js_client_lmax1p00_tau0p85_tkd1p00_nofeat_canonical_seed0_r100.pkl
ImageNet100-64,iid,71,0.28812448183695477,3,/home/minss/fl/DXFL/logs/lambda/final/logs_js_client_ofat_extensions_seed0/dataset/imagenet100_64/imagenet100_64/iid/seed0/adaptive_js_client/imagenet100_64_dataset_imagenet100_64_iid_js_client_lmax1p00_tau0p85_tkd1p00_nofeat_canonical_seed0_r100.pkl
ImageNet100-64,iid,72,0.2972201257944107,2,/home/minss/fl/DXFL/logs/lambda/final/logs_js_client_ofat_extensions_seed0/dataset/imagenet100_64/imagenet100_64/iid/seed0/adaptive_js_client/imagenet100_64_dataset_imagenet100_64_iid_js_client_lmax1p00_tau0p85_tkd1p00_nofeat_canonical_seed0_r100.pkl
ImageNet100-64,iid,73,0.2794513702392578,2,/home/minss/fl/DXFL/logs/lambda/final/logs_js_client_ofat_extensions_seed0/dataset/imagenet100_64/imagenet100_64/iid/seed0/adaptive_js_client/imagenet100_64_dataset_imagenet100_64_iid_js_client_lmax1p00_tau0p85_tkd1p00_nofeat_canonical_seed0_r100.pkl
ImageNet100-64,iid,74,0.301162322362264,3,/home/minss/fl/DXFL/logs/lambda/final/logs_js_client_ofat_extensions_seed0/dataset/imagenet100_64/imagenet100_64/iid/seed0/adaptive_js_client/imagenet100_64_dataset_imagenet100_64_iid_js_client_lmax1p00_tau0p85_tkd1p00_nofeat_canonical_seed0_r100.pkl
ImageNet100-64,iid,75,0.27756334841251373,2,/home/minss/fl/DXFL/logs/lambda/final/logs_js_client_ofat_extensions_seed0/dataset/imagenet100_64/imagenet100_64/iid/seed0/adaptive_js_client/imagenet100_64_dataset_imagenet100_64_iid_js_client_lmax1p00_tau0p85_tkd1p00_nofeat_canonical_seed0_r100.pkl
ImageNet100-64,iid,76,0.27769753336906433,3,/home/minss/fl/DXFL/logs/lambda/final/logs_js_client_ofat_extensions_seed0/dataset/imagenet100_64/imagenet100_64/iid/seed0/adaptive_js_client/imagenet100_64_dataset_imagenet100_64_iid_js_client_lmax1p00_tau0p85_tkd1p00_nofeat_canonical_seed0_r100.pkl
ImageNet100-64,iid,77,0.274437556664149,3,/home/minss/fl/DXFL/logs/lambda/final/logs_js_client_ofat_extensions_seed0/dataset/imagenet100_64/imagenet100_64/iid/seed0/adaptive_js_client/imagenet100_64_dataset_imagenet100_64_iid_js_client_lmax1p00_tau0p85_tkd1p00_nofeat_canonical_seed0_r100.pkl
ImageNet100-64,iid,78,0.2797735929489136,3,/home/minss/fl/DXFL/logs/lambda/final/logs_js_client_ofat_extensions_seed0/dataset/imagenet100_64/imagenet100_64/iid/seed0/adaptive_js_client/imagenet100_64_dataset_imagenet100_64_iid_js_client_lmax1p00_tau0p85_tkd1p00_nofeat_canonical_seed0_r100.pkl
ImageNet100-64,iid,79,0.27603427320718765,4,/home/minss/fl/DXFL/logs/lambda/final/logs_js_client_ofat_extensions_seed0/dataset/imagenet100_64/imagenet100_64/iid/seed0/adaptive_js_client/imagenet100_64_dataset_imagenet100_64_iid_js_client_lmax1p00_tau0p85_tkd1p00_nofeat_canonical_seed0_r100.pkl
ImageNet100-64,iid,80,0.29489778478940326,3,/home/minss/fl/DXFL/logs/lambda/final/logs_js_client_ofat_extensions_seed0/dataset/imagenet100_64/imagenet100_64/iid/seed0/adaptive_js_client/imagenet100_64_dataset_imagenet100_64_iid_js_client_lmax1p00_tau0p85_tkd1p00_nofeat_canonical_seed0_r100.pkl
ImageNet100-64,iid,81,0.30928569038709003,6,/home/minss/fl/DXFL/logs/lambda/final/logs_js_client_ofat_extensions_seed0/dataset/imagenet100_64/imagenet100_64/iid/seed0/adaptive_js_client/imagenet100_64_dataset_imagenet100_64_iid_js_client_lmax1p00_tau0p85_tkd1p00_nofeat_canonical_seed0_r100.pkl
ImageNet100-64,iid,82,0.29218354225158694,5,/home/minss/fl/DXFL/logs/lambda/final/logs_js_client_ofat_extensions_seed0/dataset/imagenet100_64/imagenet100_64/iid/seed0/adaptive_js_client/imagenet100_64_dataset_imagenet100_64_iid_js_client_lmax1p00_tau0p85_tkd1p00_nofeat_canonical_seed0_r100.pkl
ImageNet100-64,iid,83,0.3073924134174983,6,/home/minss/fl/DXFL/logs/lambda/final/logs_js_client_ofat_extensions_seed0/dataset/imagenet100_64/imagenet100_64/iid/seed0/adaptive_js_client/imagenet100_64_dataset_imagenet100_64_iid_js_client_lmax1p00_tau0p85_tkd1p00_nofeat_canonical_seed0_r100.pkl
ImageNet100-64,iid,84,0.27832211554050446,2,/home/minss/fl/DXFL/logs/lambda/final/logs_js_client_ofat_extensions_seed0/dataset/imagenet100_64/imagenet100_64/iid/seed0/adaptive_js_client/imagenet100_64_dataset_imagenet100_64_iid_js_client_lmax1p00_tau0p85_tkd1p00_nofeat_canonical_seed0_r100.pkl
ImageNet100-64,iid,85,0.2732943892478943,1,/home/minss/fl/DXFL/logs/lambda/final/logs_js_client_ofat_extensions_seed0/dataset/imagenet100_64/imagenet100_64/iid/seed0/adaptive_js_client/imagenet100_64_dataset_imagenet100_64_iid_js_client_lmax1p00_tau0p85_tkd1p00_nofeat_canonical_seed0_r100.pkl
ImageNet100-64,iid,86,0.277800848086675,3,/home/minss/fl/DXFL/logs/lambda/final/logs_js_client_ofat_extensions_seed0/dataset/imagenet100_64/imagenet100_64/iid/seed0/adaptive_js_client/imagenet100_64_dataset_imagenet100_64_iid_js_client_lmax1p00_tau0p85_tkd1p00_nofeat_canonical_seed0_r100.pkl
ImageNet100-64,iid,87,0.3082052171230316,5,/home/minss/fl/DXFL/logs/lambda/final/logs_js_client_ofat_extensions_seed0/dataset/imagenet100_64/imagenet100_64/iid/seed0/adaptive_js_client/imagenet100_64_dataset_imagenet100_64_iid_js_client_lmax1p00_tau0p85_tkd1p00_nofeat_canonical_seed0_r100.pkl
ImageNet100-64,iid,88,0.27758246660232544,2,/home/minss/fl/DXFL/logs/lambda/final/logs_js_client_ofat_extensions_seed0/dataset/imagenet100_64/imagenet100_64/iid/seed0/adaptive_js_client/imagenet100_64_dataset_imagenet100_64_iid_js_client_lmax1p00_tau0p85_tkd1p00_nofeat_canonical_seed0_r100.pkl
ImageNet100-64,iid,89,0.28211812178293866,3,/home/minss/fl/DXFL/logs/lambda/final/logs_js_client_ofat_extensions_seed0/dataset/imagenet100_64/imagenet100_64/iid/seed0/adaptive_js_client/imagenet100_64_dataset_imagenet100_64_iid_js_client_lmax1p00_tau0p85_tkd1p00_nofeat_canonical_seed0_r100.pkl
ImageNet100-64,iid,90,0.29279153048992157,4,/home/minss/fl/DXFL/logs/lambda/final/logs_js_client_ofat_extensions_seed0/dataset/imagenet100_64/imagenet100_64/iid/seed0/adaptive_js_client/imagenet100_64_dataset_imagenet100_64_iid_js_client_lmax1p00_tau0p85_tkd1p00_nofeat_canonical_seed0_r100.pkl
ImageNet100-64,iid,91,0.28502993285655975,2,/home/minss/fl/DXFL/logs/lambda/final/logs_js_client_ofat_extensions_seed0/dataset/imagenet100_64/imagenet100_64/iid/seed0/adaptive_js_client/imagenet100_64_dataset_imagenet100_64_iid_js_client_lmax1p00_tau0p85_tkd1p00_nofeat_canonical_seed0_r100.pkl
ImageNet100-64,iid,92,0.2797936201095581,3,/home/minss/fl/DXFL/logs/lambda/final/logs_js_client_ofat_extensions_seed0/dataset/imagenet100_64/imagenet100_64/iid/seed0/adaptive_js_client/imagenet100_64_dataset_imagenet100_64_iid_js_client_lmax1p00_tau0p85_tkd1p00_nofeat_canonical_seed0_r100.pkl
ImageNet100-64,iid,93,0.2654816508293152,1,/home/minss/fl/DXFL/logs/lambda/final/logs_js_client_ofat_extensions_seed0/dataset/imagenet100_64/imagenet100_64/iid/seed0/adaptive_js_client/imagenet100_64_dataset_imagenet100_64_iid_js_client_lmax1p00_tau0p85_tkd1p00_nofeat_canonical_seed0_r100.pkl
ImageNet100-64,iid,94,0.3004085024197896,3,/home/minss/fl/DXFL/logs/lambda/final/logs_js_client_ofat_extensions_seed0/dataset/imagenet100_64/imagenet100_64/iid/seed0/adaptive_js_client/imagenet100_64_dataset_imagenet100_64_iid_js_client_lmax1p00_tau0p85_tkd1p00_nofeat_canonical_seed0_r100.pkl
ImageNet100-64,iid,95,0.2790974825620651,2,/home/minss/fl/DXFL/logs/lambda/final/logs_js_client_ofat_extensions_seed0/dataset/imagenet100_64/imagenet100_64/iid/seed0/adaptive_js_client/imagenet100_64_dataset_imagenet100_64_iid_js_client_lmax1p00_tau0p85_tkd1p00_nofeat_canonical_seed0_r100.pkl
ImageNet100-64,iid,96,0.28701419234275816,5,/home/minss/fl/DXFL/logs/lambda/final/logs_js_client_ofat_extensions_seed0/dataset/imagenet100_64/imagenet100_64/iid/seed0/adaptive_js_client/imagenet100_64_dataset_imagenet100_64_iid_js_client_lmax1p00_tau0p85_tkd1p00_nofeat_canonical_seed0_r100.pkl
ImageNet100-64,iid,97,0.2926663011312485,2,/home/minss/fl/DXFL/logs/lambda/final/logs_js_client_ofat_extensions_seed0/dataset/imagenet100_64/imagenet100_64/iid/seed0/adaptive_js_client/imagenet100_64_dataset_imagenet100_64_iid_js_client_lmax1p00_tau0p85_tkd1p00_nofeat_canonical_seed0_r100.pkl
ImageNet100-64,iid,98,0.3214185908436775,4,/home/minss/fl/DXFL/logs/lambda/final/logs_js_client_ofat_extensions_seed0/dataset/imagenet100_64/imagenet100_64/iid/seed0/adaptive_js_client/imagenet100_64_dataset_imagenet100_64_iid_js_client_lmax1p00_tau0p85_tkd1p00_nofeat_canonical_seed0_r100.pkl
ImageNet100-64,iid,99,0.2883966565132141,1,/home/minss/fl/DXFL/logs/lambda/final/logs_js_client_ofat_extensions_seed0/dataset/imagenet100_64/imagenet100_64/iid/seed0/adaptive_js_client/imagenet100_64_dataset_imagenet100_64_iid_js_client_lmax1p00_tau0p85_tkd1p00_nofeat_canonical_seed0_r100.pkl
ImageNet100-64,beta_0.3,0,0.22611764818429947,2,/home/minss/fl/DXFL/logs/lambda/final/logs_js_client_ofat_extensions_seed0/dataset/imagenet100_64/imagenet100_64/beta_0.3/seed0/adaptive_js_client/imagenet100_64_dataset_imagenet100_64_beta_0.3_js_client_lmax1p00_tau0p85_tkd1p00_nofeat_canonical_seed0_r100.pkl
ImageNet100-64,beta_0.3,1,0.20857052505016327,1,/home/minss/fl/DXFL/logs/lambda/final/logs_js_client_ofat_extensions_seed0/dataset/imagenet100_64/imagenet100_64/beta_0.3/seed0/adaptive_js_client/imagenet100_64_dataset_imagenet100_64_beta_0.3_js_client_lmax1p00_tau0p85_tkd1p00_nofeat_canonical_seed0_r100.pkl
ImageNet100-64,beta_0.3,2,0.246496319770813,2,/home/minss/fl/DXFL/logs/lambda/final/logs_js_client_ofat_extensions_seed0/dataset/imagenet100_64/imagenet100_64/beta_0.3/seed0/adaptive_js_client/imagenet100_64_dataset_imagenet100_64_beta_0.3_js_client_lmax1p00_tau0p85_tkd1p00_nofeat_canonical_seed0_r100.pkl
ImageNet100-64,beta_0.3,3,0.22454504668712616,2,/home/minss/fl/DXFL/logs/lambda/final/logs_js_client_ofat_extensions_seed0/dataset/imagenet100_64/imagenet100_64/beta_0.3/seed0/adaptive_js_client/imagenet100_64_dataset_imagenet100_64_beta_0.3_js_client_lmax1p00_tau0p85_tkd1p00_nofeat_canonical_seed0_r100.pkl
ImageNet100-64,beta_0.3,4,0.20251435786485672,4,/home/minss/fl/DXFL/logs/lambda/final/logs_js_client_ofat_extensions_seed0/dataset/imagenet100_64/imagenet100_64/beta_0.3/seed0/adaptive_js_client/imagenet100_64_dataset_imagenet100_64_beta_0.3_js_client_lmax1p00_tau0p85_tkd1p00_nofeat_canonical_seed0_r100.pkl
ImageNet100-64,beta_0.3,5,0.21169805526733398,1,/home/minss/fl/DXFL/logs/lambda/final/logs_js_client_ofat_extensions_seed0/dataset/imagenet100_64/imagenet100_64/beta_0.3/seed0/adaptive_js_client/imagenet100_64_dataset_imagenet100_64_beta_0.3_js_client_lmax1p00_tau0p85_tkd1p00_nofeat_canonical_seed0_r100.pkl
ImageNet100-64,beta_0.3,6,0.22128498802582422,6,/home/minss/fl/DXFL/logs/lambda/final/logs_js_client_ofat_extensions_seed0/dataset/imagenet100_64/imagenet100_64/beta_0.3/seed0/adaptive_js_client/imagenet100_64_dataset_imagenet100_64_beta_0.3_js_client_lmax1p00_tau0p85_tkd1p00_nofeat_canonical_seed0_r100.pkl
ImageNet100-64,beta_0.3,7,0.22192895412445068,4,/home/minss/fl/DXFL/logs/lambda/final/logs_js_client_ofat_extensions_seed0/dataset/imagenet100_64/imagenet100_64/beta_0.3/seed0/adaptive_js_client/imagenet100_64_dataset_imagenet100_64_beta_0.3_js_client_lmax1p00_tau0p85_tkd1p00_nofeat_canonical_seed0_r100.pkl
ImageNet100-64,beta_0.3,8,0.22021376714110374,4,/home/minss/fl/DXFL/logs/lambda/final/logs_js_client_ofat_extensions_seed0/dataset/imagenet100_64/imagenet100_64/beta_0.3/seed0/adaptive_js_client/imagenet100_64_dataset_imagenet100_64_beta_0.3_js_client_lmax1p00_tau0p85_tkd1p00_nofeat_canonical_seed0_r100.pkl
ImageNet100-64,beta_0.3,9,0.24045413732528687,4,/home/minss/fl/DXFL/logs/lambda/final/logs_js_client_ofat_extensions_seed0/dataset/imagenet100_64/imagenet100_64/beta_0.3/seed0/adaptive_js_client/imagenet100_64_dataset_imagenet100_64_beta_0.3_js_client_lmax1p00_tau0p85_tkd1p00_nofeat_canonical_seed0_r100.pkl
ImageNet100-64,beta_0.3,10,0.16123716533184052,3,/home/minss/fl/DXFL/logs/lambda/final/logs_js_client_ofat_extensions_seed0/dataset/imagenet100_64/imagenet100_64/beta_0.3/seed0/adaptive_js_client/imagenet100_64_dataset_imagenet100_64_beta_0.3_js_client_lmax1p00_tau0p85_tkd1p00_nofeat_canonical_seed0_r100.pkl
ImageNet100-64,beta_0.3,11,0.2555557429790497,5,/home/minss/fl/DXFL/logs/lambda/final/logs_js_client_ofat_extensions_seed0/dataset/imagenet100_64/imagenet100_64/beta_0.3/seed0/adaptive_js_client/imagenet100_64_dataset_imagenet100_64_beta_0.3_js_client_lmax1p00_tau0p85_tkd1p00_nofeat_canonical_seed0_r100.pkl
ImageNet100-64,beta_0.3,12,0.2327580451965332,1,/home/minss/fl/DXFL/logs/lambda/final/logs_js_client_ofat_extensions_seed0/dataset/imagenet100_64/imagenet100_64/beta_0.3/seed0/adaptive_js_client/imagenet100_64_dataset_imagenet100_64_beta_0.3_js_client_lmax1p00_tau0p85_tkd1p00_nofeat_canonical_seed0_r100.pkl
ImageNet100-64,beta_0.3,13,0.21088705956935883,2,/home/minss/fl/DXFL/logs/lambda/final/logs_js_client_ofat_extensions_seed0/dataset/imagenet100_64/imagenet100_64/beta_0.3/seed0/adaptive_js_client/imagenet100_64_dataset_imagenet100_64_beta_0.3_js_client_lmax1p00_tau0p85_tkd1p00_nofeat_canonical_seed0_r100.pkl
ImageNet100-64,beta_0.3,14,0.22317510098218918,2,/home/minss/fl/DXFL/logs/lambda/final/logs_js_client_ofat_extensions_seed0/dataset/imagenet100_64/imagenet100_64/beta_0.3/seed0/adaptive_js_client/imagenet100_64_dataset_imagenet100_64_beta_0.3_js_client_lmax1p00_tau0p85_tkd1p00_nofeat_canonical_seed0_r100.pkl
ImageNet100-64,beta_0.3,15,0.2354808121919632,5,/home/minss/fl/DXFL/logs/lambda/final/logs_js_client_ofat_extensions_seed0/dataset/imagenet100_64/imagenet100_64/beta_0.3/seed0/adaptive_js_client/imagenet100_64_dataset_imagenet100_64_beta_0.3_js_client_lmax1p00_tau0p85_tkd1p00_nofeat_canonical_seed0_r100.pkl
ImageNet100-64,beta_0.3,16,0.2083249737819036,3,/home/minss/fl/DXFL/logs/lambda/final/logs_js_client_ofat_extensions_seed0/dataset/imagenet100_64/imagenet100_64/beta_0.3/seed0/adaptive_js_client/imagenet100_64_dataset_imagenet100_64_beta_0.3_js_client_lmax1p00_tau0p85_tkd1p00_nofeat_canonical_seed0_r100.pkl
ImageNet100-64,beta_0.3,17,0.21423699706792831,2,/home/minss/fl/DXFL/logs/lambda/final/logs_js_client_ofat_extensions_seed0/dataset/imagenet100_64/imagenet100_64/beta_0.3/seed0/adaptive_js_client/imagenet100_64_dataset_imagenet100_64_beta_0.3_js_client_lmax1p00_tau0p85_tkd1p00_nofeat_canonical_seed0_r100.pkl
ImageNet100-64,beta_0.3,19,0.2138107270002365,2,/home/minss/fl/DXFL/logs/lambda/final/logs_js_client_ofat_extensions_seed0/dataset/imagenet100_64/imagenet100_64/beta_0.3/seed0/adaptive_js_client/imagenet100_64_dataset_imagenet100_64_beta_0.3_js_client_lmax1p00_tau0p85_tkd1p00_nofeat_canonical_seed0_r100.pkl
ImageNet100-64,beta_0.3,21,0.26321787635485333,3,/home/minss/fl/DXFL/logs/lambda/final/logs_js_client_ofat_extensions_seed0/dataset/imagenet100_64/imagenet100_64/beta_0.3/seed0/adaptive_js_client/imagenet100_64_dataset_imagenet100_64_beta_0.3_js_client_lmax1p00_tau0p85_tkd1p00_nofeat_canonical_seed0_r100.pkl
ImageNet100-64,beta_0.3,22,0.22832368314266205,4,/home/minss/fl/DXFL/logs/lambda/final/logs_js_client_ofat_extensions_seed0/dataset/imagenet100_64/imagenet100_64/beta_0.3/seed0/adaptive_js_client/imagenet100_64_dataset_imagenet100_64_beta_0.3_js_client_lmax1p00_tau0p85_tkd1p00_nofeat_canonical_seed0_r100.pkl
ImageNet100-64,beta_0.3,23,0.23456000909209251,4,/home/minss/fl/DXFL/logs/lambda/final/logs_js_client_ofat_extensions_seed0/dataset/imagenet100_64/imagenet100_64/beta_0.3/seed0/adaptive_js_client/imagenet100_64_dataset_imagenet100_64_beta_0.3_js_client_lmax1p00_tau0p85_tkd1p00_nofeat_canonical_seed0_r100.pkl
ImageNet100-64,beta_0.3,24,0.20234374701976776,1,/home/minss/fl/DXFL/logs/lambda/final/logs_js_client_ofat_extensions_seed0/dataset/imagenet100_64/imagenet100_64/beta_0.3/seed0/adaptive_js_client/imagenet100_64_dataset_imagenet100_64_beta_0.3_js_client_lmax1p00_tau0p85_tkd1p00_nofeat_canonical_seed0_r100.pkl
ImageNet100-64,beta_0.3,25,0.20803109449999674,7,/home/minss/fl/DXFL/logs/lambda/final/logs_js_client_ofat_extensions_seed0/dataset/imagenet100_64/imagenet100_64/beta_0.3/seed0/adaptive_js_client/imagenet100_64_dataset_imagenet100_64_beta_0.3_js_client_lmax1p00_tau0p85_tkd1p00_nofeat_canonical_seed0_r100.pkl
ImageNet100-64,beta_0.3,26,0.24297383427619934,6,/home/minss/fl/DXFL/logs/lambda/final/logs_js_client_ofat_extensions_seed0/dataset/imagenet100_64/imagenet100_64/beta_0.3/seed0/adaptive_js_client/imagenet100_64_dataset_imagenet100_64_beta_0.3_js_client_lmax1p00_tau0p85_tkd1p00_nofeat_canonical_seed0_r100.pkl
ImageNet100-64,beta_0.3,27,0.2343803435564041,5,/home/minss/fl/DXFL/logs/lambda/final/logs_js_client_ofat_extensions_seed0/dataset/imagenet100_64/imagenet100_64/beta_0.3/seed0/adaptive_js_client/imagenet100_64_dataset_imagenet100_64_beta_0.3_js_client_lmax1p00_tau0p85_tkd1p00_nofeat_canonical_seed0_r100.pkl
ImageNet100-64,beta_0.3,28,0.20770202577114105,1,/home/minss/fl/DXFL/logs/lambda/final/logs_js_client_ofat_extensions_seed0/dataset/imagenet100_64/imagenet100_64/beta_0.3/seed0/adaptive_js_client/imagenet100_64_dataset_imagenet100_64_beta_0.3_js_client_lmax1p00_tau0p85_tkd1p00_nofeat_canonical_seed0_r100.pkl
ImageNet100-64,beta_0.3,29,0.21060334146022797,2,/home/minss/fl/DXFL/logs/lambda/final/logs_js_client_ofat_extensions_seed0/dataset/imagenet100_64/imagenet100_64/beta_0.3/seed0/adaptive_js_client/imagenet100_64_dataset_imagenet100_64_beta_0.3_js_client_lmax1p00_tau0p85_tkd1p00_nofeat_canonical_seed0_r100.pkl
ImageNet100-64,beta_0.3,30,0.23710188269615173,2,/home/minss/fl/DXFL/logs/lambda/final/logs_js_client_ofat_extensions_seed0/dataset/imagenet100_64/imagenet100_64/beta_0.3/seed0/adaptive_js_client/imagenet100_64_dataset_imagenet100_64_beta_0.3_js_client_lmax1p00_tau0p85_tkd1p00_nofeat_canonical_seed0_r100.pkl
ImageNet100-64,beta_0.3,31,0.23470712204774222,3,/home/minss/fl/DXFL/logs/lambda/final/logs_js_client_ofat_extensions_seed0/dataset/imagenet100_64/imagenet100_64/beta_0.3/seed0/adaptive_js_client/imagenet100_64_dataset_imagenet100_64_beta_0.3_js_client_lmax1p00_tau0p85_tkd1p00_nofeat_canonical_seed0_r100.pkl
ImageNet100-64,beta_0.3,32,0.23102101311087608,4,/home/minss/fl/DXFL/logs/lambda/final/logs_js_client_ofat_extensions_seed0/dataset/imagenet100_64/imagenet100_64/beta_0.3/seed0/adaptive_js_client/imagenet100_64_dataset_imagenet100_64_beta_0.3_js_client_lmax1p00_tau0p85_tkd1p00_nofeat_canonical_seed0_r100.pkl
ImageNet100-64,beta_0.3,33,0.22300683706998825,2,/home/minss/fl/DXFL/logs/lambda/final/logs_js_client_ofat_extensions_seed0/dataset/imagenet100_64/imagenet100_64/beta_0.3/seed0/adaptive_js_client/imagenet100_64_dataset_imagenet100_64_beta_0.3_js_client_lmax1p00_tau0p85_tkd1p00_nofeat_canonical_seed0_r100.pkl
ImageNet100-64,beta_0.3,34,0.22221646706263223,3,/home/minss/fl/DXFL/logs/lambda/final/logs_js_client_ofat_extensions_seed0/dataset/imagenet100_64/imagenet100_64/beta_0.3/seed0/adaptive_js_client/imagenet100_64_dataset_imagenet100_64_beta_0.3_js_client_lmax1p00_tau0p85_tkd1p00_nofeat_canonical_seed0_r100.pkl
ImageNet100-64,beta_0.3,35,0.2257670760154724,1,/home/minss/fl/DXFL/logs/lambda/final/logs_js_client_ofat_extensions_seed0/dataset/imagenet100_64/imagenet100_64/beta_0.3/seed0/adaptive_js_client/imagenet100_64_dataset_imagenet100_64_beta_0.3_js_client_lmax1p00_tau0p85_tkd1p00_nofeat_canonical_seed0_r100.pkl
ImageNet100-64,beta_0.3,36,0.23950898945331572,5,/home/minss/fl/DXFL/logs/lambda/final/logs_js_client_ofat_extensions_seed0/dataset/imagenet100_64/imagenet100_64/beta_0.3/seed0/adaptive_js_client/imagenet100_64_dataset_imagenet100_64_beta_0.3_js_client_lmax1p00_tau0p85_tkd1p00_nofeat_canonical_seed0_r100.pkl
ImageNet100-64,beta_0.3,37,0.22766923531889915,4,/home/minss/fl/DXFL/logs/lambda/final/logs_js_client_ofat_extensions_seed0/dataset/imagenet100_64/imagenet100_64/beta_0.3/seed0/adaptive_js_client/imagenet100_64_dataset_imagenet100_64_beta_0.3_js_client_lmax1p00_tau0p85_tkd1p00_nofeat_canonical_seed0_r100.pkl
ImageNet100-64,beta_0.3,38,0.2187637984752655,1,/home/minss/fl/DXFL/logs/lambda/final/logs_js_client_ofat_extensions_seed0/dataset/imagenet100_64/imagenet100_64/beta_0.3/seed0/adaptive_js_client/imagenet100_64_dataset_imagenet100_64_beta_0.3_js_client_lmax1p00_tau0p85_tkd1p00_nofeat_canonical_seed0_r100.pkl
ImageNet100-64,beta_0.3,39,0.24300037324428558,2,/home/minss/fl/DXFL/logs/lambda/final/logs_js_client_ofat_extensions_seed0/dataset/imagenet100_64/imagenet100_64/beta_0.3/seed0/adaptive_js_client/imagenet100_64_dataset_imagenet100_64_beta_0.3_js_client_lmax1p00_tau0p85_tkd1p00_nofeat_canonical_seed0_r100.pkl
ImageNet100-64,beta_0.3,40,0.21661429107189178,3,/home/minss/fl/DXFL/logs/lambda/final/logs_js_client_ofat_extensions_seed0/dataset/imagenet100_64/imagenet100_64/beta_0.3/seed0/adaptive_js_client/imagenet100_64_dataset_imagenet100_64_beta_0.3_js_client_lmax1p00_tau0p85_tkd1p00_nofeat_canonical_seed0_r100.pkl
ImageNet100-64,beta_0.3,41,0.20086423680186272,4,/home/minss/fl/DXFL/logs/lambda/final/logs_js_client_ofat_extensions_seed0/dataset/imagenet100_64/imagenet100_64/beta_0.3/seed0/adaptive_js_client/imagenet100_64_dataset_imagenet100_64_beta_0.3_js_client_lmax1p00_tau0p85_tkd1p00_nofeat_canonical_seed0_r100.pkl
ImageNet100-64,beta_0.3,42,0.2085401602089405,4,/home/minss/fl/DXFL/logs/lambda/final/logs_js_client_ofat_extensions_seed0/dataset/imagenet100_64/imagenet100_64/beta_0.3/seed0/adaptive_js_client/imagenet100_64_dataset_imagenet100_64_beta_0.3_js_client_lmax1p00_tau0p85_tkd1p00_nofeat_canonical_seed0_r100.pkl
ImageNet100-64,beta_0.3,43,0.21655894815921783,2,/home/minss/fl/DXFL/logs/lambda/final/logs_js_client_ofat_extensions_seed0/dataset/imagenet100_64/imagenet100_64/beta_0.3/seed0/adaptive_js_client/imagenet100_64_dataset_imagenet100_64_beta_0.3_js_client_lmax1p00_tau0p85_tkd1p00_nofeat_canonical_seed0_r100.pkl
ImageNet100-64,beta_0.3,44,0.23125444565500533,7,/home/minss/fl/DXFL/logs/lambda/final/logs_js_client_ofat_extensions_seed0/dataset/imagenet100_64/imagenet100_64/beta_0.3/seed0/adaptive_js_client/imagenet100_64_dataset_imagenet100_64_beta_0.3_js_client_lmax1p00_tau0p85_tkd1p00_nofeat_canonical_seed0_r100.pkl
ImageNet100-64,beta_0.3,45,0.24313915272553763,3,/home/minss/fl/DXFL/logs/lambda/final/logs_js_client_ofat_extensions_seed0/dataset/imagenet100_64/imagenet100_64/beta_0.3/seed0/adaptive_js_client/imagenet100_64_dataset_imagenet100_64_beta_0.3_js_client_lmax1p00_tau0p85_tkd1p00_nofeat_canonical_seed0_r100.pkl
ImageNet100-64,beta_0.3,46,0.22502657771110535,2,/home/minss/fl/DXFL/logs/lambda/final/logs_js_client_ofat_extensions_seed0/dataset/imagenet100_64/imagenet100_64/beta_0.3/seed0/adaptive_js_client/imagenet100_64_dataset_imagenet100_64_beta_0.3_js_client_lmax1p00_tau0p85_tkd1p00_nofeat_canonical_seed0_r100.pkl
ImageNet100-64,beta_0.3,47,0.14229647815227509,1,/home/minss/fl/DXFL/logs/lambda/final/logs_js_client_ofat_extensions_seed0/dataset/imagenet100_64/imagenet100_64/beta_0.3/seed0/adaptive_js_client/imagenet100_64_dataset_imagenet100_64_beta_0.3_js_client_lmax1p00_tau0p85_tkd1p00_nofeat_canonical_seed0_r100.pkl
ImageNet100-64,beta_0.3,48,0.19003145396709442,2,/home/minss/fl/DXFL/logs/lambda/final/logs_js_client_ofat_extensions_seed0/dataset/imagenet100_64/imagenet100_64/beta_0.3/seed0/adaptive_js_client/imagenet100_64_dataset_imagenet100_64_beta_0.3_js_client_lmax1p00_tau0p85_tkd1p00_nofeat_canonical_seed0_r100.pkl
ImageNet100-64,beta_0.3,49,0.2056332528591156,1,/home/minss/fl/DXFL/logs/lambda/final/logs_js_client_ofat_extensions_seed0/dataset/imagenet100_64/imagenet100_64/beta_0.3/seed0/adaptive_js_client/imagenet100_64_dataset_imagenet100_64_beta_0.3_js_client_lmax1p00_tau0p85_tkd1p00_nofeat_canonical_seed0_r100.pkl
ImageNet100-64,beta_0.3,50,0.21631159633398056,2,/home/minss/fl/DXFL/logs/lambda/final/logs_js_client_ofat_extensions_seed0/dataset/imagenet100_64/imagenet100_64/beta_0.3/seed0/adaptive_js_client/imagenet100_64_dataset_imagenet100_64_beta_0.3_js_client_lmax1p00_tau0p85_tkd1p00_nofeat_canonical_seed0_r100.pkl
ImageNet100-64,beta_0.3,51,0.22918898363908133,3,/home/minss/fl/DXFL/logs/lambda/final/logs_js_client_ofat_extensions_seed0/dataset/imagenet100_64/imagenet100_64/beta_0.3/seed0/adaptive_js_client/imagenet100_64_dataset_imagenet100_64_beta_0.3_js_client_lmax1p00_tau0p85_tkd1p00_nofeat_canonical_seed0_r100.pkl
ImageNet100-64,beta_0.3,52,0.2093478043874105,3,/home/minss/fl/DXFL/logs/lambda/final/logs_js_client_ofat_extensions_seed0/dataset/imagenet100_64/imagenet100_64/beta_0.3/seed0/adaptive_js_client/imagenet100_64_dataset_imagenet100_64_beta_0.3_js_client_lmax1p00_tau0p85_tkd1p00_nofeat_canonical_seed0_r100.pkl
ImageNet100-64,beta_0.3,53,0.2116445004940033,1,/home/minss/fl/DXFL/logs/lambda/final/logs_js_client_ofat_extensions_seed0/dataset/imagenet100_64/imagenet100_64/beta_0.3/seed0/adaptive_js_client/imagenet100_64_dataset_imagenet100_64_beta_0.3_js_client_lmax1p00_tau0p85_tkd1p00_nofeat_canonical_seed0_r100.pkl
ImageNet100-64,beta_0.3,54,0.23594233021140099,4,/home/minss/fl/DXFL/logs/lambda/final/logs_js_client_ofat_extensions_seed0/dataset/imagenet100_64/imagenet100_64/beta_0.3/seed0/adaptive_js_client/imagenet100_64_dataset_imagenet100_64_beta_0.3_js_client_lmax1p00_tau0p85_tkd1p00_nofeat_canonical_seed0_r100.pkl
ImageNet100-64,beta_0.3,55,0.18543956577777862,5,/home/minss/fl/DXFL/logs/lambda/final/logs_js_client_ofat_extensions_seed0/dataset/imagenet100_64/imagenet100_64/beta_0.3/seed0/adaptive_js_client/imagenet100_64_dataset_imagenet100_64_beta_0.3_js_client_lmax1p00_tau0p85_tkd1p00_nofeat_canonical_seed0_r100.pkl
ImageNet100-64,beta_0.3,56,0.222104724496603,4,/home/minss/fl/DXFL/logs/lambda/final/logs_js_client_ofat_extensions_seed0/dataset/imagenet100_64/imagenet100_64/beta_0.3/seed0/adaptive_js_client/imagenet100_64_dataset_imagenet100_64_beta_0.3_js_client_lmax1p00_tau0p85_tkd1p00_nofeat_canonical_seed0_r100.pkl
ImageNet100-64,beta_0.3,57,0.1956014335155487,4,/home/minss/fl/DXFL/logs/lambda/final/logs_js_client_ofat_extensions_seed0/dataset/imagenet100_64/imagenet100_64/beta_0.3/seed0/adaptive_js_client/imagenet100_64_dataset_imagenet100_64_beta_0.3_js_client_lmax1p00_tau0p85_tkd1p00_nofeat_canonical_seed0_r100.pkl
ImageNet100-64,beta_0.3,58,0.2592438757419586,5,/home/minss/fl/DXFL/logs/lambda/final/logs_js_client_ofat_extensions_seed0/dataset/imagenet100_64/imagenet100_64/beta_0.3/seed0/adaptive_js_client/imagenet100_64_dataset_imagenet100_64_beta_0.3_js_client_lmax1p00_tau0p85_tkd1p00_nofeat_canonical_seed0_r100.pkl
ImageNet100-64,beta_0.3,59,0.2197374701499939,2,/home/minss/fl/DXFL/logs/lambda/final/logs_js_client_ofat_extensions_seed0/dataset/imagenet100_64/imagenet100_64/beta_0.3/seed0/adaptive_js_client/imagenet100_64_dataset_imagenet100_64_beta_0.3_js_client_lmax1p00_tau0p85_tkd1p00_nofeat_canonical_seed0_r100.pkl
ImageNet100-64,beta_0.3,60,0.22761976718902588,5,/home/minss/fl/DXFL/logs/lambda/final/logs_js_client_ofat_extensions_seed0/dataset/imagenet100_64/imagenet100_64/beta_0.3/seed0/adaptive_js_client/imagenet100_64_dataset_imagenet100_64_beta_0.3_js_client_lmax1p00_tau0p85_tkd1p00_nofeat_canonical_seed0_r100.pkl
ImageNet100-64,beta_0.3,61,0.2281007468700409,1,/home/minss/fl/DXFL/logs/lambda/final/logs_js_client_ofat_extensions_seed0/dataset/imagenet100_64/imagenet100_64/beta_0.3/seed0/adaptive_js_client/imagenet100_64_dataset_imagenet100_64_beta_0.3_js_client_lmax1p00_tau0p85_tkd1p00_nofeat_canonical_seed0_r100.pkl
ImageNet100-64,beta_0.3,62,0.1924525499343872,3,/home/minss/fl/DXFL/logs/lambda/final/logs_js_client_ofat_extensions_seed0/dataset/imagenet100_64/imagenet100_64/beta_0.3/seed0/adaptive_js_client/imagenet100_64_dataset_imagenet100_64_beta_0.3_js_client_lmax1p00_tau0p85_tkd1p00_nofeat_canonical_seed0_r100.pkl
ImageNet100-64,beta_0.3,63,0.21832623581091562,3,/home/minss/fl/DXFL/logs/lambda/final/logs_js_client_ofat_extensions_seed0/dataset/imagenet100_64/imagenet100_64/beta_0.3/seed0/adaptive_js_client/imagenet100_64_dataset_imagenet100_64_beta_0.3_js_client_lmax1p00_tau0p85_tkd1p00_nofeat_canonical_seed0_r100.pkl
ImageNet100-64,beta_0.3,64,0.19645654410123825,2,/home/minss/fl/DXFL/logs/lambda/final/logs_js_client_ofat_extensions_seed0/dataset/imagenet100_64/imagenet100_64/beta_0.3/seed0/adaptive_js_client/imagenet100_64_dataset_imagenet100_64_beta_0.3_js_client_lmax1p00_tau0p85_tkd1p00_nofeat_canonical_seed0_r100.pkl
ImageNet100-64,beta_0.3,65,0.19958892837166786,4,/home/minss/fl/DXFL/logs/lambda/final/logs_js_client_ofat_extensions_seed0/dataset/imagenet100_64/imagenet100_64/beta_0.3/seed0/adaptive_js_client/imagenet100_64_dataset_imagenet100_64_beta_0.3_js_client_lmax1p00_tau0p85_tkd1p00_nofeat_canonical_seed0_r100.pkl
ImageNet100-64,beta_0.3,66,0.23107967525720596,2,/home/minss/fl/DXFL/logs/lambda/final/logs_js_client_ofat_extensions_seed0/dataset/imagenet100_64/imagenet100_64/beta_0.3/seed0/adaptive_js_client/imagenet100_64_dataset_imagenet100_64_beta_0.3_js_client_lmax1p00_tau0p85_tkd1p00_nofeat_canonical_seed0_r100.pkl
ImageNet100-64,beta_0.3,67,0.22492514550685883,2,/home/minss/fl/DXFL/logs/lambda/final/logs_js_client_ofat_extensions_seed0/dataset/imagenet100_64/imagenet100_64/beta_0.3/seed0/adaptive_js_client/imagenet100_64_dataset_imagenet100_64_beta_0.3_js_client_lmax1p00_tau0p85_tkd1p00_nofeat_canonical_seed0_r100.pkl
ImageNet100-64,beta_0.3,68,0.23941025137901306,1,/home/minss/fl/DXFL/logs/lambda/final/logs_js_client_ofat_extensions_seed0/dataset/imagenet100_64/imagenet100_64/beta_0.3/seed0/adaptive_js_client/imagenet100_64_dataset_imagenet100_64_beta_0.3_js_client_lmax1p00_tau0p85_tkd1p00_nofeat_canonical_seed0_r100.pkl
ImageNet100-64,beta_0.3,69,0.2296762125832694,7,/home/minss/fl/DXFL/logs/lambda/final/logs_js_client_ofat_extensions_seed0/dataset/imagenet100_64/imagenet100_64/beta_0.3/seed0/adaptive_js_client/imagenet100_64_dataset_imagenet100_64_beta_0.3_js_client_lmax1p00_tau0p85_tkd1p00_nofeat_canonical_seed0_r100.pkl
ImageNet100-64,beta_0.3,70,0.21851887021745955,7,/home/minss/fl/DXFL/logs/lambda/final/logs_js_client_ofat_extensions_seed0/dataset/imagenet100_64/imagenet100_64/beta_0.3/seed0/adaptive_js_client/imagenet100_64_dataset_imagenet100_64_beta_0.3_js_client_lmax1p00_tau0p85_tkd1p00_nofeat_canonical_seed0_r100.pkl
ImageNet100-64,beta_0.3,71,0.22143538296222687,2,/home/minss/fl/DXFL/logs/lambda/final/logs_js_client_ofat_extensions_seed0/dataset/imagenet100_64/imagenet100_64/beta_0.3/seed0/adaptive_js_client/imagenet100_64_dataset_imagenet100_64_beta_0.3_js_client_lmax1p00_tau0p85_tkd1p00_nofeat_canonical_seed0_r100.pkl
ImageNet100-64,beta_0.3,72,0.199739009141922,2,/home/minss/fl/DXFL/logs/lambda/final/logs_js_client_ofat_extensions_seed0/dataset/imagenet100_64/imagenet100_64/beta_0.3/seed0/adaptive_js_client/imagenet100_64_dataset_imagenet100_64_beta_0.3_js_client_lmax1p00_tau0p85_tkd1p00_nofeat_canonical_seed0_r100.pkl
ImageNet100-64,beta_0.3,74,0.21696837743123373,3,/home/minss/fl/DXFL/logs/lambda/final/logs_js_client_ofat_extensions_seed0/dataset/imagenet100_64/imagenet100_64/beta_0.3/seed0/adaptive_js_client/imagenet100_64_dataset_imagenet100_64_beta_0.3_js_client_lmax1p00_tau0p85_tkd1p00_nofeat_canonical_seed0_r100.pkl
ImageNet100-64,beta_0.3,75,0.21000728011131287,5,/home/minss/fl/DXFL/logs/lambda/final/logs_js_client_ofat_extensions_seed0/dataset/imagenet100_64/imagenet100_64/beta_0.3/seed0/adaptive_js_client/imagenet100_64_dataset_imagenet100_64_beta_0.3_js_client_lmax1p00_tau0p85_tkd1p00_nofeat_canonical_seed0_r100.pkl
ImageNet100-64,beta_0.3,76,0.23416932821273803,5,/home/minss/fl/DXFL/logs/lambda/final/logs_js_client_ofat_extensions_seed0/dataset/imagenet100_64/imagenet100_64/beta_0.3/seed0/adaptive_js_client/imagenet100_64_dataset_imagenet100_64_beta_0.3_js_client_lmax1p00_tau0p85_tkd1p00_nofeat_canonical_seed0_r100.pkl
ImageNet100-64,beta_0.3,77,0.1694566160440445,2,/home/minss/fl/DXFL/logs/lambda/final/logs_js_client_ofat_extensions_seed0/dataset/imagenet100_64/imagenet100_64/beta_0.3/seed0/adaptive_js_client/imagenet100_64_dataset_imagenet100_64_beta_0.3_js_client_lmax1p00_tau0p85_tkd1p00_nofeat_canonical_seed0_r100.pkl
ImageNet100-64,beta_0.3,78,0.2075987160205841,1,/home/minss/fl/DXFL/logs/lambda/final/logs_js_client_ofat_extensions_seed0/dataset/imagenet100_64/imagenet100_64/beta_0.3/seed0/adaptive_js_client/imagenet100_64_dataset_imagenet100_64_beta_0.3_js_client_lmax1p00_tau0p85_tkd1p00_nofeat_canonical_seed0_r100.pkl
ImageNet100-64,beta_0.3,79,0.22481713195641836,3,/home/minss/fl/DXFL/logs/lambda/final/logs_js_client_ofat_extensions_seed0/dataset/imagenet100_64/imagenet100_64/beta_0.3/seed0/adaptive_js_client/imagenet100_64_dataset_imagenet100_64_beta_0.3_js_client_lmax1p00_tau0p85_tkd1p00_nofeat_canonical_seed0_r100.pkl
ImageNet100-64,beta_0.3,80,0.242690771818161,2,/home/minss/fl/DXFL/logs/lambda/final/logs_js_client_ofat_extensions_seed0/dataset/imagenet100_64/imagenet100_64/beta_0.3/seed0/adaptive_js_client/imagenet100_64_dataset_imagenet100_64_beta_0.3_js_client_lmax1p00_tau0p85_tkd1p00_nofeat_canonical_seed0_r100.pkl
ImageNet100-64,beta_0.3,81,0.21703878045082092,3,/home/minss/fl/DXFL/logs/lambda/final/logs_js_client_ofat_extensions_seed0/dataset/imagenet100_64/imagenet100_64/beta_0.3/seed0/adaptive_js_client/imagenet100_64_dataset_imagenet100_64_beta_0.3_js_client_lmax1p00_tau0p85_tkd1p00_nofeat_canonical_seed0_r100.pkl
ImageNet100-64,beta_0.3,82,0.21142754703760147,2,/home/minss/fl/DXFL/logs/lambda/final/logs_js_client_ofat_extensions_seed0/dataset/imagenet100_64/imagenet100_64/beta_0.3/seed0/adaptive_js_client/imagenet100_64_dataset_imagenet100_64_beta_0.3_js_client_lmax1p00_tau0p85_tkd1p00_nofeat_canonical_seed0_r100.pkl
ImageNet100-64,beta_0.3,83,0.23163525760173798,1,/home/minss/fl/DXFL/logs/lambda/final/logs_js_client_ofat_extensions_seed0/dataset/imagenet100_64/imagenet100_64/beta_0.3/seed0/adaptive_js_client/imagenet100_64_dataset_imagenet100_64_beta_0.3_js_client_lmax1p00_tau0p85_tkd1p00_nofeat_canonical_seed0_r100.pkl
ImageNet100-64,beta_0.3,84,0.22750349342823029,2,/home/minss/fl/DXFL/logs/lambda/final/logs_js_client_ofat_extensions_seed0/dataset/imagenet100_64/imagenet100_64/beta_0.3/seed0/adaptive_js_client/imagenet100_64_dataset_imagenet100_64_beta_0.3_js_client_lmax1p00_tau0p85_tkd1p00_nofeat_canonical_seed0_r100.pkl
ImageNet100-64,beta_0.3,85,0.1724342405796051,1,/home/minss/fl/DXFL/logs/lambda/final/logs_js_client_ofat_extensions_seed0/dataset/imagenet100_64/imagenet100_64/beta_0.3/seed0/adaptive_js_client/imagenet100_64_dataset_imagenet100_64_beta_0.3_js_client_lmax1p00_tau0p85_tkd1p00_nofeat_canonical_seed0_r100.pkl
ImageNet100-64,beta_0.3,86,0.24213765313227972,6,/home/minss/fl/DXFL/logs/lambda/final/logs_js_client_ofat_extensions_seed0/dataset/imagenet100_64/imagenet100_64/beta_0.3/seed0/adaptive_js_client/imagenet100_64_dataset_imagenet100_64_beta_0.3_js_client_lmax1p00_tau0p85_tkd1p00_nofeat_canonical_seed0_r100.pkl
ImageNet100-64,beta_0.3,87,0.22737657527128854,3,/home/minss/fl/DXFL/logs/lambda/final/logs_js_client_ofat_extensions_seed0/dataset/imagenet100_64/imagenet100_64/beta_0.3/seed0/adaptive_js_client/imagenet100_64_dataset_imagenet100_64_beta_0.3_js_client_lmax1p00_tau0p85_tkd1p00_nofeat_canonical_seed0_r100.pkl
ImageNet100-64,beta_0.3,88,0.2042372189462185,4,/home/minss/fl/DXFL/logs/lambda/final/logs_js_client_ofat_extensions_seed0/dataset/imagenet100_64/imagenet100_64/beta_0.3/seed0/adaptive_js_client/imagenet100_64_dataset_imagenet100_64_beta_0.3_js_client_lmax1p00_tau0p85_tkd1p00_nofeat_canonical_seed0_r100.pkl
ImageNet100-64,beta_0.3,89,0.24849314242601395,4,/home/minss/fl/DXFL/logs/lambda/final/logs_js_client_ofat_extensions_seed0/dataset/imagenet100_64/imagenet100_64/beta_0.3/seed0/adaptive_js_client/imagenet100_64_dataset_imagenet100_64_beta_0.3_js_client_lmax1p00_tau0p85_tkd1p00_nofeat_canonical_seed0_r100.pkl
ImageNet100-64,beta_0.3,90,0.25094306468963623,4,/home/minss/fl/DXFL/logs/lambda/final/logs_js_client_ofat_extensions_seed0/dataset/imagenet100_64/imagenet100_64/beta_0.3/seed0/adaptive_js_client/imagenet100_64_dataset_imagenet100_64_beta_0.3_js_client_lmax1p00_tau0p85_tkd1p00_nofeat_canonical_seed0_r100.pkl
ImageNet100-64,beta_0.3,91,0.23078822195529938,5,/home/minss/fl/DXFL/logs/lambda/final/logs_js_client_ofat_extensions_seed0/dataset/imagenet100_64/imagenet100_64/beta_0.3/seed0/adaptive_js_client/imagenet100_64_dataset_imagenet100_64_beta_0.3_js_client_lmax1p00_tau0p85_tkd1p00_nofeat_canonical_seed0_r100.pkl
ImageNet100-64,beta_0.3,92,0.25632835427920025,3,/home/minss/fl/DXFL/logs/lambda/final/logs_js_client_ofat_extensions_seed0/dataset/imagenet100_64/imagenet100_64/beta_0.3/seed0/adaptive_js_client/imagenet100_64_dataset_imagenet100_64_beta_0.3_js_client_lmax1p00_tau0p85_tkd1p00_nofeat_canonical_seed0_r100.pkl
ImageNet100-64,beta_0.3,93,0.23867787917455038,3,/home/minss/fl/DXFL/logs/lambda/final/logs_js_client_ofat_extensions_seed0/dataset/imagenet100_64/imagenet100_64/beta_0.3/seed0/adaptive_js_client/imagenet100_64_dataset_imagenet100_64_beta_0.3_js_client_lmax1p00_tau0p85_tkd1p00_nofeat_canonical_seed0_r100.pkl
ImageNet100-64,beta_0.3,94,0.2247931845486164,4,/home/minss/fl/DXFL/logs/lambda/final/logs_js_client_ofat_extensions_seed0/dataset/imagenet100_64/imagenet100_64/beta_0.3/seed0/adaptive_js_client/imagenet100_64_dataset_imagenet100_64_beta_0.3_js_client_lmax1p00_tau0p85_tkd1p00_nofeat_canonical_seed0_r100.pkl
ImageNet100-64,beta_0.3,95,0.24319281801581383,4,/home/minss/fl/DXFL/logs/lambda/final/logs_js_client_ofat_extensions_seed0/dataset/imagenet100_64/imagenet100_64/beta_0.3/seed0/adaptive_js_client/imagenet100_64_dataset_imagenet100_64_beta_0.3_js_client_lmax1p00_tau0p85_tkd1p00_nofeat_canonical_seed0_r100.pkl
ImageNet100-64,beta_0.3,96,0.20697399973869324,1,/home/minss/fl/DXFL/logs/lambda/final/logs_js_client_ofat_extensions_seed0/dataset/imagenet100_64/imagenet100_64/beta_0.3/seed0/adaptive_js_client/imagenet100_64_dataset_imagenet100_64_beta_0.3_js_client_lmax1p00_tau0p85_tkd1p00_nofeat_canonical_seed0_r100.pkl
ImageNet100-64,beta_0.3,97,0.21525688469409943,3,/home/minss/fl/DXFL/logs/lambda/final/logs_js_client_ofat_extensions_seed0/dataset/imagenet100_64/imagenet100_64/beta_0.3/seed0/adaptive_js_client/imagenet100_64_dataset_imagenet100_64_beta_0.3_js_client_lmax1p00_tau0p85_tkd1p00_nofeat_canonical_seed0_r100.pkl
ImageNet100-64,beta_0.3,98,0.21810349822044373,5,/home/minss/fl/DXFL/logs/lambda/final/logs_js_client_ofat_extensions_seed0/dataset/imagenet100_64/imagenet100_64/beta_0.3/seed0/adaptive_js_client/imagenet100_64_dataset_imagenet100_64_beta_0.3_js_client_lmax1p00_tau0p85_tkd1p00_nofeat_canonical_seed0_r100.pkl
ImageNet100-64,beta_0.3,99,0.23112651705741882,3,/home/minss/fl/DXFL/logs/lambda/final/logs_js_client_ofat_extensions_seed0/dataset/imagenet100_64/imagenet100_64/beta_0.3/seed0/adaptive_js_client/imagenet100_64_dataset_imagenet100_64_beta_0.3_js_client_lmax1p00_tau0p85_tkd1p00_nofeat_canonical_seed0_r100.pkl
ImageNet100-64,beta_0.1,0,0.1331760659813881,2,/home/minss/fl/DXFL/logs/lambda/final/logs_js_client_ofat_extensions_seed0/dataset/imagenet100_64/imagenet100_64/beta_0.1/seed0/adaptive_js_client/imagenet100_64_dataset_imagenet100_64_beta_0.1_js_client_lmax1p00_tau0p85_tkd1p00_nofeat_canonical_seed0_r100.pkl
ImageNet100-64,beta_0.1,1,0.1305176131427288,2,/home/minss/fl/DXFL/logs/lambda/final/logs_js_client_ofat_extensions_seed0/dataset/imagenet100_64/imagenet100_64/beta_0.1/seed0/adaptive_js_client/imagenet100_64_dataset_imagenet100_64_beta_0.1_js_client_lmax1p00_tau0p85_tkd1p00_nofeat_canonical_seed0_r100.pkl
ImageNet100-64,beta_0.1,2,0.12978199124336243,2,/home/minss/fl/DXFL/logs/lambda/final/logs_js_client_ofat_extensions_seed0/dataset/imagenet100_64/imagenet100_64/beta_0.1/seed0/adaptive_js_client/imagenet100_64_dataset_imagenet100_64_beta_0.1_js_client_lmax1p00_tau0p85_tkd1p00_nofeat_canonical_seed0_r100.pkl
ImageNet100-64,beta_0.1,3,0.16814676175514856,6,/home/minss/fl/DXFL/logs/lambda/final/logs_js_client_ofat_extensions_seed0/dataset/imagenet100_64/imagenet100_64/beta_0.1/seed0/adaptive_js_client/imagenet100_64_dataset_imagenet100_64_beta_0.1_js_client_lmax1p00_tau0p85_tkd1p00_nofeat_canonical_seed0_r100.pkl
ImageNet100-64,beta_0.1,4,0.1175841639439265,3,/home/minss/fl/DXFL/logs/lambda/final/logs_js_client_ofat_extensions_seed0/dataset/imagenet100_64/imagenet100_64/beta_0.1/seed0/adaptive_js_client/imagenet100_64_dataset_imagenet100_64_beta_0.1_js_client_lmax1p00_tau0p85_tkd1p00_nofeat_canonical_seed0_r100.pkl
ImageNet100-64,beta_0.1,5,0.15304109950860342,3,/home/minss/fl/DXFL/logs/lambda/final/logs_js_client_ofat_extensions_seed0/dataset/imagenet100_64/imagenet100_64/beta_0.1/seed0/adaptive_js_client/imagenet100_64_dataset_imagenet100_64_beta_0.1_js_client_lmax1p00_tau0p85_tkd1p00_nofeat_canonical_seed0_r100.pkl
ImageNet100-64,beta_0.1,6,0.12124176323413849,4,/home/minss/fl/DXFL/logs/lambda/final/logs_js_client_ofat_extensions_seed0/dataset/imagenet100_64/imagenet100_64/beta_0.1/seed0/adaptive_js_client/imagenet100_64_dataset_imagenet100_64_beta_0.1_js_client_lmax1p00_tau0p85_tkd1p00_nofeat_canonical_seed0_r100.pkl
ImageNet100-64,beta_0.1,7,0.1459825038909912,3,/home/minss/fl/DXFL/logs/lambda/final/logs_js_client_ofat_extensions_seed0/dataset/imagenet100_64/imagenet100_64/beta_0.1/seed0/adaptive_js_client/imagenet100_64_dataset_imagenet100_64_beta_0.1_js_client_lmax1p00_tau0p85_tkd1p00_nofeat_canonical_seed0_r100.pkl
ImageNet100-64,beta_0.1,8,0.18252263963222504,3,/home/minss/fl/DXFL/logs/lambda/final/logs_js_client_ofat_extensions_seed0/dataset/imagenet100_64/imagenet100_64/beta_0.1/seed0/adaptive_js_client/imagenet100_64_dataset_imagenet100_64_beta_0.1_js_client_lmax1p00_tau0p85_tkd1p00_nofeat_canonical_seed0_r100.pkl
ImageNet100-64,beta_0.1,9,0.14741983016331991,3,/home/minss/fl/DXFL/logs/lambda/final/logs_js_client_ofat_extensions_seed0/dataset/imagenet100_64/imagenet100_64/beta_0.1/seed0/adaptive_js_client/imagenet100_64_dataset_imagenet100_64_beta_0.1_js_client_lmax1p00_tau0p85_tkd1p00_nofeat_canonical_seed0_r100.pkl
ImageNet100-64,beta_0.1,10,0.09504713863134384,1,/home/minss/fl/DXFL/logs/lambda/final/logs_js_client_ofat_extensions_seed0/dataset/imagenet100_64/imagenet100_64/beta_0.1/seed0/adaptive_js_client/imagenet100_64_dataset_imagenet100_64_beta_0.1_js_client_lmax1p00_tau0p85_tkd1p00_nofeat_canonical_seed0_r100.pkl
ImageNet100-64,beta_0.1,11,0.14455028374989828,3,/home/minss/fl/DXFL/logs/lambda/final/logs_js_client_ofat_extensions_seed0/dataset/imagenet100_64/imagenet100_64/beta_0.1/seed0/adaptive_js_client/imagenet100_64_dataset_imagenet100_64_beta_0.1_js_client_lmax1p00_tau0p85_tkd1p00_nofeat_canonical_seed0_r100.pkl
ImageNet100-64,beta_0.1,12,0.14913882315158844,3,/home/minss/fl/DXFL/logs/lambda/final/logs_js_client_ofat_extensions_seed0/dataset/imagenet100_64/imagenet100_64/beta_0.1/seed0/adaptive_js_client/imagenet100_64_dataset_imagenet100_64_beta_0.1_js_client_lmax1p00_tau0p85_tkd1p00_nofeat_canonical_seed0_r100.pkl
ImageNet100-64,beta_0.1,13,0.09258359670639038,2,/home/minss/fl/DXFL/logs/lambda/final/logs_js_client_ofat_extensions_seed0/dataset/imagenet100_64/imagenet100_64/beta_0.1/seed0/adaptive_js_client/imagenet100_64_dataset_imagenet100_64_beta_0.1_js_client_lmax1p00_tau0p85_tkd1p00_nofeat_canonical_seed0_r100.pkl
ImageNet100-64,beta_0.1,14,0.1246117576956749,1,/home/minss/fl/DXFL/logs/lambda/final/logs_js_client_ofat_extensions_seed0/dataset/imagenet100_64/imagenet100_64/beta_0.1/seed0/adaptive_js_client/imagenet100_64_dataset_imagenet100_64_beta_0.1_js_client_lmax1p00_tau0p85_tkd1p00_nofeat_canonical_seed0_r100.pkl
ImageNet100-64,beta_0.1,15,0.1725624923904737,6,/home/minss/fl/DXFL/logs/lambda/final/logs_js_client_ofat_extensions_seed0/dataset/imagenet100_64/imagenet100_64/beta_0.1/seed0/adaptive_js_client/imagenet100_64_dataset_imagenet100_64_beta_0.1_js_client_lmax1p00_tau0p85_tkd1p00_nofeat_canonical_seed0_r100.pkl
ImageNet100-64,beta_0.1,16,0.11709984764456749,2,/home/minss/fl/DXFL/logs/lambda/final/logs_js_client_ofat_extensions_seed0/dataset/imagenet100_64/imagenet100_64/beta_0.1/seed0/adaptive_js_client/imagenet100_64_dataset_imagenet100_64_beta_0.1_js_client_lmax1p00_tau0p85_tkd1p00_nofeat_canonical_seed0_r100.pkl
ImageNet100-64,beta_0.1,17,0.11538339033722878,2,/home/minss/fl/DXFL/logs/lambda/final/logs_js_client_ofat_extensions_seed0/dataset/imagenet100_64/imagenet100_64/beta_0.1/seed0/adaptive_js_client/imagenet100_64_dataset_imagenet100_64_beta_0.1_js_client_lmax1p00_tau0p85_tkd1p00_nofeat_canonical_seed0_r100.pkl
ImageNet100-64,beta_0.1,18,0.18002920349438986,3,/home/minss/fl/DXFL/logs/lambda/final/logs_js_client_ofat_extensions_seed0/dataset/imagenet100_64/imagenet100_64/beta_0.1/seed0/adaptive_js_client/imagenet100_64_dataset_imagenet100_64_beta_0.1_js_client_lmax1p00_tau0p85_tkd1p00_nofeat_canonical_seed0_r100.pkl
ImageNet100-64,beta_0.1,20,0.11131198207537334,3,/home/minss/fl/DXFL/logs/lambda/final/logs_js_client_ofat_extensions_seed0/dataset/imagenet100_64/imagenet100_64/beta_0.1/seed0/adaptive_js_client/imagenet100_64_dataset_imagenet100_64_beta_0.1_js_client_lmax1p00_tau0p85_tkd1p00_nofeat_canonical_seed0_r100.pkl
ImageNet100-64,beta_0.1,21,0.10740332305431366,1,/home/minss/fl/DXFL/logs/lambda/final/logs_js_client_ofat_extensions_seed0/dataset/imagenet100_64/imagenet100_64/beta_0.1/seed0/adaptive_js_client/imagenet100_64_dataset_imagenet100_64_beta_0.1_js_client_lmax1p00_tau0p85_tkd1p00_nofeat_canonical_seed0_r100.pkl
ImageNet100-64,beta_0.1,22,0.10370738804340363,1,/home/minss/fl/DXFL/logs/lambda/final/logs_js_client_ofat_extensions_seed0/dataset/imagenet100_64/imagenet100_64/beta_0.1/seed0/adaptive_js_client/imagenet100_64_dataset_imagenet100_64_beta_0.1_js_client_lmax1p00_tau0p85_tkd1p00_nofeat_canonical_seed0_r100.pkl
ImageNet100-64,beta_0.1,23,0.11496611684560776,1,/home/minss/fl/DXFL/logs/lambda/final/logs_js_client_ofat_extensions_seed0/dataset/imagenet100_64/imagenet100_64/beta_0.1/seed0/adaptive_js_client/imagenet100_64_dataset_imagenet100_64_beta_0.1_js_client_lmax1p00_tau0p85_tkd1p00_nofeat_canonical_seed0_r100.pkl
ImageNet100-64,beta_0.1,24,0.15123799815773964,4,/home/minss/fl/DXFL/logs/lambda/final/logs_js_client_ofat_extensions_seed0/dataset/imagenet100_64/imagenet100_64/beta_0.1/seed0/adaptive_js_client/imagenet100_64_dataset_imagenet100_64_beta_0.1_js_client_lmax1p00_tau0p85_tkd1p00_nofeat_canonical_seed0_r100.pkl
ImageNet100-64,beta_0.1,25,0.13173554465174675,2,/home/minss/fl/DXFL/logs/lambda/final/logs_js_client_ofat_extensions_seed0/dataset/imagenet100_64/imagenet100_64/beta_0.1/seed0/adaptive_js_client/imagenet100_64_dataset_imagenet100_64_beta_0.1_js_client_lmax1p00_tau0p85_tkd1p00_nofeat_canonical_seed0_r100.pkl
ImageNet100-64,beta_0.1,26,0.11654131561517715,5,/home/minss/fl/DXFL/logs/lambda/final/logs_js_client_ofat_extensions_seed0/dataset/imagenet100_64/imagenet100_64/beta_0.1/seed0/adaptive_js_client/imagenet100_64_dataset_imagenet100_64_beta_0.1_js_client_lmax1p00_tau0p85_tkd1p00_nofeat_canonical_seed0_r100.pkl
ImageNet100-64,beta_0.1,27,0.09537682309746742,4,/home/minss/fl/DXFL/logs/lambda/final/logs_js_client_ofat_extensions_seed0/dataset/imagenet100_64/imagenet100_64/beta_0.1/seed0/adaptive_js_client/imagenet100_64_dataset_imagenet100_64_beta_0.1_js_client_lmax1p00_tau0p85_tkd1p00_nofeat_canonical_seed0_r100.pkl
ImageNet100-64,beta_0.1,28,0.14505107700824738,3,/home/minss/fl/DXFL/logs/lambda/final/logs_js_client_ofat_extensions_seed0/dataset/imagenet100_64/imagenet100_64/beta_0.1/seed0/adaptive_js_client/imagenet100_64_dataset_imagenet100_64_beta_0.1_js_client_lmax1p00_tau0p85_tkd1p00_nofeat_canonical_seed0_r100.pkl
ImageNet100-64,beta_0.1,29,0.1413351222872734,2,/home/minss/fl/DXFL/logs/lambda/final/logs_js_client_ofat_extensions_seed0/dataset/imagenet100_64/imagenet100_64/beta_0.1/seed0/adaptive_js_client/imagenet100_64_dataset_imagenet100_64_beta_0.1_js_client_lmax1p00_tau0p85_tkd1p00_nofeat_canonical_seed0_r100.pkl
ImageNet100-64,beta_0.1,30,0.11389433033764362,4,/home/minss/fl/DXFL/logs/lambda/final/logs_js_client_ofat_extensions_seed0/dataset/imagenet100_64/imagenet100_64/beta_0.1/seed0/adaptive_js_client/imagenet100_64_dataset_imagenet100_64_beta_0.1_js_client_lmax1p00_tau0p85_tkd1p00_nofeat_canonical_seed0_r100.pkl
ImageNet100-64,beta_0.1,31,0.14332501590251923,4,/home/minss/fl/DXFL/logs/lambda/final/logs_js_client_ofat_extensions_seed0/dataset/imagenet100_64/imagenet100_64/beta_0.1/seed0/adaptive_js_client/imagenet100_64_dataset_imagenet100_64_beta_0.1_js_client_lmax1p00_tau0p85_tkd1p00_nofeat_canonical_seed0_r100.pkl
ImageNet100-64,beta_0.1,32,0.15550653636455536,2,/home/minss/fl/DXFL/logs/lambda/final/logs_js_client_ofat_extensions_seed0/dataset/imagenet100_64/imagenet100_64/beta_0.1/seed0/adaptive_js_client/imagenet100_64_dataset_imagenet100_64_beta_0.1_js_client_lmax1p00_tau0p85_tkd1p00_nofeat_canonical_seed0_r100.pkl
ImageNet100-64,beta_0.1,33,0.11449962854385376,1,/home/minss/fl/DXFL/logs/lambda/final/logs_js_client_ofat_extensions_seed0/dataset/imagenet100_64/imagenet100_64/beta_0.1/seed0/adaptive_js_client/imagenet100_64_dataset_imagenet100_64_beta_0.1_js_client_lmax1p00_tau0p85_tkd1p00_nofeat_canonical_seed0_r100.pkl
ImageNet100-64,beta_0.1,34,0.1632041037082672,2,/home/minss/fl/DXFL/logs/lambda/final/logs_js_client_ofat_extensions_seed0/dataset/imagenet100_64/imagenet100_64/beta_0.1/seed0/adaptive_js_client/imagenet100_64_dataset_imagenet100_64_beta_0.1_js_client_lmax1p00_tau0p85_tkd1p00_nofeat_canonical_seed0_r100.pkl
ImageNet100-64,beta_0.1,35,0.12312226742506027,3,/home/minss/fl/DXFL/logs/lambda/final/logs_js_client_ofat_extensions_seed0/dataset/imagenet100_64/imagenet100_64/beta_0.1/seed0/adaptive_js_client/imagenet100_64_dataset_imagenet100_64_beta_0.1_js_client_lmax1p00_tau0p85_tkd1p00_nofeat_canonical_seed0_r100.pkl
ImageNet100-64,beta_0.1,36,0.201960489153862,3,/home/minss/fl/DXFL/logs/lambda/final/logs_js_client_ofat_extensions_seed0/dataset/imagenet100_64/imagenet100_64/beta_0.1/seed0/adaptive_js_client/imagenet100_64_dataset_imagenet100_64_beta_0.1_js_client_lmax1p00_tau0p85_tkd1p00_nofeat_canonical_seed0_r100.pkl
ImageNet100-64,beta_0.1,37,0.13840565582116446,3,/home/minss/fl/DXFL/logs/lambda/final/logs_js_client_ofat_extensions_seed0/dataset/imagenet100_64/imagenet100_64/beta_0.1/seed0/adaptive_js_client/imagenet100_64_dataset_imagenet100_64_beta_0.1_js_client_lmax1p00_tau0p85_tkd1p00_nofeat_canonical_seed0_r100.pkl
ImageNet100-64,beta_0.1,38,0.125051220258077,3,/home/minss/fl/DXFL/logs/lambda/final/logs_js_client_ofat_extensions_seed0/dataset/imagenet100_64/imagenet100_64/beta_0.1/seed0/adaptive_js_client/imagenet100_64_dataset_imagenet100_64_beta_0.1_js_client_lmax1p00_tau0p85_tkd1p00_nofeat_canonical_seed0_r100.pkl
ImageNet100-64,beta_0.1,39,0.11059218148390453,3,/home/minss/fl/DXFL/logs/lambda/final/logs_js_client_ofat_extensions_seed0/dataset/imagenet100_64/imagenet100_64/beta_0.1/seed0/adaptive_js_client/imagenet100_64_dataset_imagenet100_64_beta_0.1_js_client_lmax1p00_tau0p85_tkd1p00_nofeat_canonical_seed0_r100.pkl
ImageNet100-64,beta_0.1,40,0.11488419026136398,3,/home/minss/fl/DXFL/logs/lambda/final/logs_js_client_ofat_extensions_seed0/dataset/imagenet100_64/imagenet100_64/beta_0.1/seed0/adaptive_js_client/imagenet100_64_dataset_imagenet100_64_beta_0.1_js_client_lmax1p00_tau0p85_tkd1p00_nofeat_canonical_seed0_r100.pkl
ImageNet100-64,beta_0.1,41,0.16043410450220108,2,/home/minss/fl/DXFL/logs/lambda/final/logs_js_client_ofat_extensions_seed0/dataset/imagenet100_64/imagenet100_64/beta_0.1/seed0/adaptive_js_client/imagenet100_64_dataset_imagenet100_64_beta_0.1_js_client_lmax1p00_tau0p85_tkd1p00_nofeat_canonical_seed0_r100.pkl
ImageNet100-64,beta_0.1,42,0.1492496281862259,2,/home/minss/fl/DXFL/logs/lambda/final/logs_js_client_ofat_extensions_seed0/dataset/imagenet100_64/imagenet100_64/beta_0.1/seed0/adaptive_js_client/imagenet100_64_dataset_imagenet100_64_beta_0.1_js_client_lmax1p00_tau0p85_tkd1p00_nofeat_canonical_seed0_r100.pkl
ImageNet100-64,beta_0.1,43,0.10041747614741325,2,/home/minss/fl/DXFL/logs/lambda/final/logs_js_client_ofat_extensions_seed0/dataset/imagenet100_64/imagenet100_64/beta_0.1/seed0/adaptive_js_client/imagenet100_64_dataset_imagenet100_64_beta_0.1_js_client_lmax1p00_tau0p85_tkd1p00_nofeat_canonical_seed0_r100.pkl
ImageNet100-64,beta_0.1,44,0.11308066546916962,4,/home/minss/fl/DXFL/logs/lambda/final/logs_js_client_ofat_extensions_seed0/dataset/imagenet100_64/imagenet100_64/beta_0.1/seed0/adaptive_js_client/imagenet100_64_dataset_imagenet100_64_beta_0.1_js_client_lmax1p00_tau0p85_tkd1p00_nofeat_canonical_seed0_r100.pkl
ImageNet100-64,beta_0.1,45,0.06846895068883896,3,/home/minss/fl/DXFL/logs/lambda/final/logs_js_client_ofat_extensions_seed0/dataset/imagenet100_64/imagenet100_64/beta_0.1/seed0/adaptive_js_client/imagenet100_64_dataset_imagenet100_64_beta_0.1_js_client_lmax1p00_tau0p85_tkd1p00_nofeat_canonical_seed0_r100.pkl
ImageNet100-64,beta_0.1,46,0.13628944754600525,1,/home/minss/fl/DXFL/logs/lambda/final/logs_js_client_ofat_extensions_seed0/dataset/imagenet100_64/imagenet100_64/beta_0.1/seed0/adaptive_js_client/imagenet100_64_dataset_imagenet100_64_beta_0.1_js_client_lmax1p00_tau0p85_tkd1p00_nofeat_canonical_seed0_r100.pkl
ImageNet100-64,beta_0.1,47,0.14872847497463226,1,/home/minss/fl/DXFL/logs/lambda/final/logs_js_client_ofat_extensions_seed0/dataset/imagenet100_64/imagenet100_64/beta_0.1/seed0/adaptive_js_client/imagenet100_64_dataset_imagenet100_64_beta_0.1_js_client_lmax1p00_tau0p85_tkd1p00_nofeat_canonical_seed0_r100.pkl
ImageNet100-64,beta_0.1,48,0.13092723488807678,1,/home/minss/fl/DXFL/logs/lambda/final/logs_js_client_ofat_extensions_seed0/dataset/imagenet100_64/imagenet100_64/beta_0.1/seed0/adaptive_js_client/imagenet100_64_dataset_imagenet100_64_beta_0.1_js_client_lmax1p00_tau0p85_tkd1p00_nofeat_canonical_seed0_r100.pkl
ImageNet100-64,beta_0.1,49,0.14100929349660873,2,/home/minss/fl/DXFL/logs/lambda/final/logs_js_client_ofat_extensions_seed0/dataset/imagenet100_64/imagenet100_64/beta_0.1/seed0/adaptive_js_client/imagenet100_64_dataset_imagenet100_64_beta_0.1_js_client_lmax1p00_tau0p85_tkd1p00_nofeat_canonical_seed0_r100.pkl
ImageNet100-64,beta_0.1,50,0.10450160875916481,2,/home/minss/fl/DXFL/logs/lambda/final/logs_js_client_ofat_extensions_seed0/dataset/imagenet100_64/imagenet100_64/beta_0.1/seed0/adaptive_js_client/imagenet100_64_dataset_imagenet100_64_beta_0.1_js_client_lmax1p00_tau0p85_tkd1p00_nofeat_canonical_seed0_r100.pkl
ImageNet100-64,beta_0.1,51,0.13074512158830962,6,/home/minss/fl/DXFL/logs/lambda/final/logs_js_client_ofat_extensions_seed0/dataset/imagenet100_64/imagenet100_64/beta_0.1/seed0/adaptive_js_client/imagenet100_64_dataset_imagenet100_64_beta_0.1_js_client_lmax1p00_tau0p85_tkd1p00_nofeat_canonical_seed0_r100.pkl
ImageNet100-64,beta_0.1,52,0.10851078480482101,2,/home/minss/fl/DXFL/logs/lambda/final/logs_js_client_ofat_extensions_seed0/dataset/imagenet100_64/imagenet100_64/beta_0.1/seed0/adaptive_js_client/imagenet100_64_dataset_imagenet100_64_beta_0.1_js_client_lmax1p00_tau0p85_tkd1p00_nofeat_canonical_seed0_r100.pkl
ImageNet100-64,beta_0.1,53,0.12675917893648148,3,/home/minss/fl/DXFL/logs/lambda/final/logs_js_client_ofat_extensions_seed0/dataset/imagenet100_64/imagenet100_64/beta_0.1/seed0/adaptive_js_client/imagenet100_64_dataset_imagenet100_64_beta_0.1_js_client_lmax1p00_tau0p85_tkd1p00_nofeat_canonical_seed0_r100.pkl
ImageNet100-64,beta_0.1,54,0.1276391620437304,6,/home/minss/fl/DXFL/logs/lambda/final/logs_js_client_ofat_extensions_seed0/dataset/imagenet100_64/imagenet100_64/beta_0.1/seed0/adaptive_js_client/imagenet100_64_dataset_imagenet100_64_beta_0.1_js_client_lmax1p00_tau0p85_tkd1p00_nofeat_canonical_seed0_r100.pkl
ImageNet100-64,beta_0.1,55,0.18986930698156357,4,/home/minss/fl/DXFL/logs/lambda/final/logs_js_client_ofat_extensions_seed0/dataset/imagenet100_64/imagenet100_64/beta_0.1/seed0/adaptive_js_client/imagenet100_64_dataset_imagenet100_64_beta_0.1_js_client_lmax1p00_tau0p85_tkd1p00_nofeat_canonical_seed0_r100.pkl
ImageNet100-64,beta_0.1,56,0.14950327575206757,2,/home/minss/fl/DXFL/logs/lambda/final/logs_js_client_ofat_extensions_seed0/dataset/imagenet100_64/imagenet100_64/beta_0.1/seed0/adaptive_js_client/imagenet100_64_dataset_imagenet100_64_beta_0.1_js_client_lmax1p00_tau0p85_tkd1p00_nofeat_canonical_seed0_r100.pkl
ImageNet100-64,beta_0.1,57,0.13159588128328323,5,/home/minss/fl/DXFL/logs/lambda/final/logs_js_client_ofat_extensions_seed0/dataset/imagenet100_64/imagenet100_64/beta_0.1/seed0/adaptive_js_client/imagenet100_64_dataset_imagenet100_64_beta_0.1_js_client_lmax1p00_tau0p85_tkd1p00_nofeat_canonical_seed0_r100.pkl
ImageNet100-64,beta_0.1,58,0.1854039654135704,4,/home/minss/fl/DXFL/logs/lambda/final/logs_js_client_ofat_extensions_seed0/dataset/imagenet100_64/imagenet100_64/beta_0.1/seed0/adaptive_js_client/imagenet100_64_dataset_imagenet100_64_beta_0.1_js_client_lmax1p00_tau0p85_tkd1p00_nofeat_canonical_seed0_r100.pkl
ImageNet100-64,beta_0.1,59,0.11276494562625886,5,/home/minss/fl/DXFL/logs/lambda/final/logs_js_client_ofat_extensions_seed0/dataset/imagenet100_64/imagenet100_64/beta_0.1/seed0/adaptive_js_client/imagenet100_64_dataset_imagenet100_64_beta_0.1_js_client_lmax1p00_tau0p85_tkd1p00_nofeat_canonical_seed0_r100.pkl
ImageNet100-64,beta_0.1,60,0.1622692823410034,5,/home/minss/fl/DXFL/logs/lambda/final/logs_js_client_ofat_extensions_seed0/dataset/imagenet100_64/imagenet100_64/beta_0.1/seed0/adaptive_js_client/imagenet100_64_dataset_imagenet100_64_beta_0.1_js_client_lmax1p00_tau0p85_tkd1p00_nofeat_canonical_seed0_r100.pkl
ImageNet100-64,beta_0.1,61,0.102242361754179,2,/home/minss/fl/DXFL/logs/lambda/final/logs_js_client_ofat_extensions_seed0/dataset/imagenet100_64/imagenet100_64/beta_0.1/seed0/adaptive_js_client/imagenet100_64_dataset_imagenet100_64_beta_0.1_js_client_lmax1p00_tau0p85_tkd1p00_nofeat_canonical_seed0_r100.pkl
ImageNet100-64,beta_0.1,62,0.17833489179611206,1,/home/minss/fl/DXFL/logs/lambda/final/logs_js_client_ofat_extensions_seed0/dataset/imagenet100_64/imagenet100_64/beta_0.1/seed0/adaptive_js_client/imagenet100_64_dataset_imagenet100_64_beta_0.1_js_client_lmax1p00_tau0p85_tkd1p00_nofeat_canonical_seed0_r100.pkl
ImageNet100-64,beta_0.1,63,0.13645810882250467,3,/home/minss/fl/DXFL/logs/lambda/final/logs_js_client_ofat_extensions_seed0/dataset/imagenet100_64/imagenet100_64/beta_0.1/seed0/adaptive_js_client/imagenet100_64_dataset_imagenet100_64_beta_0.1_js_client_lmax1p00_tau0p85_tkd1p00_nofeat_canonical_seed0_r100.pkl
ImageNet100-64,beta_0.1,64,0.18011556565761566,5,/home/minss/fl/DXFL/logs/lambda/final/logs_js_client_ofat_extensions_seed0/dataset/imagenet100_64/imagenet100_64/beta_0.1/seed0/adaptive_js_client/imagenet100_64_dataset_imagenet100_64_beta_0.1_js_client_lmax1p00_tau0p85_tkd1p00_nofeat_canonical_seed0_r100.pkl
ImageNet100-64,beta_0.1,65,0.17619942128658295,2,/home/minss/fl/DXFL/logs/lambda/final/logs_js_client_ofat_extensions_seed0/dataset/imagenet100_64/imagenet100_64/beta_0.1/seed0/adaptive_js_client/imagenet100_64_dataset_imagenet100_64_beta_0.1_js_client_lmax1p00_tau0p85_tkd1p00_nofeat_canonical_seed0_r100.pkl
ImageNet100-64,beta_0.1,66,0.10494408508141835,3,/home/minss/fl/DXFL/logs/lambda/final/logs_js_client_ofat_extensions_seed0/dataset/imagenet100_64/imagenet100_64/beta_0.1/seed0/adaptive_js_client/imagenet100_64_dataset_imagenet100_64_beta_0.1_js_client_lmax1p00_tau0p85_tkd1p00_nofeat_canonical_seed0_r100.pkl
ImageNet100-64,beta_0.1,67,0.15326769649982452,4,/home/minss/fl/DXFL/logs/lambda/final/logs_js_client_ofat_extensions_seed0/dataset/imagenet100_64/imagenet100_64/beta_0.1/seed0/adaptive_js_client/imagenet100_64_dataset_imagenet100_64_beta_0.1_js_client_lmax1p00_tau0p85_tkd1p00_nofeat_canonical_seed0_r100.pkl
ImageNet100-64,beta_0.1,68,0.1640594800313314,3,/home/minss/fl/DXFL/logs/lambda/final/logs_js_client_ofat_extensions_seed0/dataset/imagenet100_64/imagenet100_64/beta_0.1/seed0/adaptive_js_client/imagenet100_64_dataset_imagenet100_64_beta_0.1_js_client_lmax1p00_tau0p85_tkd1p00_nofeat_canonical_seed0_r100.pkl
ImageNet100-64,beta_0.1,69,0.15464848577976226,5,/home/minss/fl/DXFL/logs/lambda/final/logs_js_client_ofat_extensions_seed0/dataset/imagenet100_64/imagenet100_64/beta_0.1/seed0/adaptive_js_client/imagenet100_64_dataset_imagenet100_64_beta_0.1_js_client_lmax1p00_tau0p85_tkd1p00_nofeat_canonical_seed0_r100.pkl
ImageNet100-64,beta_0.1,70,0.09746745973825455,2,/home/minss/fl/DXFL/logs/lambda/final/logs_js_client_ofat_extensions_seed0/dataset/imagenet100_64/imagenet100_64/beta_0.1/seed0/adaptive_js_client/imagenet100_64_dataset_imagenet100_64_beta_0.1_js_client_lmax1p00_tau0p85_tkd1p00_nofeat_canonical_seed0_r100.pkl
ImageNet100-64,beta_0.1,71,0.15630048939159938,7,/home/minss/fl/DXFL/logs/lambda/final/logs_js_client_ofat_extensions_seed0/dataset/imagenet100_64/imagenet100_64/beta_0.1/seed0/adaptive_js_client/imagenet100_64_dataset_imagenet100_64_beta_0.1_js_client_lmax1p00_tau0p85_tkd1p00_nofeat_canonical_seed0_r100.pkl
ImageNet100-64,beta_0.1,72,0.15735609084367752,2,/home/minss/fl/DXFL/logs/lambda/final/logs_js_client_ofat_extensions_seed0/dataset/imagenet100_64/imagenet100_64/beta_0.1/seed0/adaptive_js_client/imagenet100_64_dataset_imagenet100_64_beta_0.1_js_client_lmax1p00_tau0p85_tkd1p00_nofeat_canonical_seed0_r100.pkl
ImageNet100-64,beta_0.1,73,0.11571269482374191,4,/home/minss/fl/DXFL/logs/lambda/final/logs_js_client_ofat_extensions_seed0/dataset/imagenet100_64/imagenet100_64/beta_0.1/seed0/adaptive_js_client/imagenet100_64_dataset_imagenet100_64_beta_0.1_js_client_lmax1p00_tau0p85_tkd1p00_nofeat_canonical_seed0_r100.pkl
ImageNet100-64,beta_0.1,74,0.1584969311952591,3,/home/minss/fl/DXFL/logs/lambda/final/logs_js_client_ofat_extensions_seed0/dataset/imagenet100_64/imagenet100_64/beta_0.1/seed0/adaptive_js_client/imagenet100_64_dataset_imagenet100_64_beta_0.1_js_client_lmax1p00_tau0p85_tkd1p00_nofeat_canonical_seed0_r100.pkl
ImageNet100-64,beta_0.1,75,0.1592842862010002,4,/home/minss/fl/DXFL/logs/lambda/final/logs_js_client_ofat_extensions_seed0/dataset/imagenet100_64/imagenet100_64/beta_0.1/seed0/adaptive_js_client/imagenet100_64_dataset_imagenet100_64_beta_0.1_js_client_lmax1p00_tau0p85_tkd1p00_nofeat_canonical_seed0_r100.pkl
ImageNet100-64,beta_0.1,76,0.12424588203430176,2,/home/minss/fl/DXFL/logs/lambda/final/logs_js_client_ofat_extensions_seed0/dataset/imagenet100_64/imagenet100_64/beta_0.1/seed0/adaptive_js_client/imagenet100_64_dataset_imagenet100_64_beta_0.1_js_client_lmax1p00_tau0p85_tkd1p00_nofeat_canonical_seed0_r100.pkl
ImageNet100-64,beta_0.1,77,0.19378871470689774,2,/home/minss/fl/DXFL/logs/lambda/final/logs_js_client_ofat_extensions_seed0/dataset/imagenet100_64/imagenet100_64/beta_0.1/seed0/adaptive_js_client/imagenet100_64_dataset_imagenet100_64_beta_0.1_js_client_lmax1p00_tau0p85_tkd1p00_nofeat_canonical_seed0_r100.pkl
ImageNet100-64,beta_0.1,78,0.16378194590409598,3,/home/minss/fl/DXFL/logs/lambda/final/logs_js_client_ofat_extensions_seed0/dataset/imagenet100_64/imagenet100_64/beta_0.1/seed0/adaptive_js_client/imagenet100_64_dataset_imagenet100_64_beta_0.1_js_client_lmax1p00_tau0p85_tkd1p00_nofeat_canonical_seed0_r100.pkl
ImageNet100-64,beta_0.1,79,0.10658081993460655,4,/home/minss/fl/DXFL/logs/lambda/final/logs_js_client_ofat_extensions_seed0/dataset/imagenet100_64/imagenet100_64/beta_0.1/seed0/adaptive_js_client/imagenet100_64_dataset_imagenet100_64_beta_0.1_js_client_lmax1p00_tau0p85_tkd1p00_nofeat_canonical_seed0_r100.pkl
ImageNet100-64,beta_0.1,80,0.13963207229971886,2,/home/minss/fl/DXFL/logs/lambda/final/logs_js_client_ofat_extensions_seed0/dataset/imagenet100_64/imagenet100_64/beta_0.1/seed0/adaptive_js_client/imagenet100_64_dataset_imagenet100_64_beta_0.1_js_client_lmax1p00_tau0p85_tkd1p00_nofeat_canonical_seed0_r100.pkl
ImageNet100-64,beta_0.1,81,0.11811832338571548,3,/home/minss/fl/DXFL/logs/lambda/final/logs_js_client_ofat_extensions_seed0/dataset/imagenet100_64/imagenet100_64/beta_0.1/seed0/adaptive_js_client/imagenet100_64_dataset_imagenet100_64_beta_0.1_js_client_lmax1p00_tau0p85_tkd1p00_nofeat_canonical_seed0_r100.pkl
ImageNet100-64,beta_0.1,82,0.15858469530940056,4,/home/minss/fl/DXFL/logs/lambda/final/logs_js_client_ofat_extensions_seed0/dataset/imagenet100_64/imagenet100_64/beta_0.1/seed0/adaptive_js_client/imagenet100_64_dataset_imagenet100_64_beta_0.1_js_client_lmax1p00_tau0p85_tkd1p00_nofeat_canonical_seed0_r100.pkl
ImageNet100-64,beta_0.1,83,0.16474932432174683,2,/home/minss/fl/DXFL/logs/lambda/final/logs_js_client_ofat_extensions_seed0/dataset/imagenet100_64/imagenet100_64/beta_0.1/seed0/adaptive_js_client/imagenet100_64_dataset_imagenet100_64_beta_0.1_js_client_lmax1p00_tau0p85_tkd1p00_nofeat_canonical_seed0_r100.pkl
ImageNet100-64,beta_0.1,84,0.14325799473694392,7,/home/minss/fl/DXFL/logs/lambda/final/logs_js_client_ofat_extensions_seed0/dataset/imagenet100_64/imagenet100_64/beta_0.1/seed0/adaptive_js_client/imagenet100_64_dataset_imagenet100_64_beta_0.1_js_client_lmax1p00_tau0p85_tkd1p00_nofeat_canonical_seed0_r100.pkl
ImageNet100-64,beta_0.1,85,0.12848209838072458,3,/home/minss/fl/DXFL/logs/lambda/final/logs_js_client_ofat_extensions_seed0/dataset/imagenet100_64/imagenet100_64/beta_0.1/seed0/adaptive_js_client/imagenet100_64_dataset_imagenet100_64_beta_0.1_js_client_lmax1p00_tau0p85_tkd1p00_nofeat_canonical_seed0_r100.pkl
ImageNet100-64,beta_0.1,86,0.10580986738204956,2,/home/minss/fl/DXFL/logs/lambda/final/logs_js_client_ofat_extensions_seed0/dataset/imagenet100_64/imagenet100_64/beta_0.1/seed0/adaptive_js_client/imagenet100_64_dataset_imagenet100_64_beta_0.1_js_client_lmax1p00_tau0p85_tkd1p00_nofeat_canonical_seed0_r100.pkl
ImageNet100-64,beta_0.1,87,0.16966929286718369,4,/home/minss/fl/DXFL/logs/lambda/final/logs_js_client_ofat_extensions_seed0/dataset/imagenet100_64/imagenet100_64/beta_0.1/seed0/adaptive_js_client/imagenet100_64_dataset_imagenet100_64_beta_0.1_js_client_lmax1p00_tau0p85_tkd1p00_nofeat_canonical_seed0_r100.pkl
ImageNet100-64,beta_0.1,88,0.15214470773935318,2,/home/minss/fl/DXFL/logs/lambda/final/logs_js_client_ofat_extensions_seed0/dataset/imagenet100_64/imagenet100_64/beta_0.1/seed0/adaptive_js_client/imagenet100_64_dataset_imagenet100_64_beta_0.1_js_client_lmax1p00_tau0p85_tkd1p00_nofeat_canonical_seed0_r100.pkl
ImageNet100-64,beta_0.1,89,0.1479785442352295,5,/home/minss/fl/DXFL/logs/lambda/final/logs_js_client_ofat_extensions_seed0/dataset/imagenet100_64/imagenet100_64/beta_0.1/seed0/adaptive_js_client/imagenet100_64_dataset_imagenet100_64_beta_0.1_js_client_lmax1p00_tau0p85_tkd1p00_nofeat_canonical_seed0_r100.pkl
ImageNet100-64,beta_0.1,90,0.15901204198598862,2,/home/minss/fl/DXFL/logs/lambda/final/logs_js_client_ofat_extensions_seed0/dataset/imagenet100_64/imagenet100_64/beta_0.1/seed0/adaptive_js_client/imagenet100_64_dataset_imagenet100_64_beta_0.1_js_client_lmax1p00_tau0p85_tkd1p00_nofeat_canonical_seed0_r100.pkl
ImageNet100-64,beta_0.1,91,0.17655999958515167,2,/home/minss/fl/DXFL/logs/lambda/final/logs_js_client_ofat_extensions_seed0/dataset/imagenet100_64/imagenet100_64/beta_0.1/seed0/adaptive_js_client/imagenet100_64_dataset_imagenet100_64_beta_0.1_js_client_lmax1p00_tau0p85_tkd1p00_nofeat_canonical_seed0_r100.pkl
ImageNet100-64,beta_0.1,92,0.12813659260670343,3,/home/minss/fl/DXFL/logs/lambda/final/logs_js_client_ofat_extensions_seed0/dataset/imagenet100_64/imagenet100_64/beta_0.1/seed0/adaptive_js_client/imagenet100_64_dataset_imagenet100_64_beta_0.1_js_client_lmax1p00_tau0p85_tkd1p00_nofeat_canonical_seed0_r100.pkl
ImageNet100-64,beta_0.1,93,0.11190557926893234,5,/home/minss/fl/DXFL/logs/lambda/final/logs_js_client_ofat_extensions_seed0/dataset/imagenet100_64/imagenet100_64/beta_0.1/seed0/adaptive_js_client/imagenet100_64_dataset_imagenet100_64_beta_0.1_js_client_lmax1p00_tau0p85_tkd1p00_nofeat_canonical_seed0_r100.pkl
ImageNet100-64,beta_0.1,94,0.18612485229969025,5,/home/minss/fl/DXFL/logs/lambda/final/logs_js_client_ofat_extensions_seed0/dataset/imagenet100_64/imagenet100_64/beta_0.1/seed0/adaptive_js_client/imagenet100_64_dataset_imagenet100_64_beta_0.1_js_client_lmax1p00_tau0p85_tkd1p00_nofeat_canonical_seed0_r100.pkl
ImageNet100-64,beta_0.1,95,0.14996478520333767,4,/home/minss/fl/DXFL/logs/lambda/final/logs_js_client_ofat_extensions_seed0/dataset/imagenet100_64/imagenet100_64/beta_0.1/seed0/adaptive_js_client/imagenet100_64_dataset_imagenet100_64_beta_0.1_js_client_lmax1p00_tau0p85_tkd1p00_nofeat_canonical_seed0_r100.pkl
ImageNet100-64,beta_0.1,96,0.07205557078123093,1,/home/minss/fl/DXFL/logs/lambda/final/logs_js_client_ofat_extensions_seed0/dataset/imagenet100_64/imagenet100_64/beta_0.1/seed0/adaptive_js_client/imagenet100_64_dataset_imagenet100_64_beta_0.1_js_client_lmax1p00_tau0p85_tkd1p00_nofeat_canonical_seed0_r100.pkl
ImageNet100-64,beta_0.1,97,0.1323290765285492,2,/home/minss/fl/DXFL/logs/lambda/final/logs_js_client_ofat_extensions_seed0/dataset/imagenet100_64/imagenet100_64/beta_0.1/seed0/adaptive_js_client/imagenet100_64_dataset_imagenet100_64_beta_0.1_js_client_lmax1p00_tau0p85_tkd1p00_nofeat_canonical_seed0_r100.pkl
ImageNet100-64,beta_0.1,98,0.1304016187787056,4,/home/minss/fl/DXFL/logs/lambda/final/logs_js_client_ofat_extensions_seed0/dataset/imagenet100_64/imagenet100_64/beta_0.1/seed0/adaptive_js_client/imagenet100_64_dataset_imagenet100_64_beta_0.1_js_client_lmax1p00_tau0p85_tkd1p00_nofeat_canonical_seed0_r100.pkl
ImageNet100-64,beta_0.1,99,0.19055776670575142,4,/home/minss/fl/DXFL/logs/lambda/final/logs_js_client_ofat_extensions_seed0/dataset/imagenet100_64/imagenet100_64/beta_0.1/seed0/adaptive_js_client/imagenet100_64_dataset_imagenet100_64_beta_0.1_js_client_lmax1p00_tau0p85_tkd1p00_nofeat_canonical_seed0_r100.pkl
