dataset,partition,round,mean_effective_lambda,smoothed_effective_lambda,source
CIFAR-100,iid,1,1.4968265915626943e-08,0.00010747473549126122,/home/minss/fl/DXFL/logs/lambda/adaptive/logs_js_granularity_temperature_canonical_no_feature/iid/seed0/js_client/cifar100_iid_js_client_tkd1p00_canonical_nofeat_seed0_r500.pkl
CIFAR-100,iid,2,1.637966818179848e-06,0.0001622465275849786,/home/minss/fl/DXFL/logs/lambda/adaptive/logs_js_granularity_temperature_canonical_no_feature/iid/seed0/js_client/cifar100_iid_js_client_tkd1p00_canonical_nofeat_seed0_r500.pkl
CIFAR-100,iid,3,7.346406937358551e-06,0.00023245398785287343,/home/minss/fl/DXFL/logs/lambda/adaptive/logs_js_granularity_temperature_canonical_no_feature/iid/seed0/js_client/cifar100_iid_js_client_tkd1p00_canonical_nofeat_seed0_r500.pkl
CIFAR-100,iid,4,7.08973460859852e-05,0.0003255505393659774,/home/minss/fl/DXFL/logs/lambda/adaptive/logs_js_granularity_temperature_canonical_no_feature/iid/seed0/js_client/cifar100_iid_js_client_tkd1p00_canonical_nofeat_seed0_r500.pkl
CIFAR-100,iid,5,0.0001751665913616307,0.00044664567659869663,/home/minss/fl/DXFL/logs/lambda/adaptive/logs_js_granularity_temperature_canonical_no_feature/iid/seed0/js_client/cifar100_iid_js_client_tkd1p00_canonical_nofeat_seed0_r500.pkl
CIFAR-100,iid,6,0.00027867778553627434,0.000593804382876731,/home/minss/fl/DXFL/logs/lambda/adaptive/logs_js_granularity_temperature_canonical_no_feature/iid/seed0/js_client/cifar100_iid_js_client_tkd1p00_canonical_nofeat_seed0_r500.pkl
CIFAR-100,iid,7,0.00042184977792203426,0.0007670056739502702,/home/minss/fl/DXFL/logs/lambda/adaptive/logs_js_granularity_temperature_canonical_no_feature/iid/seed0/js_client/cifar100_iid_js_client_tkd1p00_canonical_nofeat_seed0_r500.pkl
CIFAR-100,iid,8,0.0006564254115801304,0.0009704620064194338,/home/minss/fl/DXFL/logs/lambda/adaptive/logs_js_granularity_temperature_canonical_no_feature/iid/seed0/js_client/cifar100_iid_js_client_tkd1p00_canonical_nofeat_seed0_r500.pkl
CIFAR-100,iid,9,0.0008215918496716768,0.0012023087157172084,/home/minss/fl/DXFL/logs/lambda/adaptive/logs_js_granularity_temperature_canonical_no_feature/iid/seed0/js_client/cifar100_iid_js_client_tkd1p00_canonical_nofeat_seed0_r500.pkl
CIFAR-100,iid,10,0.0010531268722843378,0.0014987264184219383,/home/minss/fl/DXFL/logs/lambda/adaptive/logs_js_granularity_temperature_canonical_no_feature/iid/seed0/js_client/cifar100_iid_js_client_tkd1p00_canonical_nofeat_seed0_r500.pkl
CIFAR-100,iid,11,0.0013964632409624756,0.0018203408506087726,/home/minss/fl/DXFL/logs/lambda/adaptive/logs_js_granularity_temperature_canonical_no_feature/iid/seed0/js_client/cifar100_iid_js_client_tkd1p00_canonical_nofeat_seed0_r500.pkl
CIFAR-100,iid,12,0.0018164420267567038,0.0022074697994200203,/home/minss/fl/DXFL/logs/lambda/adaptive/logs_js_granularity_temperature_canonical_no_feature/iid/seed0/js_client/cifar100_iid_js_client_tkd1p00_canonical_nofeat_seed0_r500.pkl
CIFAR-100,iid,13,0.0022073955624364316,0.0025712709431536494,/home/minss/fl/DXFL/logs/lambda/adaptive/logs_js_granularity_temperature_canonical_no_feature/iid/seed0/js_client/cifar100_iid_js_client_tkd1p00_canonical_nofeat_seed0_r500.pkl
CIFAR-100,iid,14,0.0025980343343690038,0.0029746082483325153,/home/minss/fl/DXFL/logs/lambda/adaptive/logs_js_granularity_temperature_canonical_no_feature/iid/seed0/js_client/cifar100_iid_js_client_tkd1p00_canonical_nofeat_seed0_r500.pkl
CIFAR-100,iid,15,0.0030518599553033708,0.0034398761667155968,/home/minss/fl/DXFL/logs/lambda/adaptive/logs_js_granularity_temperature_canonical_no_feature/iid/seed0/js_client/cifar100_iid_js_client_tkd1p00_canonical_nofeat_seed0_r500.pkl
CIFAR-100,iid,16,0.0034777156077325346,0.003924702630999187,/home/minss/fl/DXFL/logs/lambda/adaptive/logs_js_granularity_temperature_canonical_no_feature/iid/seed0/js_client/cifar100_iid_js_client_tkd1p00_canonical_nofeat_seed0_r500.pkl
CIFAR-100,iid,17,0.0044479035073891286,0.004449427186433846,/home/minss/fl/DXFL/logs/lambda/adaptive/logs_js_granularity_temperature_canonical_no_feature/iid/seed0/js_client/cifar100_iid_js_client_tkd1p00_canonical_nofeat_seed0_r500.pkl
CIFAR-100,iid,18,0.004831562889739871,0.004988460129437347,/home/minss/fl/DXFL/logs/lambda/adaptive/logs_js_granularity_temperature_canonical_no_feature/iid/seed0/js_client/cifar100_iid_js_client_tkd1p00_canonical_nofeat_seed0_r500.pkl
CIFAR-100,iid,19,0.005877831578254699,0.005612197722463558,/home/minss/fl/DXFL/logs/lambda/adaptive/logs_js_granularity_temperature_canonical_no_feature/iid/seed0/js_client/cifar100_iid_js_client_tkd1p00_canonical_nofeat_seed0_r500.pkl
CIFAR-100,iid,20,0.005632183747366071,0.006301556609105319,/home/minss/fl/DXFL/logs/lambda/adaptive/logs_js_granularity_temperature_canonical_no_feature/iid/seed0/js_client/cifar100_iid_js_client_tkd1p00_canonical_nofeat_seed0_r500.pkl
CIFAR-100,iid,21,0.006328737363219261,0.006962561537511647,/home/minss/fl/DXFL/logs/lambda/adaptive/logs_js_granularity_temperature_canonical_no_feature/iid/seed0/js_client/cifar100_iid_js_client_tkd1p00_canonical_nofeat_seed0_r500.pkl
CIFAR-100,iid,22,0.00740086855366826,0.0076895359748353565,/home/minss/fl/DXFL/logs/lambda/adaptive/logs_js_granularity_temperature_canonical_no_feature/iid/seed0/js_client/cifar100_iid_js_client_tkd1p00_canonical_nofeat_seed0_r500.pkl
CIFAR-100,iid,23,0.007928822375833987,0.008378415615297855,/home/minss/fl/DXFL/logs/lambda/adaptive/logs_js_granularity_temperature_canonical_no_feature/iid/seed0/js_client/cifar100_iid_js_client_tkd1p00_canonical_nofeat_seed0_r500.pkl
CIFAR-100,iid,24,0.008692460181191564,0.00914862407837063,/home/minss/fl/DXFL/logs/lambda/adaptive/logs_js_granularity_temperature_canonical_no_feature/iid/seed0/js_client/cifar100_iid_js_client_tkd1p00_canonical_nofeat_seed0_r500.pkl
CIFAR-100,iid,25,0.009138621017336845,0.009921893859282134,/home/minss/fl/DXFL/logs/lambda/adaptive/logs_js_granularity_temperature_canonical_no_feature/iid/seed0/js_client/cifar100_iid_js_client_tkd1p00_canonical_nofeat_seed0_r500.pkl
CIFAR-100,iid,26,0.010752527136355638,0.010771026543031135,/home/minss/fl/DXFL/logs/lambda/adaptive/logs_js_granularity_temperature_canonical_no_feature/iid/seed0/js_client/cifar100_iid_js_client_tkd1p00_canonical_nofeat_seed0_r500.pkl
CIFAR-100,iid,27,0.012156825326383115,0.011673443410545587,/home/minss/fl/DXFL/logs/lambda/adaptive/logs_js_granularity_temperature_canonical_no_feature/iid/seed0/js_client/cifar100_iid_js_client_tkd1p00_canonical_nofeat_seed0_r500.pkl
CIFAR-100,iid,28,0.012122469488531351,0.01270554623566568,/home/minss/fl/DXFL/logs/lambda/adaptive/logs_js_granularity_temperature_canonical_no_feature/iid/seed0/js_client/cifar100_iid_js_client_tkd1p00_canonical_nofeat_seed0_r500.pkl
CIFAR-100,iid,29,0.013502650894224644,0.013780459131424625,/home/minss/fl/DXFL/logs/lambda/adaptive/logs_js_granularity_temperature_canonical_no_feature/iid/seed0/js_client/cifar100_iid_js_client_tkd1p00_canonical_nofeat_seed0_r500.pkl
CIFAR-100,iid,30,0.01338505456224084,0.01481465914286673,/home/minss/fl/DXFL/logs/lambda/adaptive/logs_js_granularity_temperature_canonical_no_feature/iid/seed0/js_client/cifar100_iid_js_client_tkd1p00_canonical_nofeat_seed0_r500.pkl
CIFAR-100,iid,31,0.015030842553824187,0.015909589972967902,/home/minss/fl/DXFL/logs/lambda/adaptive/logs_js_granularity_temperature_canonical_no_feature/iid/seed0/js_client/cifar100_iid_js_client_tkd1p00_canonical_nofeat_seed0_r500.pkl
CIFAR-100,iid,32,0.016046950221061708,0.016961001375069222,/home/minss/fl/DXFL/logs/lambda/adaptive/logs_js_granularity_temperature_canonical_no_feature/iid/seed0/js_client/cifar100_iid_js_client_tkd1p00_canonical_nofeat_seed0_r500.pkl
CIFAR-100,iid,33,0.017568553145974875,0.018033914410819613,/home/minss/fl/DXFL/logs/lambda/adaptive/logs_js_granularity_temperature_canonical_no_feature/iid/seed0/js_client/cifar100_iid_js_client_tkd1p00_canonical_nofeat_seed0_r500.pkl
CIFAR-100,iid,34,0.01941408459097147,0.01907430451363325,/home/minss/fl/DXFL/logs/lambda/adaptive/logs_js_granularity_temperature_canonical_no_feature/iid/seed0/js_client/cifar100_iid_js_client_tkd1p00_canonical_nofeat_seed0_r500.pkl
CIFAR-100,iid,35,0.021113726124167443,0.02009813766926527,/home/minss/fl/DXFL/logs/lambda/adaptive/logs_js_granularity_temperature_canonical_no_feature/iid/seed0/js_client/cifar100_iid_js_client_tkd1p00_canonical_nofeat_seed0_r500.pkl
CIFAR-100,iid,36,0.022452430799603462,0.021403012343992788,/home/minss/fl/DXFL/logs/lambda/adaptive/logs_js_granularity_temperature_canonical_no_feature/iid/seed0/js_client/cifar100_iid_js_client_tkd1p00_canonical_nofeat_seed0_r500.pkl
CIFAR-100,iid,37,0.022913868725299835,0.022711013400306304,/home/minss/fl/DXFL/logs/lambda/adaptive/logs_js_granularity_temperature_canonical_no_feature/iid/seed0/js_client/cifar100_iid_js_client_tkd1p00_canonical_nofeat_seed0_r500.pkl
CIFAR-100,iid,38,0.02435278482735157,0.024132144525647162,/home/minss/fl/DXFL/logs/lambda/adaptive/logs_js_granularity_temperature_canonical_no_feature/iid/seed0/js_client/cifar100_iid_js_client_tkd1p00_canonical_nofeat_seed0_r500.pkl
CIFAR-100,iid,39,0.024463631212711334,0.025479830261319874,/home/minss/fl/DXFL/logs/lambda/adaptive/logs_js_granularity_temperature_canonical_no_feature/iid/seed0/js_client/cifar100_iid_js_client_tkd1p00_canonical_nofeat_seed0_r500.pkl
CIFAR-100,iid,40,0.025232316553592683,0.026802873791505893,/home/minss/fl/DXFL/logs/lambda/adaptive/logs_js_granularity_temperature_canonical_no_feature/iid/seed0/js_client/cifar100_iid_js_client_tkd1p00_canonical_nofeat_seed0_r500.pkl
CIFAR-100,iid,41,0.02635837867856026,0.02807432319968939,/home/minss/fl/DXFL/logs/lambda/adaptive/logs_js_granularity_temperature_canonical_no_feature/iid/seed0/js_client/cifar100_iid_js_client_tkd1p00_canonical_nofeat_seed0_r500.pkl
CIFAR-100,iid,42,0.0275143226608634,0.02919912171860536,/home/minss/fl/DXFL/logs/lambda/adaptive/logs_js_granularity_temperature_canonical_no_feature/iid/seed0/js_client/cifar100_iid_js_client_tkd1p00_canonical_nofeat_seed0_r500.pkl
CIFAR-100,iid,43,0.031695589609444144,0.03036049748460452,/home/minss/fl/DXFL/logs/lambda/adaptive/logs_js_granularity_temperature_canonical_no_feature/iid/seed0/js_client/cifar100_iid_js_client_tkd1p00_canonical_nofeat_seed0_r500.pkl
CIFAR-100,iid,44,0.033122666738927366,0.03150422985355059,/home/minss/fl/DXFL/logs/lambda/adaptive/logs_js_granularity_temperature_canonical_no_feature/iid/seed0/js_client/cifar100_iid_js_client_tkd1p00_canonical_nofeat_seed0_r500.pkl
CIFAR-100,iid,45,0.03470202144235372,0.03265247526268164,/home/minss/fl/DXFL/logs/lambda/adaptive/logs_js_granularity_temperature_canonical_no_feature/iid/seed0/js_client/cifar100_iid_js_client_tkd1p00_canonical_nofeat_seed0_r500.pkl
CIFAR-100,iid,46,0.03524612858891487,0.03366589670379956,/home/minss/fl/DXFL/logs/lambda/adaptive/logs_js_granularity_temperature_canonical_no_feature/iid/seed0/js_client/cifar100_iid_js_client_tkd1p00_canonical_nofeat_seed0_r500.pkl
CIFAR-100,iid,47,0.03589260317385197,0.03514150577286879,/home/minss/fl/DXFL/logs/lambda/adaptive/logs_js_granularity_temperature_canonical_no_feature/iid/seed0/js_client/cifar100_iid_js_client_tkd1p00_canonical_nofeat_seed0_r500.pkl
CIFAR-100,iid,48,0.0366402942687273,0.036656645710269616,/home/minss/fl/DXFL/logs/lambda/adaptive/logs_js_granularity_temperature_canonical_no_feature/iid/seed0/js_client/cifar100_iid_js_client_tkd1p00_canonical_nofeat_seed0_r500.pkl
CIFAR-100,iid,49,0.036286062374711034,0.037963344280918444,/home/minss/fl/DXFL/logs/lambda/adaptive/logs_js_granularity_temperature_canonical_no_feature/iid/seed0/js_client/cifar100_iid_js_client_tkd1p00_canonical_nofeat_seed0_r500.pkl
CIFAR-100,iid,50,0.03853436261415481,0.03922774643947681,/home/minss/fl/DXFL/logs/lambda/adaptive/logs_js_granularity_temperature_canonical_no_feature/iid/seed0/js_client/cifar100_iid_js_client_tkd1p00_canonical_nofeat_seed0_r500.pkl
CIFAR-100,iid,51,0.0396084163337946,0.040482174629966415,/home/minss/fl/DXFL/logs/lambda/adaptive/logs_js_granularity_temperature_canonical_no_feature/iid/seed0/js_client/cifar100_iid_js_client_tkd1p00_canonical_nofeat_seed0_r500.pkl
CIFAR-100,iid,52,0.04013754986226559,0.04162882418682178,/home/minss/fl/DXFL/logs/lambda/adaptive/logs_js_granularity_temperature_canonical_no_feature/iid/seed0/js_client/cifar100_iid_js_client_tkd1p00_canonical_nofeat_seed0_r500.pkl
CIFAR-100,iid,53,0.039554106444120406,0.04269100775321325,/home/minss/fl/DXFL/logs/lambda/adaptive/logs_js_granularity_temperature_canonical_no_feature/iid/seed0/js_client/cifar100_iid_js_client_tkd1p00_canonical_nofeat_seed0_r500.pkl
CIFAR-100,iid,54,0.046597767248749734,0.04380922794342041,/home/minss/fl/DXFL/logs/lambda/adaptive/logs_js_granularity_temperature_canonical_no_feature/iid/seed0/js_client/cifar100_iid_js_client_tkd1p00_canonical_nofeat_seed0_r500.pkl
CIFAR-100,iid,55,0.04795941561460495,0.04509754660228888,/home/minss/fl/DXFL/logs/lambda/adaptive/logs_js_granularity_temperature_canonical_no_feature/iid/seed0/js_client/cifar100_iid_js_client_tkd1p00_canonical_nofeat_seed0_r500.pkl
CIFAR-100,iid,56,0.0459588572382927,0.04654325790703297,/home/minss/fl/DXFL/logs/lambda/adaptive/logs_js_granularity_temperature_canonical_no_feature/iid/seed0/js_client/cifar100_iid_js_client_tkd1p00_canonical_nofeat_seed0_r500.pkl
CIFAR-100,iid,57,0.04648035503923893,0.04802644903461138,/home/minss/fl/DXFL/logs/lambda/adaptive/logs_js_granularity_temperature_canonical_no_feature/iid/seed0/js_client/cifar100_iid_js_client_tkd1p00_canonical_nofeat_seed0_r500.pkl
CIFAR-100,iid,58,0.05051201246678829,0.049429064989089964,/home/minss/fl/DXFL/logs/lambda/adaptive/logs_js_granularity_temperature_canonical_no_feature/iid/seed0/js_client/cifar100_iid_js_client_tkd1p00_canonical_nofeat_seed0_r500.pkl
CIFAR-100,iid,59,0.05032241009175777,0.05077481001615524,/home/minss/fl/DXFL/logs/lambda/adaptive/logs_js_granularity_temperature_canonical_no_feature/iid/seed0/js_client/cifar100_iid_js_client_tkd1p00_canonical_nofeat_seed0_r500.pkl
CIFAR-100,iid,60,0.05063477493822575,0.0524231281876564,/home/minss/fl/DXFL/logs/lambda/adaptive/logs_js_granularity_temperature_canonical_no_feature/iid/seed0/js_client/cifar100_iid_js_client_tkd1p00_canonical_nofeat_seed0_r500.pkl
CIFAR-100,iid,61,0.052019431442022326,0.05405660102764765,/home/minss/fl/DXFL/logs/lambda/adaptive/logs_js_granularity_temperature_canonical_no_feature/iid/seed0/js_client/cifar100_iid_js_client_tkd1p00_canonical_nofeat_seed0_r500.pkl
CIFAR-100,iid,62,0.055217383056879045,0.05523705472548803,/home/minss/fl/DXFL/logs/lambda/adaptive/logs_js_granularity_temperature_canonical_no_feature/iid/seed0/js_client/cifar100_iid_js_client_tkd1p00_canonical_nofeat_seed0_r500.pkl
CIFAR-100,iid,63,0.05832596383988857,0.05638273504873117,/home/minss/fl/DXFL/logs/lambda/adaptive/logs_js_granularity_temperature_canonical_no_feature/iid/seed0/js_client/cifar100_iid_js_client_tkd1p00_canonical_nofeat_seed0_r500.pkl
CIFAR-100,iid,64,0.0585339292883873,0.057781292845805486,/home/minss/fl/DXFL/logs/lambda/adaptive/logs_js_granularity_temperature_canonical_no_feature/iid/seed0/js_client/cifar100_iid_js_client_tkd1p00_canonical_nofeat_seed0_r500.pkl
CIFAR-100,iid,65,0.05957360193133354,0.05927740002671878,/home/minss/fl/DXFL/logs/lambda/adaptive/logs_js_granularity_temperature_canonical_no_feature/iid/seed0/js_client/cifar100_iid_js_client_tkd1p00_canonical_nofeat_seed0_r500.pkl
CIFAR-100,iid,66,0.05979459173977375,0.060553187206387526,/home/minss/fl/DXFL/logs/lambda/adaptive/logs_js_granularity_temperature_canonical_no_feature/iid/seed0/js_client/cifar100_iid_js_client_tkd1p00_canonical_nofeat_seed0_r500.pkl
CIFAR-100,iid,67,0.06486232243478299,0.06191960642735164,/home/minss/fl/DXFL/logs/lambda/adaptive/logs_js_granularity_temperature_canonical_no_feature/iid/seed0/js_client/cifar100_iid_js_client_tkd1p00_canonical_nofeat_seed0_r500.pkl
CIFAR-100,iid,68,0.06405619904398918,0.06356803146501383,/home/minss/fl/DXFL/logs/lambda/adaptive/logs_js_granularity_temperature_canonical_no_feature/iid/seed0/js_client/cifar100_iid_js_client_tkd1p00_canonical_nofeat_seed0_r500.pkl
CIFAR-100,iid,69,0.06430457271635533,0.06482338157792886,/home/minss/fl/DXFL/logs/lambda/adaptive/logs_js_granularity_temperature_canonical_no_feature/iid/seed0/js_client/cifar100_iid_js_client_tkd1p00_canonical_nofeat_seed0_r500.pkl
CIFAR-100,iid,70,0.06514462046325206,0.06652708289523919,/home/minss/fl/DXFL/logs/lambda/adaptive/logs_js_granularity_temperature_canonical_no_feature/iid/seed0/js_client/cifar100_iid_js_client_tkd1p00_canonical_nofeat_seed0_r500.pkl
CIFAR-100,iid,71,0.06693722419440747,0.0679472612341245,/home/minss/fl/DXFL/logs/lambda/adaptive/logs_js_granularity_temperature_canonical_no_feature/iid/seed0/js_client/cifar100_iid_js_client_tkd1p00_canonical_nofeat_seed0_r500.pkl
CIFAR-100,iid,72,0.06892196275293827,0.06911014343301455,/home/minss/fl/DXFL/logs/lambda/adaptive/logs_js_granularity_temperature_canonical_no_feature/iid/seed0/js_client/cifar100_iid_js_client_tkd1p00_canonical_nofeat_seed0_r500.pkl
CIFAR-100,iid,73,0.06964882016181946,0.07037937755386035,/home/minss/fl/DXFL/logs/lambda/adaptive/logs_js_granularity_temperature_canonical_no_feature/iid/seed0/js_client/cifar100_iid_js_client_tkd1p00_canonical_nofeat_seed0_r500.pkl
CIFAR-100,iid,74,0.07081869840621949,0.0718059886743625,/home/minss/fl/DXFL/logs/lambda/adaptive/logs_js_granularity_temperature_canonical_no_feature/iid/seed0/js_client/cifar100_iid_js_client_tkd1p00_canonical_nofeat_seed0_r500.pkl
CIFAR-100,iid,75,0.07536115050315857,0.073286122828722,/home/minss/fl/DXFL/logs/lambda/adaptive/logs_js_granularity_temperature_canonical_no_feature/iid/seed0/js_client/cifar100_iid_js_client_tkd1p00_canonical_nofeat_seed0_r500.pkl
CIFAR-100,iid,76,0.07084968313574791,0.07474437500039738,/home/minss/fl/DXFL/logs/lambda/adaptive/logs_js_granularity_temperature_canonical_no_feature/iid/seed0/js_client/cifar100_iid_js_client_tkd1p00_canonical_nofeat_seed0_r500.pkl
CIFAR-100,iid,77,0.08077290281653404,0.07649917023877303,/home/minss/fl/DXFL/logs/lambda/adaptive/logs_js_granularity_temperature_canonical_no_feature/iid/seed0/js_client/cifar100_iid_js_client_tkd1p00_canonical_nofeat_seed0_r500.pkl
CIFAR-100,iid,78,0.07962863892316818,0.07811193933089575,/home/minss/fl/DXFL/logs/lambda/adaptive/logs_js_granularity_temperature_canonical_no_feature/iid/seed0/js_client/cifar100_iid_js_client_tkd1p00_canonical_nofeat_seed0_r500.pkl
CIFAR-100,iid,79,0.07597716227173805,0.07956878987451393,/home/minss/fl/DXFL/logs/lambda/adaptive/logs_js_granularity_temperature_canonical_no_feature/iid/seed0/js_client/cifar100_iid_js_client_tkd1p00_canonical_nofeat_seed0_r500.pkl
CIFAR-100,iid,80,0.07861211374402047,0.08129020621379215,/home/minss/fl/DXFL/logs/lambda/adaptive/logs_js_granularity_temperature_canonical_no_feature/iid/seed0/js_client/cifar100_iid_js_client_tkd1p00_canonical_nofeat_seed0_r500.pkl
CIFAR-100,iid,81,0.08119375854730607,0.08301470369100569,/home/minss/fl/DXFL/logs/lambda/adaptive/logs_js_granularity_temperature_canonical_no_feature/iid/seed0/js_client/cifar100_iid_js_client_tkd1p00_canonical_nofeat_seed0_r500.pkl
CIFAR-100,iid,82,0.08706433475017547,0.08435606464743614,/home/minss/fl/DXFL/logs/lambda/adaptive/logs_js_granularity_temperature_canonical_no_feature/iid/seed0/js_client/cifar100_iid_js_client_tkd1p00_canonical_nofeat_seed0_r500.pkl
CIFAR-100,iid,83,0.08592998161911965,0.08552320952216784,/home/minss/fl/DXFL/logs/lambda/adaptive/logs_js_granularity_temperature_canonical_no_feature/iid/seed0/js_client/cifar100_iid_js_client_tkd1p00_canonical_nofeat_seed0_r500.pkl
CIFAR-100,iid,84,0.09062650129199028,0.08692327688137691,/home/minss/fl/DXFL/logs/lambda/adaptive/logs_js_granularity_temperature_canonical_no_feature/iid/seed0/js_client/cifar100_iid_js_client_tkd1p00_canonical_nofeat_seed0_r500.pkl
CIFAR-100,iid,85,0.08933615684509277,0.08747876559694609,/home/minss/fl/DXFL/logs/lambda/adaptive/logs_js_granularity_temperature_canonical_no_feature/iid/seed0/js_client/cifar100_iid_js_client_tkd1p00_canonical_nofeat_seed0_r500.pkl
CIFAR-100,iid,86,0.08878998234868049,0.0888540146748225,/home/minss/fl/DXFL/logs/lambda/adaptive/logs_js_granularity_temperature_canonical_no_feature/iid/seed0/js_client/cifar100_iid_js_client_tkd1p00_canonical_nofeat_seed0_r500.pkl
CIFAR-100,iid,87,0.09474320784211158,0.09062516863147417,/home/minss/fl/DXFL/logs/lambda/adaptive/logs_js_granularity_temperature_canonical_no_feature/iid/seed0/js_client/cifar100_iid_js_client_tkd1p00_canonical_nofeat_seed0_r500.pkl
CIFAR-100,iid,88,0.09551628232002259,0.09248331477244694,/home/minss/fl/DXFL/logs/lambda/adaptive/logs_js_granularity_temperature_canonical_no_feature/iid/seed0/js_client/cifar100_iid_js_client_tkd1p00_canonical_nofeat_seed0_r500.pkl
CIFAR-100,iid,89,0.09093911275267601,0.09387602244814237,/home/minss/fl/DXFL/logs/lambda/adaptive/logs_js_granularity_temperature_canonical_no_feature/iid/seed0/js_client/cifar100_iid_js_client_tkd1p00_canonical_nofeat_seed0_r500.pkl
CIFAR-100,iid,90,0.09286832362413407,0.09473164821664493,/home/minss/fl/DXFL/logs/lambda/adaptive/logs_js_granularity_temperature_canonical_no_feature/iid/seed0/js_client/cifar100_iid_js_client_tkd1p00_canonical_nofeat_seed0_r500.pkl
CIFAR-100,iid,91,0.09185069352388382,0.09592383404572806,/home/minss/fl/DXFL/logs/lambda/adaptive/logs_js_granularity_temperature_canonical_no_feature/iid/seed0/js_client/cifar100_iid_js_client_tkd1p00_canonical_nofeat_seed0_r500.pkl
CIFAR-100,iid,92,0.08910523355007172,0.09690451870361964,/home/minss/fl/DXFL/logs/lambda/adaptive/logs_js_granularity_temperature_canonical_no_feature/iid/seed0/js_client/cifar100_iid_js_client_tkd1p00_canonical_nofeat_seed0_r500.pkl
CIFAR-100,iid,93,0.10025737509131431,0.09821369086702665,/home/minss/fl/DXFL/logs/lambda/adaptive/logs_js_granularity_temperature_canonical_no_feature/iid/seed0/js_client/cifar100_iid_js_client_tkd1p00_canonical_nofeat_seed0_r500.pkl
CIFAR-100,iid,94,0.10254447162151337,0.09917932013670605,/home/minss/fl/DXFL/logs/lambda/adaptive/logs_js_granularity_temperature_canonical_no_feature/iid/seed0/js_client/cifar100_iid_js_client_tkd1p00_canonical_nofeat_seed0_r500.pkl
CIFAR-100,iid,95,0.10648430585861206,0.09999785686532657,/home/minss/fl/DXFL/logs/lambda/adaptive/logs_js_granularity_temperature_canonical_no_feature/iid/seed0/js_client/cifar100_iid_js_client_tkd1p00_canonical_nofeat_seed0_r500.pkl
CIFAR-100,iid,96,0.10208437368273734,0.10155098219712576,/home/minss/fl/DXFL/logs/lambda/adaptive/logs_js_granularity_temperature_canonical_no_feature/iid/seed0/js_client/cifar100_iid_js_client_tkd1p00_canonical_nofeat_seed0_r500.pkl
CIFAR-100,iid,97,0.09989872127771378,0.1031595618526141,/home/minss/fl/DXFL/logs/lambda/adaptive/logs_js_granularity_temperature_canonical_no_feature/iid/seed0/js_client/cifar100_iid_js_client_tkd1p00_canonical_nofeat_seed0_r500.pkl
CIFAR-100,iid,98,0.10381276905536652,0.10448905492822329,/home/minss/fl/DXFL/logs/lambda/adaptive/logs_js_granularity_temperature_canonical_no_feature/iid/seed0/js_client/cifar100_iid_js_client_tkd1p00_canonical_nofeat_seed0_r500.pkl
CIFAR-100,iid,99,0.10533677116036415,0.10561647708217302,/home/minss/fl/DXFL/logs/lambda/adaptive/logs_js_granularity_temperature_canonical_no_feature/iid/seed0/js_client/cifar100_iid_js_client_tkd1p00_canonical_nofeat_seed0_r500.pkl
CIFAR-100,iid,100,0.10897373929619789,0.10707811236381529,/home/minss/fl/DXFL/logs/lambda/adaptive/logs_js_granularity_temperature_canonical_no_feature/iid/seed0/js_client/cifar100_iid_js_client_tkd1p00_canonical_nofeat_seed0_r500.pkl
CIFAR-100,iid,101,0.1032744213938713,0.1075158357620239,/home/minss/fl/DXFL/logs/lambda/adaptive/logs_js_granularity_temperature_canonical_no_feature/iid/seed0/js_client/cifar100_iid_js_client_tkd1p00_canonical_nofeat_seed0_r500.pkl
CIFAR-100,iid,102,0.10702125877141952,0.10731901158889134,/home/minss/fl/DXFL/logs/lambda/adaptive/logs_js_granularity_temperature_canonical_no_feature/iid/seed0/js_client/cifar100_iid_js_client_tkd1p00_canonical_nofeat_seed0_r500.pkl
CIFAR-100,iid,103,0.11881316229701042,0.10738106369972228,/home/minss/fl/DXFL/logs/lambda/adaptive/logs_js_granularity_temperature_canonical_no_feature/iid/seed0/js_client/cifar100_iid_js_client_tkd1p00_canonical_nofeat_seed0_r500.pkl
CIFAR-100,iid,104,0.11506780758500099,0.10818542942404748,/home/minss/fl/DXFL/logs/lambda/adaptive/logs_js_granularity_temperature_canonical_no_feature/iid/seed0/js_client/cifar100_iid_js_client_tkd1p00_canonical_nofeat_seed0_r500.pkl
CIFAR-100,iid,105,0.11281071975827217,0.1088598052163919,/home/minss/fl/DXFL/logs/lambda/adaptive/logs_js_granularity_temperature_canonical_no_feature/iid/seed0/js_client/cifar100_iid_js_client_tkd1p00_canonical_nofeat_seed0_r500.pkl
CIFAR-100,iid,106,0.10876202583312988,0.10988558833797774,/home/minss/fl/DXFL/logs/lambda/adaptive/logs_js_granularity_temperature_canonical_no_feature/iid/seed0/js_client/cifar100_iid_js_client_tkd1p00_canonical_nofeat_seed0_r500.pkl
CIFAR-100,iid,107,0.11102976277470589,0.11073618685205779,/home/minss/fl/DXFL/logs/lambda/adaptive/logs_js_granularity_temperature_canonical_no_feature/iid/seed0/js_client/cifar100_iid_js_client_tkd1p00_canonical_nofeat_seed0_r500.pkl
CIFAR-100,iid,108,0.10682322606444358,0.11140938177704812,/home/minss/fl/DXFL/logs/lambda/adaptive/logs_js_granularity_temperature_canonical_no_feature/iid/seed0/js_client/cifar100_iid_js_client_tkd1p00_canonical_nofeat_seed0_r500.pkl
CIFAR-100,iid,109,0.09959210902452469,0.11241586888829867,/home/minss/fl/DXFL/logs/lambda/adaptive/logs_js_granularity_temperature_canonical_no_feature/iid/seed0/js_client/cifar100_iid_js_client_tkd1p00_canonical_nofeat_seed0_r500.pkl
CIFAR-100,iid,110,0.1074150875210762,0.11352900659044582,/home/minss/fl/DXFL/logs/lambda/adaptive/logs_js_granularity_temperature_canonical_no_feature/iid/seed0/js_client/cifar100_iid_js_client_tkd1p00_canonical_nofeat_seed0_r500.pkl
CIFAR-100,iid,111,0.11414985954761506,0.11438655932744342,/home/minss/fl/DXFL/logs/lambda/adaptive/logs_js_granularity_temperature_canonical_no_feature/iid/seed0/js_client/cifar100_iid_js_client_tkd1p00_canonical_nofeat_seed0_r500.pkl
CIFAR-100,iid,112,0.11001435816287994,0.11528670464952785,/home/minss/fl/DXFL/logs/lambda/adaptive/logs_js_granularity_temperature_canonical_no_feature/iid/seed0/js_client/cifar100_iid_js_client_tkd1p00_canonical_nofeat_seed0_r500.pkl
CIFAR-100,iid,113,0.1191995158791542,0.11656117384632428,/home/minss/fl/DXFL/logs/lambda/adaptive/logs_js_granularity_temperature_canonical_no_feature/iid/seed0/js_client/cifar100_iid_js_client_tkd1p00_canonical_nofeat_seed0_r500.pkl
CIFAR-100,iid,114,0.11809574887156486,0.11811067144076028,/home/minss/fl/DXFL/logs/lambda/adaptive/logs_js_granularity_temperature_canonical_no_feature/iid/seed0/js_client/cifar100_iid_js_client_tkd1p00_canonical_nofeat_seed0_r500.pkl
CIFAR-100,iid,115,0.11907166317105293,0.11932673717538514,/home/minss/fl/DXFL/logs/lambda/adaptive/logs_js_granularity_temperature_canonical_no_feature/iid/seed0/js_client/cifar100_iid_js_client_tkd1p00_canonical_nofeat_seed0_r500.pkl
CIFAR-100,iid,116,0.1183717280626297,0.12056992590427398,/home/minss/fl/DXFL/logs/lambda/adaptive/logs_js_granularity_temperature_canonical_no_feature/iid/seed0/js_client/cifar100_iid_js_client_tkd1p00_canonical_nofeat_seed0_r500.pkl
CIFAR-100,iid,117,0.12371832430362702,0.12246984352668126,/home/minss/fl/DXFL/logs/lambda/adaptive/logs_js_granularity_temperature_canonical_no_feature/iid/seed0/js_client/cifar100_iid_js_client_tkd1p00_canonical_nofeat_seed0_r500.pkl
CIFAR-100,iid,118,0.13167645335197448,0.1241914082566897,/home/minss/fl/DXFL/logs/lambda/adaptive/logs_js_granularity_temperature_canonical_no_feature/iid/seed0/js_client/cifar100_iid_js_client_tkd1p00_canonical_nofeat_seed0_r500.pkl
CIFAR-100,iid,119,0.1285699874162674,0.1252673031389713,/home/minss/fl/DXFL/logs/lambda/adaptive/logs_js_granularity_temperature_canonical_no_feature/iid/seed0/js_client/cifar100_iid_js_client_tkd1p00_canonical_nofeat_seed0_r500.pkl
CIFAR-100,iid,120,0.13192775771021842,0.1272396748761336,/home/minss/fl/DXFL/logs/lambda/adaptive/logs_js_granularity_temperature_canonical_no_feature/iid/seed0/js_client/cifar100_iid_js_client_tkd1p00_canonical_nofeat_seed0_r500.pkl
CIFAR-100,iid,121,0.13200448974967002,0.1281799699862798,/home/minss/fl/DXFL/logs/lambda/adaptive/logs_js_granularity_temperature_canonical_no_feature/iid/seed0/js_client/cifar100_iid_js_client_tkd1p00_canonical_nofeat_seed0_r500.pkl
CIFAR-100,iid,122,0.12927074879407882,0.12920713980992632,/home/minss/fl/DXFL/logs/lambda/adaptive/logs_js_granularity_temperature_canonical_no_feature/iid/seed0/js_client/cifar100_iid_js_client_tkd1p00_canonical_nofeat_seed0_r500.pkl
CIFAR-100,iid,123,0.12547105699777603,0.13027574847141898,/home/minss/fl/DXFL/logs/lambda/adaptive/logs_js_granularity_temperature_canonical_no_feature/iid/seed0/js_client/cifar100_iid_js_client_tkd1p00_canonical_nofeat_seed0_r500.pkl
CIFAR-100,iid,124,0.12809087336063385,0.1320912870268027,/home/minss/fl/DXFL/logs/lambda/adaptive/logs_js_granularity_temperature_canonical_no_feature/iid/seed0/js_client/cifar100_iid_js_client_tkd1p00_canonical_nofeat_seed0_r500.pkl
CIFAR-100,iid,125,0.13323855847120286,0.13301639477411906,/home/minss/fl/DXFL/logs/lambda/adaptive/logs_js_granularity_temperature_canonical_no_feature/iid/seed0/js_client/cifar100_iid_js_client_tkd1p00_canonical_nofeat_seed0_r500.pkl
CIFAR-100,iid,126,0.13028828278183938,0.13371068686246873,/home/minss/fl/DXFL/logs/lambda/adaptive/logs_js_granularity_temperature_canonical_no_feature/iid/seed0/js_client/cifar100_iid_js_client_tkd1p00_canonical_nofeat_seed0_r500.pkl
CIFAR-100,iid,127,0.13959993422031403,0.1346242399017016,/home/minss/fl/DXFL/logs/lambda/adaptive/logs_js_granularity_temperature_canonical_no_feature/iid/seed0/js_client/cifar100_iid_js_client_tkd1p00_canonical_nofeat_seed0_r500.pkl
CIFAR-100,iid,128,0.13330394253134728,0.13566414917508762,/home/minss/fl/DXFL/logs/lambda/adaptive/logs_js_granularity_temperature_canonical_no_feature/iid/seed0/js_client/cifar100_iid_js_client_tkd1p00_canonical_nofeat_seed0_r500.pkl
CIFAR-100,iid,129,0.13350329622626306,0.13592451815803847,/home/minss/fl/DXFL/logs/lambda/adaptive/logs_js_granularity_temperature_canonical_no_feature/iid/seed0/js_client/cifar100_iid_js_client_tkd1p00_canonical_nofeat_seed0_r500.pkl
CIFAR-100,iid,130,0.13510079309344292,0.1362172766029835,/home/minss/fl/DXFL/logs/lambda/adaptive/logs_js_granularity_temperature_canonical_no_feature/iid/seed0/js_client/cifar100_iid_js_client_tkd1p00_canonical_nofeat_seed0_r500.pkl
CIFAR-100,iid,131,0.14560480639338494,0.13709153975049654,/home/minss/fl/DXFL/logs/lambda/adaptive/logs_js_granularity_temperature_canonical_no_feature/iid/seed0/js_client/cifar100_iid_js_client_tkd1p00_canonical_nofeat_seed0_r500.pkl
CIFAR-100,iid,132,0.13759494051337243,0.13831771974762283,/home/minss/fl/DXFL/logs/lambda/adaptive/logs_js_granularity_temperature_canonical_no_feature/iid/seed0/js_client/cifar100_iid_js_client_tkd1p00_canonical_nofeat_seed0_r500.pkl
CIFAR-100,iid,133,0.1420908346772194,0.13905320371190708,/home/minss/fl/DXFL/logs/lambda/adaptive/logs_js_granularity_temperature_canonical_no_feature/iid/seed0/js_client/cifar100_iid_js_client_tkd1p00_canonical_nofeat_seed0_r500.pkl
CIFAR-100,iid,134,0.14227328300476075,0.14049926698207857,/home/minss/fl/DXFL/logs/lambda/adaptive/logs_js_granularity_temperature_canonical_no_feature/iid/seed0/js_client/cifar100_iid_js_client_tkd1p00_canonical_nofeat_seed0_r500.pkl
CIFAR-100,iid,135,0.14752639681100846,0.1415413894255956,/home/minss/fl/DXFL/logs/lambda/adaptive/logs_js_granularity_temperature_canonical_no_feature/iid/seed0/js_client/cifar100_iid_js_client_tkd1p00_canonical_nofeat_seed0_r500.pkl
CIFAR-100,iid,136,0.13591002449393272,0.14264481142163277,/home/minss/fl/DXFL/logs/lambda/adaptive/logs_js_granularity_temperature_canonical_no_feature/iid/seed0/js_client/cifar100_iid_js_client_tkd1p00_canonical_nofeat_seed0_r500.pkl
CIFAR-100,iid,137,0.1336621254682541,0.1439672659834226,/home/minss/fl/DXFL/logs/lambda/adaptive/logs_js_granularity_temperature_canonical_no_feature/iid/seed0/js_client/cifar100_iid_js_client_tkd1p00_canonical_nofeat_seed0_r500.pkl
CIFAR-100,iid,138,0.1385850042104721,0.14505270555615424,/home/minss/fl/DXFL/logs/lambda/adaptive/logs_js_granularity_temperature_canonical_no_feature/iid/seed0/js_client/cifar100_iid_js_client_tkd1p00_canonical_nofeat_seed0_r500.pkl
CIFAR-100,iid,139,0.14648357331752776,0.14477421869834262,/home/minss/fl/DXFL/logs/lambda/adaptive/logs_js_granularity_temperature_canonical_no_feature/iid/seed0/js_client/cifar100_iid_js_client_tkd1p00_canonical_nofeat_seed0_r500.pkl
CIFAR-100,iid,140,0.14427081793546676,0.14568252210815744,/home/minss/fl/DXFL/logs/lambda/adaptive/logs_js_granularity_temperature_canonical_no_feature/iid/seed0/js_client/cifar100_iid_js_client_tkd1p00_canonical_nofeat_seed0_r500.pkl
CIFAR-100,iid,141,0.15197923183441162,0.14575912917653716,/home/minss/fl/DXFL/logs/lambda/adaptive/logs_js_granularity_temperature_canonical_no_feature/iid/seed0/js_client/cifar100_iid_js_client_tkd1p00_canonical_nofeat_seed0_r500.pkl
CIFAR-100,iid,142,0.15523177087306977,0.14618593459328014,/home/minss/fl/DXFL/logs/lambda/adaptive/logs_js_granularity_temperature_canonical_no_feature/iid/seed0/js_client/cifar100_iid_js_client_tkd1p00_canonical_nofeat_seed0_r500.pkl
CIFAR-100,iid,143,0.14985527247190475,0.14647727295756338,/home/minss/fl/DXFL/logs/lambda/adaptive/logs_js_granularity_temperature_canonical_no_feature/iid/seed0/js_client/cifar100_iid_js_client_tkd1p00_canonical_nofeat_seed0_r500.pkl
CIFAR-100,iid,144,0.1533401146531105,0.14783281137545903,/home/minss/fl/DXFL/logs/lambda/adaptive/logs_js_granularity_temperature_canonical_no_feature/iid/seed0/js_client/cifar100_iid_js_client_tkd1p00_canonical_nofeat_seed0_r500.pkl
CIFAR-100,iid,145,0.15138238668441772,0.14907707065343856,/home/minss/fl/DXFL/logs/lambda/adaptive/logs_js_granularity_temperature_canonical_no_feature/iid/seed0/js_client/cifar100_iid_js_client_tkd1p00_canonical_nofeat_seed0_r500.pkl
CIFAR-100,iid,146,0.14142750352621078,0.15004317820072174,/home/minss/fl/DXFL/logs/lambda/adaptive/logs_js_granularity_temperature_canonical_no_feature/iid/seed0/js_client/cifar100_iid_js_client_tkd1p00_canonical_nofeat_seed0_r500.pkl
CIFAR-100,iid,147,0.15121949166059495,0.1504183461268743,/home/minss/fl/DXFL/logs/lambda/adaptive/logs_js_granularity_temperature_canonical_no_feature/iid/seed0/js_client/cifar100_iid_js_client_tkd1p00_canonical_nofeat_seed0_r500.pkl
CIFAR-100,iid,148,0.14323994070291518,0.15106261432170867,/home/minss/fl/DXFL/logs/lambda/adaptive/logs_js_granularity_temperature_canonical_no_feature/iid/seed0/js_client/cifar100_iid_js_client_tkd1p00_canonical_nofeat_seed0_r500.pkl
CIFAR-100,iid,149,0.14867536425590516,0.15137950499852498,/home/minss/fl/DXFL/logs/lambda/adaptive/logs_js_granularity_temperature_canonical_no_feature/iid/seed0/js_client/cifar100_iid_js_client_tkd1p00_canonical_nofeat_seed0_r500.pkl
CIFAR-100,iid,150,0.1518964722752571,0.1521398701270421,/home/minss/fl/DXFL/logs/lambda/adaptive/logs_js_granularity_temperature_canonical_no_feature/iid/seed0/js_client/cifar100_iid_js_client_tkd1p00_canonical_nofeat_seed0_r500.pkl
CIFAR-100,iid,151,0.15624310076236725,0.15294213225444156,/home/minss/fl/DXFL/logs/lambda/adaptive/logs_js_granularity_temperature_canonical_no_feature/iid/seed0/js_client/cifar100_iid_js_client_tkd1p00_canonical_nofeat_seed0_r500.pkl
CIFAR-100,iid,152,0.1523260146379471,0.1528490893046061,/home/minss/fl/DXFL/logs/lambda/adaptive/logs_js_granularity_temperature_canonical_no_feature/iid/seed0/js_client/cifar100_iid_js_client_tkd1p00_canonical_nofeat_seed0_r500.pkl
CIFAR-100,iid,153,0.1530766174197197,0.1534112830956777,/home/minss/fl/DXFL/logs/lambda/adaptive/logs_js_granularity_temperature_canonical_no_feature/iid/seed0/js_client/cifar100_iid_js_client_tkd1p00_canonical_nofeat_seed0_r500.pkl
CIFAR-100,iid,154,0.15211109220981597,0.15497994929552078,/home/minss/fl/DXFL/logs/lambda/adaptive/logs_js_granularity_temperature_canonical_no_feature/iid/seed0/js_client/cifar100_iid_js_client_tkd1p00_canonical_nofeat_seed0_r500.pkl
CIFAR-100,iid,155,0.15393484085798265,0.15576869984467825,/home/minss/fl/DXFL/logs/lambda/adaptive/logs_js_granularity_temperature_canonical_no_feature/iid/seed0/js_client/cifar100_iid_js_client_tkd1p00_canonical_nofeat_seed0_r500.pkl
CIFAR-100,iid,156,0.15673259198665618,0.15673620680967967,/home/minss/fl/DXFL/logs/lambda/adaptive/logs_js_granularity_temperature_canonical_no_feature/iid/seed0/js_client/cifar100_iid_js_client_tkd1p00_canonical_nofeat_seed0_r500.pkl
CIFAR-100,iid,157,0.16663724780082703,0.15689158737659453,/home/minss/fl/DXFL/logs/lambda/adaptive/logs_js_granularity_temperature_canonical_no_feature/iid/seed0/js_client/cifar100_iid_js_client_tkd1p00_canonical_nofeat_seed0_r500.pkl
CIFAR-100,iid,158,0.16188920438289642,0.1574383000532786,/home/minss/fl/DXFL/logs/lambda/adaptive/logs_js_granularity_temperature_canonical_no_feature/iid/seed0/js_client/cifar100_iid_js_client_tkd1p00_canonical_nofeat_seed0_r500.pkl
CIFAR-100,iid,159,0.15194447040557862,0.1572975206375122,/home/minss/fl/DXFL/logs/lambda/adaptive/logs_js_granularity_temperature_canonical_no_feature/iid/seed0/js_client/cifar100_iid_js_client_tkd1p00_canonical_nofeat_seed0_r500.pkl
CIFAR-100,iid,160,0.15981529355049134,0.15740791906913126,/home/minss/fl/DXFL/logs/lambda/adaptive/logs_js_granularity_temperature_canonical_no_feature/iid/seed0/js_client/cifar100_iid_js_client_tkd1p00_canonical_nofeat_seed0_r500.pkl
CIFAR-100,iid,161,0.1649574965238571,0.15818127602338797,/home/minss/fl/DXFL/logs/lambda/adaptive/logs_js_granularity_temperature_canonical_no_feature/iid/seed0/js_client/cifar100_iid_js_client_tkd1p00_canonical_nofeat_seed0_r500.pkl
CIFAR-100,iid,162,0.16305074989795684,0.15950770159562433,/home/minss/fl/DXFL/logs/lambda/adaptive/logs_js_granularity_temperature_canonical_no_feature/iid/seed0/js_client/cifar100_iid_js_client_tkd1p00_canonical_nofeat_seed0_r500.pkl
CIFAR-100,iid,163,0.15775254517793655,0.16075475533803305,/home/minss/fl/DXFL/logs/lambda/adaptive/logs_js_granularity_temperature_canonical_no_feature/iid/seed0/js_client/cifar100_iid_js_client_tkd1p00_canonical_nofeat_seed0_r500.pkl
CIFAR-100,iid,164,0.1510060727596283,0.1620125722885132,/home/minss/fl/DXFL/logs/lambda/adaptive/logs_js_granularity_temperature_canonical_no_feature/iid/seed0/js_client/cifar100_iid_js_client_tkd1p00_canonical_nofeat_seed0_r500.pkl
CIFAR-100,iid,165,0.16009716242551802,0.16229219992955526,/home/minss/fl/DXFL/logs/lambda/adaptive/logs_js_granularity_temperature_canonical_no_feature/iid/seed0/js_client/cifar100_iid_js_client_tkd1p00_canonical_nofeat_seed0_r500.pkl
CIFAR-100,iid,166,0.1541314095258713,0.16230823318163554,/home/minss/fl/DXFL/logs/lambda/adaptive/logs_js_granularity_temperature_canonical_no_feature/iid/seed0/js_client/cifar100_iid_js_client_tkd1p00_canonical_nofeat_seed0_r500.pkl
CIFAR-100,iid,167,0.1539819911122322,0.163464657664299,/home/minss/fl/DXFL/logs/lambda/adaptive/logs_js_granularity_temperature_canonical_no_feature/iid/seed0/js_client/cifar100_iid_js_client_tkd1p00_canonical_nofeat_seed0_r500.pkl
CIFAR-100,iid,168,0.1646769717335701,0.16400568942228952,/home/minss/fl/DXFL/logs/lambda/adaptive/logs_js_granularity_temperature_canonical_no_feature/iid/seed0/js_client/cifar100_iid_js_client_tkd1p00_canonical_nofeat_seed0_r500.pkl
CIFAR-100,iid,169,0.17200747579336167,0.16403688619534174,/home/minss/fl/DXFL/logs/lambda/adaptive/logs_js_granularity_temperature_canonical_no_feature/iid/seed0/js_client/cifar100_iid_js_client_tkd1p00_canonical_nofeat_seed0_r500.pkl
CIFAR-100,iid,170,0.1726406469941139,0.1641790546973546,/home/minss/fl/DXFL/logs/lambda/adaptive/logs_js_granularity_temperature_canonical_no_feature/iid/seed0/js_client/cifar100_iid_js_client_tkd1p00_canonical_nofeat_seed0_r500.pkl
CIFAR-100,iid,171,0.17559984624385833,0.16476954956849416,/home/minss/fl/DXFL/logs/lambda/adaptive/logs_js_granularity_temperature_canonical_no_feature/iid/seed0/js_client/cifar100_iid_js_client_tkd1p00_canonical_nofeat_seed0_r500.pkl
CIFAR-100,iid,172,0.17083166241645814,0.16546031614144643,/home/minss/fl/DXFL/logs/lambda/adaptive/logs_js_granularity_temperature_canonical_no_feature/iid/seed0/js_client/cifar100_iid_js_client_tkd1p00_canonical_nofeat_seed0_r500.pkl
CIFAR-100,iid,173,0.16212970316410064,0.16605243821938834,/home/minss/fl/DXFL/logs/lambda/adaptive/logs_js_granularity_temperature_canonical_no_feature/iid/seed0/js_client/cifar100_iid_js_client_tkd1p00_canonical_nofeat_seed0_r500.pkl
CIFAR-100,iid,174,0.1692908376455307,0.16696068982283277,/home/minss/fl/DXFL/logs/lambda/adaptive/logs_js_granularity_temperature_canonical_no_feature/iid/seed0/js_client/cifar100_iid_js_client_tkd1p00_canonical_nofeat_seed0_r500.pkl
CIFAR-100,iid,175,0.1679307699203491,0.1679198784629504,/home/minss/fl/DXFL/logs/lambda/adaptive/logs_js_granularity_temperature_canonical_no_feature/iid/seed0/js_client/cifar100_iid_js_client_tkd1p00_canonical_nofeat_seed0_r500.pkl
CIFAR-100,iid,176,0.16542544811964036,0.16878373632828395,/home/minss/fl/DXFL/logs/lambda/adaptive/logs_js_granularity_temperature_canonical_no_feature/iid/seed0/js_client/cifar100_iid_js_client_tkd1p00_canonical_nofeat_seed0_r500.pkl
CIFAR-100,iid,177,0.16518327742815017,0.1687503695487976,/home/minss/fl/DXFL/logs/lambda/adaptive/logs_js_granularity_temperature_canonical_no_feature/iid/seed0/js_client/cifar100_iid_js_client_tkd1p00_canonical_nofeat_seed0_r500.pkl
CIFAR-100,iid,178,0.16660996824502944,0.1695639828840891,/home/minss/fl/DXFL/logs/lambda/adaptive/logs_js_granularity_temperature_canonical_no_feature/iid/seed0/js_client/cifar100_iid_js_client_tkd1p00_canonical_nofeat_seed0_r500.pkl
CIFAR-100,iid,179,0.16136757135391236,0.16988510598738985,/home/minss/fl/DXFL/logs/lambda/adaptive/logs_js_granularity_temperature_canonical_no_feature/iid/seed0/js_client/cifar100_iid_js_client_tkd1p00_canonical_nofeat_seed0_r500.pkl
CIFAR-100,iid,180,0.16897899359464646,0.17035251359144843,/home/minss/fl/DXFL/logs/lambda/adaptive/logs_js_granularity_temperature_canonical_no_feature/iid/seed0/js_client/cifar100_iid_js_client_tkd1p00_canonical_nofeat_seed0_r500.pkl
CIFAR-100,iid,181,0.16775518357753755,0.17197181016206736,/home/minss/fl/DXFL/logs/lambda/adaptive/logs_js_granularity_temperature_canonical_no_feature/iid/seed0/js_client/cifar100_iid_js_client_tkd1p00_canonical_nofeat_seed0_r500.pkl
CIFAR-100,iid,182,0.1683698207139969,0.17253706673781075,/home/minss/fl/DXFL/logs/lambda/adaptive/logs_js_granularity_temperature_canonical_no_feature/iid/seed0/js_client/cifar100_iid_js_client_tkd1p00_canonical_nofeat_seed0_r500.pkl
CIFAR-100,iid,183,0.17763483971357347,0.17275009165207544,/home/minss/fl/DXFL/logs/lambda/adaptive/logs_js_granularity_temperature_canonical_no_feature/iid/seed0/js_client/cifar100_iid_js_client_tkd1p00_canonical_nofeat_seed0_r500.pkl
CIFAR-100,iid,184,0.17150697410106658,0.17371263921260832,/home/minss/fl/DXFL/logs/lambda/adaptive/logs_js_granularity_temperature_canonical_no_feature/iid/seed0/js_client/cifar100_iid_js_client_tkd1p00_canonical_nofeat_seed0_r500.pkl
CIFAR-100,iid,185,0.18484484702348708,0.17508105446894964,/home/minss/fl/DXFL/logs/lambda/adaptive/logs_js_granularity_temperature_canonical_no_feature/iid/seed0/js_client/cifar100_iid_js_client_tkd1p00_canonical_nofeat_seed0_r500.pkl
CIFAR-100,iid,186,0.1804166927933693,0.17528672496477762,/home/minss/fl/DXFL/logs/lambda/adaptive/logs_js_granularity_temperature_canonical_no_feature/iid/seed0/js_client/cifar100_iid_js_client_tkd1p00_canonical_nofeat_seed0_r500.pkl
CIFAR-100,iid,187,0.17784277647733687,0.1771377562483152,/home/minss/fl/DXFL/logs/lambda/adaptive/logs_js_granularity_temperature_canonical_no_feature/iid/seed0/js_client/cifar100_iid_js_client_tkd1p00_canonical_nofeat_seed0_r500.pkl
CIFAR-100,iid,188,0.18641915172338486,0.1776715950171153,/home/minss/fl/DXFL/logs/lambda/adaptive/logs_js_granularity_temperature_canonical_no_feature/iid/seed0/js_client/cifar100_iid_js_client_tkd1p00_canonical_nofeat_seed0_r500.pkl
CIFAR-100,iid,189,0.17776968628168105,0.1781317600607872,/home/minss/fl/DXFL/logs/lambda/adaptive/logs_js_granularity_temperature_canonical_no_feature/iid/seed0/js_client/cifar100_iid_js_client_tkd1p00_canonical_nofeat_seed0_r500.pkl
CIFAR-100,iid,190,0.1711261436343193,0.17852357715368272,/home/minss/fl/DXFL/logs/lambda/adaptive/logs_js_granularity_temperature_canonical_no_feature/iid/seed0/js_client/cifar100_iid_js_client_tkd1p00_canonical_nofeat_seed0_r500.pkl
CIFAR-100,iid,191,0.17986366152763367,0.17879047314325966,/home/minss/fl/DXFL/logs/lambda/adaptive/logs_js_granularity_temperature_canonical_no_feature/iid/seed0/js_client/cifar100_iid_js_client_tkd1p00_canonical_nofeat_seed0_r500.pkl
CIFAR-100,iid,192,0.18570950627326965,0.1804705059528351,/home/minss/fl/DXFL/logs/lambda/adaptive/logs_js_granularity_temperature_canonical_no_feature/iid/seed0/js_client/cifar100_iid_js_client_tkd1p00_canonical_nofeat_seed0_r500.pkl
CIFAR-100,iid,193,0.16969502568244935,0.1809916972120603,/home/minss/fl/DXFL/logs/lambda/adaptive/logs_js_granularity_temperature_canonical_no_feature/iid/seed0/js_client/cifar100_iid_js_client_tkd1p00_canonical_nofeat_seed0_r500.pkl
CIFAR-100,iid,194,0.18913304060697556,0.18138665219148,/home/minss/fl/DXFL/logs/lambda/adaptive/logs_js_granularity_temperature_canonical_no_feature/iid/seed0/js_client/cifar100_iid_js_client_tkd1p00_canonical_nofeat_seed0_r500.pkl
CIFAR-100,iid,195,0.17698657512664795,0.18173143784205117,/home/minss/fl/DXFL/logs/lambda/adaptive/logs_js_granularity_temperature_canonical_no_feature/iid/seed0/js_client/cifar100_iid_js_client_tkd1p00_canonical_nofeat_seed0_r500.pkl
CIFAR-100,iid,196,0.17465765923261642,0.18179078191518783,/home/minss/fl/DXFL/logs/lambda/adaptive/logs_js_granularity_temperature_canonical_no_feature/iid/seed0/js_client/cifar100_iid_js_client_tkd1p00_canonical_nofeat_seed0_r500.pkl
CIFAR-100,iid,197,0.1742470771074295,0.18216414431730904,/home/minss/fl/DXFL/logs/lambda/adaptive/logs_js_granularity_temperature_canonical_no_feature/iid/seed0/js_client/cifar100_iid_js_client_tkd1p00_canonical_nofeat_seed0_r500.pkl
CIFAR-100,iid,198,0.18163827955722808,0.18365682492653526,/home/minss/fl/DXFL/logs/lambda/adaptive/logs_js_granularity_temperature_canonical_no_feature/iid/seed0/js_client/cifar100_iid_js_client_tkd1p00_canonical_nofeat_seed0_r500.pkl
CIFAR-100,iid,199,0.19670746624469757,0.18470961451530454,/home/minss/fl/DXFL/logs/lambda/adaptive/logs_js_granularity_temperature_canonical_no_feature/iid/seed0/js_client/cifar100_iid_js_client_tkd1p00_canonical_nofeat_seed0_r500.pkl
CIFAR-100,iid,200,0.19266271591186523,0.18547599057356515,/home/minss/fl/DXFL/logs/lambda/adaptive/logs_js_granularity_temperature_canonical_no_feature/iid/seed0/js_client/cifar100_iid_js_client_tkd1p00_canonical_nofeat_seed0_r500.pkl
CIFAR-100,iid,201,0.18634101748466492,0.18640637695789336,/home/minss/fl/DXFL/logs/lambda/adaptive/logs_js_granularity_temperature_canonical_no_feature/iid/seed0/js_client/cifar100_iid_js_client_tkd1p00_canonical_nofeat_seed0_r500.pkl
CIFAR-100,iid,202,0.1830145612359047,0.18658639669418337,/home/minss/fl/DXFL/logs/lambda/adaptive/logs_js_granularity_temperature_canonical_no_feature/iid/seed0/js_client/cifar100_iid_js_client_tkd1p00_canonical_nofeat_seed0_r500.pkl
CIFAR-100,iid,203,0.18730931282043456,0.18792280068000158,/home/minss/fl/DXFL/logs/lambda/adaptive/logs_js_granularity_temperature_canonical_no_feature/iid/seed0/js_client/cifar100_iid_js_client_tkd1p00_canonical_nofeat_seed0_r500.pkl
CIFAR-100,iid,204,0.18337012231349945,0.18919986953337986,/home/minss/fl/DXFL/logs/lambda/adaptive/logs_js_granularity_temperature_canonical_no_feature/iid/seed0/js_client/cifar100_iid_js_client_tkd1p00_canonical_nofeat_seed0_r500.pkl
CIFAR-100,iid,205,0.1935163527727127,0.1908105738957723,/home/minss/fl/DXFL/logs/lambda/adaptive/logs_js_granularity_temperature_canonical_no_feature/iid/seed0/js_client/cifar100_iid_js_client_tkd1p00_canonical_nofeat_seed0_r500.pkl
CIFAR-100,iid,206,0.1956555053591728,0.19177554160356522,/home/minss/fl/DXFL/logs/lambda/adaptive/logs_js_granularity_temperature_canonical_no_feature/iid/seed0/js_client/cifar100_iid_js_client_tkd1p00_canonical_nofeat_seed0_r500.pkl
CIFAR-100,iid,207,0.19720514714717866,0.1897474830349286,/home/minss/fl/DXFL/logs/lambda/adaptive/logs_js_granularity_temperature_canonical_no_feature/iid/seed0/js_client/cifar100_iid_js_client_tkd1p00_canonical_nofeat_seed0_r500.pkl
CIFAR-100,iid,208,0.18365082144737244,0.18847034960985182,/home/minss/fl/DXFL/logs/lambda/adaptive/logs_js_granularity_temperature_canonical_no_feature/iid/seed0/js_client/cifar100_iid_js_client_tkd1p00_canonical_nofeat_seed0_r500.pkl
CIFAR-100,iid,209,0.19183333665132524,0.18848744004964826,/home/minss/fl/DXFL/logs/lambda/adaptive/logs_js_granularity_temperature_canonical_no_feature/iid/seed0/js_client/cifar100_iid_js_client_tkd1p00_canonical_nofeat_seed0_r500.pkl
CIFAR-100,iid,210,0.19703263491392137,0.18905343800783156,/home/minss/fl/DXFL/logs/lambda/adaptive/logs_js_granularity_temperature_canonical_no_feature/iid/seed0/js_client/cifar100_iid_js_client_tkd1p00_canonical_nofeat_seed0_r500.pkl
CIFAR-100,iid,211,0.19381369203329085,0.1894910622636477,/home/minss/fl/DXFL/logs/lambda/adaptive/logs_js_granularity_temperature_canonical_no_feature/iid/seed0/js_client/cifar100_iid_js_client_tkd1p00_canonical_nofeat_seed0_r500.pkl
CIFAR-100,iid,212,0.1984076425433159,0.19041998356580733,/home/minss/fl/DXFL/logs/lambda/adaptive/logs_js_granularity_temperature_canonical_no_feature/iid/seed0/js_client/cifar100_iid_js_client_tkd1p00_canonical_nofeat_seed0_r500.pkl
CIFAR-100,iid,213,0.19611279517412186,0.19049788306156792,/home/minss/fl/DXFL/logs/lambda/adaptive/logs_js_granularity_temperature_canonical_no_feature/iid/seed0/js_client/cifar100_iid_js_client_tkd1p00_canonical_nofeat_seed0_r500.pkl
CIFAR-100,iid,214,0.16628658771514893,0.19132600635290145,/home/minss/fl/DXFL/logs/lambda/adaptive/logs_js_granularity_temperature_canonical_no_feature/iid/seed0/js_client/cifar100_iid_js_client_tkd1p00_canonical_nofeat_seed0_r500.pkl
CIFAR-100,iid,215,0.1735057145357132,0.19145033568143846,/home/minss/fl/DXFL/logs/lambda/adaptive/logs_js_granularity_temperature_canonical_no_feature/iid/seed0/js_client/cifar100_iid_js_client_tkd1p00_canonical_nofeat_seed0_r500.pkl
CIFAR-100,iid,216,0.18659737408161164,0.1917218304673831,/home/minss/fl/DXFL/logs/lambda/adaptive/logs_js_granularity_temperature_canonical_no_feature/iid/seed0/js_client/cifar100_iid_js_client_tkd1p00_canonical_nofeat_seed0_r500.pkl
CIFAR-100,iid,217,0.19150453060865402,0.19100331733624143,/home/minss/fl/DXFL/logs/lambda/adaptive/logs_js_granularity_temperature_canonical_no_feature/iid/seed0/js_client/cifar100_iid_js_client_tkd1p00_canonical_nofeat_seed0_r500.pkl
CIFAR-100,iid,218,0.19387367665767669,0.19057722846666975,/home/minss/fl/DXFL/logs/lambda/adaptive/logs_js_granularity_temperature_canonical_no_feature/iid/seed0/js_client/cifar100_iid_js_client_tkd1p00_canonical_nofeat_seed0_r500.pkl
CIFAR-100,iid,219,0.19730394184589387,0.19159269452095035,/home/minss/fl/DXFL/logs/lambda/adaptive/logs_js_granularity_temperature_canonical_no_feature/iid/seed0/js_client/cifar100_iid_js_client_tkd1p00_canonical_nofeat_seed0_r500.pkl
CIFAR-100,iid,220,0.19468484520912172,0.1928643920024236,/home/minss/fl/DXFL/logs/lambda/adaptive/logs_js_granularity_temperature_canonical_no_feature/iid/seed0/js_client/cifar100_iid_js_client_tkd1p00_canonical_nofeat_seed0_r500.pkl
CIFAR-100,iid,221,0.20807735472917557,0.19433238814274467,/home/minss/fl/DXFL/logs/lambda/adaptive/logs_js_granularity_temperature_canonical_no_feature/iid/seed0/js_client/cifar100_iid_js_client_tkd1p00_canonical_nofeat_seed0_r500.pkl
CIFAR-100,iid,222,0.19907008707523347,0.19677678257226938,/home/minss/fl/DXFL/logs/lambda/adaptive/logs_js_granularity_temperature_canonical_no_feature/iid/seed0/js_client/cifar100_iid_js_client_tkd1p00_canonical_nofeat_seed0_r500.pkl
CIFAR-100,iid,223,0.18772324323654174,0.1992840559283892,/home/minss/fl/DXFL/logs/lambda/adaptive/logs_js_granularity_temperature_canonical_no_feature/iid/seed0/js_client/cifar100_iid_js_client_tkd1p00_canonical_nofeat_seed0_r500.pkl
CIFAR-100,iid,224,0.1810556396842003,0.20091340432564414,/home/minss/fl/DXFL/logs/lambda/adaptive/logs_js_granularity_temperature_canonical_no_feature/iid/seed0/js_client/cifar100_iid_js_client_tkd1p00_canonical_nofeat_seed0_r500.pkl
CIFAR-100,iid,225,0.19064130187034606,0.20191504577795663,/home/minss/fl/DXFL/logs/lambda/adaptive/logs_js_granularity_temperature_canonical_no_feature/iid/seed0/js_client/cifar100_iid_js_client_tkd1p00_canonical_nofeat_seed0_r500.pkl
CIFAR-100,iid,226,0.20904568284749986,0.20181351870298386,/home/minss/fl/DXFL/logs/lambda/adaptive/logs_js_granularity_temperature_canonical_no_feature/iid/seed0/js_client/cifar100_iid_js_client_tkd1p00_canonical_nofeat_seed0_r500.pkl
CIFAR-100,iid,227,0.21748310476541519,0.20195729752381644,/home/minss/fl/DXFL/logs/lambda/adaptive/logs_js_granularity_temperature_canonical_no_feature/iid/seed0/js_client/cifar100_iid_js_client_tkd1p00_canonical_nofeat_seed0_r500.pkl
CIFAR-100,iid,228,0.21813273727893828,0.20280835549036663,/home/minss/fl/DXFL/logs/lambda/adaptive/logs_js_granularity_temperature_canonical_no_feature/iid/seed0/js_client/cifar100_iid_js_client_tkd1p00_canonical_nofeat_seed0_r500.pkl
CIFAR-100,iid,229,0.20295250415802002,0.2024883517622948,/home/minss/fl/DXFL/logs/lambda/adaptive/logs_js_granularity_temperature_canonical_no_feature/iid/seed0/js_client/cifar100_iid_js_client_tkd1p00_canonical_nofeat_seed0_r500.pkl
CIFAR-100,iid,230,0.21111481487751008,0.20227668414513272,/home/minss/fl/DXFL/logs/lambda/adaptive/logs_js_granularity_temperature_canonical_no_feature/iid/seed0/js_client/cifar100_iid_js_client_tkd1p00_canonical_nofeat_seed0_r500.pkl
CIFAR-100,iid,231,0.21103760004043579,0.20359517832597102,/home/minss/fl/DXFL/logs/lambda/adaptive/logs_js_granularity_temperature_canonical_no_feature/iid/seed0/js_client/cifar100_iid_js_client_tkd1p00_canonical_nofeat_seed0_r500.pkl
CIFAR-100,iid,232,0.20652915239334108,0.20582528034845995,/home/minss/fl/DXFL/logs/lambda/adaptive/logs_js_granularity_temperature_canonical_no_feature/iid/seed0/js_client/cifar100_iid_js_client_tkd1p00_canonical_nofeat_seed0_r500.pkl
CIFAR-100,iid,233,0.19235077053308486,0.2071123602986336,/home/minss/fl/DXFL/logs/lambda/adaptive/logs_js_granularity_temperature_canonical_no_feature/iid/seed0/js_client/cifar100_iid_js_client_tkd1p00_canonical_nofeat_seed0_r500.pkl
CIFAR-100,iid,234,0.19946062415838242,0.20641709774732594,/home/minss/fl/DXFL/logs/lambda/adaptive/logs_js_granularity_temperature_canonical_no_feature/iid/seed0/js_client/cifar100_iid_js_client_tkd1p00_canonical_nofeat_seed0_r500.pkl
CIFAR-100,iid,235,0.20745071470737458,0.20583195666472123,/home/minss/fl/DXFL/logs/lambda/adaptive/logs_js_granularity_temperature_canonical_no_feature/iid/seed0/js_client/cifar100_iid_js_client_tkd1p00_canonical_nofeat_seed0_r500.pkl
CIFAR-100,iid,236,0.20327729880809783,0.2056164387861888,/home/minss/fl/DXFL/logs/lambda/adaptive/logs_js_granularity_temperature_canonical_no_feature/iid/seed0/js_client/cifar100_iid_js_client_tkd1p00_canonical_nofeat_seed0_r500.pkl
CIFAR-100,iid,237,0.19589507281780244,0.20613397359848026,/home/minss/fl/DXFL/logs/lambda/adaptive/logs_js_granularity_temperature_canonical_no_feature/iid/seed0/js_client/cifar100_iid_js_client_tkd1p00_canonical_nofeat_seed0_r500.pkl
CIFAR-100,iid,238,0.20750065594911576,0.20774771372477216,/home/minss/fl/DXFL/logs/lambda/adaptive/logs_js_granularity_temperature_canonical_no_feature/iid/seed0/js_client/cifar100_iid_js_client_tkd1p00_canonical_nofeat_seed0_r500.pkl
CIFAR-100,iid,239,0.21450717002153397,0.20777469138304394,/home/minss/fl/DXFL/logs/lambda/adaptive/logs_js_granularity_temperature_canonical_no_feature/iid/seed0/js_client/cifar100_iid_js_client_tkd1p00_canonical_nofeat_seed0_r500.pkl
CIFAR-100,iid,240,0.20994750112295152,0.2079474570353826,/home/minss/fl/DXFL/logs/lambda/adaptive/logs_js_granularity_temperature_canonical_no_feature/iid/seed0/js_client/cifar100_iid_js_client_tkd1p00_canonical_nofeat_seed0_r500.pkl
CIFAR-100,iid,241,0.19861674457788467,0.20926156302293142,/home/minss/fl/DXFL/logs/lambda/adaptive/logs_js_granularity_temperature_canonical_no_feature/iid/seed0/js_client/cifar100_iid_js_client_tkd1p00_canonical_nofeat_seed0_r500.pkl
CIFAR-100,iid,242,0.2087059885263443,0.20980732897917428,/home/minss/fl/DXFL/logs/lambda/adaptive/logs_js_granularity_temperature_canonical_no_feature/iid/seed0/js_client/cifar100_iid_js_client_tkd1p00_canonical_nofeat_seed0_r500.pkl
CIFAR-100,iid,243,0.21489996910095216,0.2104819100101789,/home/minss/fl/DXFL/logs/lambda/adaptive/logs_js_granularity_temperature_canonical_no_feature/iid/seed0/js_client/cifar100_iid_js_client_tkd1p00_canonical_nofeat_seed0_r500.pkl
CIFAR-100,iid,244,0.21071552634239196,0.21176841298739119,/home/minss/fl/DXFL/logs/lambda/adaptive/logs_js_granularity_temperature_canonical_no_feature/iid/seed0/js_client/cifar100_iid_js_client_tkd1p00_canonical_nofeat_seed0_r500.pkl
CIFAR-100,iid,245,0.23532091677188874,0.21374682009220125,/home/minss/fl/DXFL/logs/lambda/adaptive/logs_js_granularity_temperature_canonical_no_feature/iid/seed0/js_client/cifar100_iid_js_client_tkd1p00_canonical_nofeat_seed0_r500.pkl
CIFAR-100,iid,246,0.21144226491451262,0.21484549591938656,/home/minss/fl/DXFL/logs/lambda/adaptive/logs_js_granularity_temperature_canonical_no_feature/iid/seed0/js_client/cifar100_iid_js_client_tkd1p00_canonical_nofeat_seed0_r500.pkl
CIFAR-100,iid,247,0.20912063717842103,0.2150780373811722,/home/minss/fl/DXFL/logs/lambda/adaptive/logs_js_granularity_temperature_canonical_no_feature/iid/seed0/js_client/cifar100_iid_js_client_tkd1p00_canonical_nofeat_seed0_r500.pkl
CIFAR-100,iid,248,0.21206236034631729,0.2154682130614917,/home/minss/fl/DXFL/logs/lambda/adaptive/logs_js_granularity_temperature_canonical_no_feature/iid/seed0/js_client/cifar100_iid_js_client_tkd1p00_canonical_nofeat_seed0_r500.pkl
CIFAR-100,iid,249,0.2076471135020256,0.21610129127899808,/home/minss/fl/DXFL/logs/lambda/adaptive/logs_js_granularity_temperature_canonical_no_feature/iid/seed0/js_client/cifar100_iid_js_client_tkd1p00_canonical_nofeat_seed0_r500.pkl
CIFAR-100,iid,250,0.2175694301724434,0.21654715299606325,/home/minss/fl/DXFL/logs/lambda/adaptive/logs_js_granularity_temperature_canonical_no_feature/iid/seed0/js_client/cifar100_iid_js_client_tkd1p00_canonical_nofeat_seed0_r500.pkl
CIFAR-100,iid,251,0.2225748434662819,0.21649632066488267,/home/minss/fl/DXFL/logs/lambda/adaptive/logs_js_granularity_temperature_canonical_no_feature/iid/seed0/js_client/cifar100_iid_js_client_tkd1p00_canonical_nofeat_seed0_r500.pkl
CIFAR-100,iid,252,0.2255711793899536,0.216173328657945,/home/minss/fl/DXFL/logs/lambda/adaptive/logs_js_granularity_temperature_canonical_no_feature/iid/seed0/js_client/cifar100_iid_js_client_tkd1p00_canonical_nofeat_seed0_r500.pkl
CIFAR-100,iid,253,0.22398079335689544,0.21457630813121795,/home/minss/fl/DXFL/logs/lambda/adaptive/logs_js_granularity_temperature_canonical_no_feature/iid/seed0/js_client/cifar100_iid_js_client_tkd1p00_canonical_nofeat_seed0_r500.pkl
CIFAR-100,iid,254,0.2179952919483185,0.21439605673154194,/home/minss/fl/DXFL/logs/lambda/adaptive/logs_js_granularity_temperature_canonical_no_feature/iid/seed0/js_client/cifar100_iid_js_client_tkd1p00_canonical_nofeat_seed0_r500.pkl
CIFAR-100,iid,255,0.21580013632774353,0.21475152949492138,/home/minss/fl/DXFL/logs/lambda/adaptive/logs_js_granularity_temperature_canonical_no_feature/iid/seed0/js_client/cifar100_iid_js_client_tkd1p00_canonical_nofeat_seed0_r500.pkl
CIFAR-100,iid,256,0.2081129178404808,0.21414679229259492,/home/minss/fl/DXFL/logs/lambda/adaptive/logs_js_granularity_temperature_canonical_no_feature/iid/seed0/js_client/cifar100_iid_js_client_tkd1p00_canonical_nofeat_seed0_r500.pkl
CIFAR-100,iid,257,0.21539391428232194,0.2141096899906794,/home/minss/fl/DXFL/logs/lambda/adaptive/logs_js_granularity_temperature_canonical_no_feature/iid/seed0/js_client/cifar100_iid_js_client_tkd1p00_canonical_nofeat_seed0_r500.pkl
CIFAR-100,iid,258,0.21413748413324357,0.21477552632490793,/home/minss/fl/DXFL/logs/lambda/adaptive/logs_js_granularity_temperature_canonical_no_feature/iid/seed0/js_client/cifar100_iid_js_client_tkd1p00_canonical_nofeat_seed0_r500.pkl
CIFAR-100,iid,259,0.20587064623832702,0.21579163233439128,/home/minss/fl/DXFL/logs/lambda/adaptive/logs_js_granularity_temperature_canonical_no_feature/iid/seed0/js_client/cifar100_iid_js_client_tkd1p00_canonical_nofeat_seed0_r500.pkl
CIFAR-100,iid,260,0.21136560887098313,0.21536602288484574,/home/minss/fl/DXFL/logs/lambda/adaptive/logs_js_granularity_temperature_canonical_no_feature/iid/seed0/js_client/cifar100_iid_js_client_tkd1p00_canonical_nofeat_seed0_r500.pkl
CIFAR-100,iid,261,0.20873849391937255,0.21461825142304103,/home/minss/fl/DXFL/logs/lambda/adaptive/logs_js_granularity_temperature_canonical_no_feature/iid/seed0/js_client/cifar100_iid_js_client_tkd1p00_canonical_nofeat_seed0_r500.pkl
CIFAR-100,iid,262,0.21445272862911224,0.21368065764506658,/home/minss/fl/DXFL/logs/lambda/adaptive/logs_js_granularity_temperature_canonical_no_feature/iid/seed0/js_client/cifar100_iid_js_client_tkd1p00_canonical_nofeat_seed0_r500.pkl
CIFAR-100,iid,263,0.20299130231142043,0.21235877613226575,/home/minss/fl/DXFL/logs/lambda/adaptive/logs_js_granularity_temperature_canonical_no_feature/iid/seed0/js_client/cifar100_iid_js_client_tkd1p00_canonical_nofeat_seed0_r500.pkl
CIFAR-100,iid,264,0.2070905789732933,0.21192803313334782,/home/minss/fl/DXFL/logs/lambda/adaptive/logs_js_granularity_temperature_canonical_no_feature/iid/seed0/js_client/cifar100_iid_js_client_tkd1p00_canonical_nofeat_seed0_r500.pkl
CIFAR-100,iid,265,0.22755697518587112,0.21087839682896933,/home/minss/fl/DXFL/logs/lambda/adaptive/logs_js_granularity_temperature_canonical_no_feature/iid/seed0/js_client/cifar100_iid_js_client_tkd1p00_canonical_nofeat_seed0_r500.pkl
CIFAR-100,iid,266,0.23781643360853194,0.21088865081469216,/home/minss/fl/DXFL/logs/lambda/adaptive/logs_js_granularity_temperature_canonical_no_feature/iid/seed0/js_client/cifar100_iid_js_client_tkd1p00_canonical_nofeat_seed0_r500.pkl
CIFAR-100,iid,267,0.21918703764677047,0.21152720163265862,/home/minss/fl/DXFL/logs/lambda/adaptive/logs_js_granularity_temperature_canonical_no_feature/iid/seed0/js_client/cifar100_iid_js_client_tkd1p00_canonical_nofeat_seed0_r500.pkl
CIFAR-100,iid,268,0.21276422142982482,0.21214895913998286,/home/minss/fl/DXFL/logs/lambda/adaptive/logs_js_granularity_temperature_canonical_no_feature/iid/seed0/js_client/cifar100_iid_js_client_tkd1p00_canonical_nofeat_seed0_r500.pkl
CIFAR-100,iid,269,0.20393138527870178,0.2131833004951477,/home/minss/fl/DXFL/logs/lambda/adaptive/logs_js_granularity_temperature_canonical_no_feature/iid/seed0/js_client/cifar100_iid_js_client_tkd1p00_canonical_nofeat_seed0_r500.pkl
CIFAR-100,iid,270,0.19597191363573074,0.21310950467983883,/home/minss/fl/DXFL/logs/lambda/adaptive/logs_js_granularity_temperature_canonical_no_feature/iid/seed0/js_client/cifar100_iid_js_client_tkd1p00_canonical_nofeat_seed0_r500.pkl
CIFAR-100,iid,271,0.20165177285671235,0.21297271678845087,/home/minss/fl/DXFL/logs/lambda/adaptive/logs_js_granularity_temperature_canonical_no_feature/iid/seed0/js_client/cifar100_iid_js_client_tkd1p00_canonical_nofeat_seed0_r500.pkl
CIFAR-100,iid,272,0.1996493697166443,0.21397115816672643,/home/minss/fl/DXFL/logs/lambda/adaptive/logs_js_granularity_temperature_canonical_no_feature/iid/seed0/js_client/cifar100_iid_js_client_tkd1p00_canonical_nofeat_seed0_r500.pkl
CIFAR-100,iid,273,0.21429129391908647,0.2148608508706093,/home/minss/fl/DXFL/logs/lambda/adaptive/logs_js_granularity_temperature_canonical_no_feature/iid/seed0/js_client/cifar100_iid_js_client_tkd1p00_canonical_nofeat_seed0_r500.pkl
CIFAR-100,iid,274,0.21544890850782394,0.2130150243639946,/home/minss/fl/DXFL/logs/lambda/adaptive/logs_js_granularity_temperature_canonical_no_feature/iid/seed0/js_client/cifar100_iid_js_client_tkd1p00_canonical_nofeat_seed0_r500.pkl
CIFAR-100,iid,275,0.2206919714808464,0.21244717737038932,/home/minss/fl/DXFL/logs/lambda/adaptive/logs_js_granularity_temperature_canonical_no_feature/iid/seed0/js_client/cifar100_iid_js_client_tkd1p00_canonical_nofeat_seed0_r500.pkl
CIFAR-100,iid,276,0.22425361424684526,0.21240349849065146,/home/minss/fl/DXFL/logs/lambda/adaptive/logs_js_granularity_temperature_canonical_no_feature/iid/seed0/js_client/cifar100_iid_js_client_tkd1p00_canonical_nofeat_seed0_r500.pkl
CIFAR-100,iid,277,0.2133457913994789,0.21229564398527145,/home/minss/fl/DXFL/logs/lambda/adaptive/logs_js_granularity_temperature_canonical_no_feature/iid/seed0/js_client/cifar100_iid_js_client_tkd1p00_canonical_nofeat_seed0_r500.pkl
CIFAR-100,iid,278,0.20093948394060135,0.21295255154371262,/home/minss/fl/DXFL/logs/lambda/adaptive/logs_js_granularity_temperature_canonical_no_feature/iid/seed0/js_client/cifar100_iid_js_client_tkd1p00_canonical_nofeat_seed0_r500.pkl
CIFAR-100,iid,279,0.2220671996474266,0.21357829421758653,/home/minss/fl/DXFL/logs/lambda/adaptive/logs_js_granularity_temperature_canonical_no_feature/iid/seed0/js_client/cifar100_iid_js_client_tkd1p00_canonical_nofeat_seed0_r500.pkl
CIFAR-100,iid,280,0.24090236574411392,0.21404383510351183,/home/minss/fl/DXFL/logs/lambda/adaptive/logs_js_granularity_temperature_canonical_no_feature/iid/seed0/js_client/cifar100_iid_js_client_tkd1p00_canonical_nofeat_seed0_r500.pkl
CIFAR-100,iid,281,0.21012903600931168,0.21422046462694805,/home/minss/fl/DXFL/logs/lambda/adaptive/logs_js_granularity_temperature_canonical_no_feature/iid/seed0/js_client/cifar100_iid_js_client_tkd1p00_canonical_nofeat_seed0_r500.pkl
CIFAR-100,iid,282,0.21066933274269103,0.21411524752775826,/home/minss/fl/DXFL/logs/lambda/adaptive/logs_js_granularity_temperature_canonical_no_feature/iid/seed0/js_client/cifar100_iid_js_client_tkd1p00_canonical_nofeat_seed0_r500.pkl
CIFAR-100,iid,283,0.212109038233757,0.21341187715530394,/home/minss/fl/DXFL/logs/lambda/adaptive/logs_js_granularity_temperature_canonical_no_feature/iid/seed0/js_client/cifar100_iid_js_client_tkd1p00_canonical_nofeat_seed0_r500.pkl
CIFAR-100,iid,284,0.20231356769800185,0.21189091434081392,/home/minss/fl/DXFL/logs/lambda/adaptive/logs_js_granularity_temperature_canonical_no_feature/iid/seed0/js_client/cifar100_iid_js_client_tkd1p00_canonical_nofeat_seed0_r500.pkl
CIFAR-100,iid,285,0.2058255270123482,0.21124588310718534,/home/minss/fl/DXFL/logs/lambda/adaptive/logs_js_granularity_temperature_canonical_no_feature/iid/seed0/js_client/cifar100_iid_js_client_tkd1p00_canonical_nofeat_seed0_r500.pkl
CIFAR-100,iid,286,0.21103791296482086,0.21162621855735775,/home/minss/fl/DXFL/logs/lambda/adaptive/logs_js_granularity_temperature_canonical_no_feature/iid/seed0/js_client/cifar100_iid_js_client_tkd1p00_canonical_nofeat_seed0_r500.pkl
CIFAR-100,iid,287,0.20663248300552367,0.21088006595770517,/home/minss/fl/DXFL/logs/lambda/adaptive/logs_js_granularity_temperature_canonical_no_feature/iid/seed0/js_client/cifar100_iid_js_client_tkd1p00_canonical_nofeat_seed0_r500.pkl
CIFAR-100,iid,288,0.2169407367706299,0.20977719376484552,/home/minss/fl/DXFL/logs/lambda/adaptive/logs_js_granularity_temperature_canonical_no_feature/iid/seed0/js_client/cifar100_iid_js_client_tkd1p00_canonical_nofeat_seed0_r500.pkl
CIFAR-100,iid,289,0.21387065201997757,0.20965906431277592,/home/minss/fl/DXFL/logs/lambda/adaptive/logs_js_granularity_temperature_canonical_no_feature/iid/seed0/js_client/cifar100_iid_js_client_tkd1p00_canonical_nofeat_seed0_r500.pkl
CIFAR-100,iid,290,0.2101414158940315,0.20909608125686646,/home/minss/fl/DXFL/logs/lambda/adaptive/logs_js_granularity_temperature_canonical_no_feature/iid/seed0/js_client/cifar100_iid_js_client_tkd1p00_canonical_nofeat_seed0_r500.pkl
CIFAR-100,iid,291,0.20143917202949524,0.20957907120386757,/home/minss/fl/DXFL/logs/lambda/adaptive/logs_js_granularity_temperature_canonical_no_feature/iid/seed0/js_client/cifar100_iid_js_client_tkd1p00_canonical_nofeat_seed0_r500.pkl
CIFAR-100,iid,292,0.20367032289505005,0.2099543187022209,/home/minss/fl/DXFL/logs/lambda/adaptive/logs_js_granularity_temperature_canonical_no_feature/iid/seed0/js_client/cifar100_iid_js_client_tkd1p00_canonical_nofeat_seed0_r500.pkl
CIFAR-100,iid,293,0.2066445156931877,0.20998858819405236,/home/minss/fl/DXFL/logs/lambda/adaptive/logs_js_granularity_temperature_canonical_no_feature/iid/seed0/js_client/cifar100_iid_js_client_tkd1p00_canonical_nofeat_seed0_r500.pkl
CIFAR-100,iid,294,0.21087491065263747,0.2099615543087323,/home/minss/fl/DXFL/logs/lambda/adaptive/logs_js_granularity_temperature_canonical_no_feature/iid/seed0/js_client/cifar100_iid_js_client_tkd1p00_canonical_nofeat_seed0_r500.pkl
CIFAR-100,iid,295,0.22435928285121917,0.21009905705849327,/home/minss/fl/DXFL/logs/lambda/adaptive/logs_js_granularity_temperature_canonical_no_feature/iid/seed0/js_client/cifar100_iid_js_client_tkd1p00_canonical_nofeat_seed0_r500.pkl
CIFAR-100,iid,296,0.20835709422826768,0.20934437851111093,/home/minss/fl/DXFL/logs/lambda/adaptive/logs_js_granularity_temperature_canonical_no_feature/iid/seed0/js_client/cifar100_iid_js_client_tkd1p00_canonical_nofeat_seed0_r500.pkl
CIFAR-100,iid,297,0.20222458690404893,0.2084070488810539,/home/minss/fl/DXFL/logs/lambda/adaptive/logs_js_granularity_temperature_canonical_no_feature/iid/seed0/js_client/cifar100_iid_js_client_tkd1p00_canonical_nofeat_seed0_r500.pkl
CIFAR-100,iid,298,0.2193538874387741,0.20904712975025175,/home/minss/fl/DXFL/logs/lambda/adaptive/logs_js_granularity_temperature_canonical_no_feature/iid/seed0/js_client/cifar100_iid_js_client_tkd1p00_canonical_nofeat_seed0_r500.pkl
CIFAR-100,iid,299,0.20794228017330169,0.21023676633834837,/home/minss/fl/DXFL/logs/lambda/adaptive/logs_js_granularity_temperature_canonical_no_feature/iid/seed0/js_client/cifar100_iid_js_client_tkd1p00_canonical_nofeat_seed0_r500.pkl
CIFAR-100,iid,300,0.2063395693898201,0.21122187534968057,/home/minss/fl/DXFL/logs/lambda/adaptive/logs_js_granularity_temperature_canonical_no_feature/iid/seed0/js_client/cifar100_iid_js_client_tkd1p00_canonical_nofeat_seed0_r500.pkl
CIFAR-100,iid,301,0.21063240468502045,0.21172981282075246,/home/minss/fl/DXFL/logs/lambda/adaptive/logs_js_granularity_temperature_canonical_no_feature/iid/seed0/js_client/cifar100_iid_js_client_tkd1p00_canonical_nofeat_seed0_r500.pkl
CIFAR-100,iid,302,0.20869502425193787,0.21177596767743426,/home/minss/fl/DXFL/logs/lambda/adaptive/logs_js_granularity_temperature_canonical_no_feature/iid/seed0/js_client/cifar100_iid_js_client_tkd1p00_canonical_nofeat_seed0_r500.pkl
CIFAR-100,iid,303,0.20562055855989456,0.210232380926609,/home/minss/fl/DXFL/logs/lambda/adaptive/logs_js_granularity_temperature_canonical_no_feature/iid/seed0/js_client/cifar100_iid_js_client_tkd1p00_canonical_nofeat_seed0_r500.pkl
CIFAR-100,iid,304,0.1998107075691223,0.21082469105720517,/home/minss/fl/DXFL/logs/lambda/adaptive/logs_js_granularity_temperature_canonical_no_feature/iid/seed0/js_client/cifar100_iid_js_client_tkd1p00_canonical_nofeat_seed0_r500.pkl
CIFAR-100,iid,305,0.2197426289319992,0.2113782252868016,/home/minss/fl/DXFL/logs/lambda/adaptive/logs_js_granularity_temperature_canonical_no_feature/iid/seed0/js_client/cifar100_iid_js_client_tkd1p00_canonical_nofeat_seed0_r500.pkl
CIFAR-100,iid,306,0.21928372085094452,0.20996459752321237,/home/minss/fl/DXFL/logs/lambda/adaptive/logs_js_granularity_temperature_canonical_no_feature/iid/seed0/js_client/cifar100_iid_js_client_tkd1p00_canonical_nofeat_seed0_r500.pkl
CIFAR-100,iid,307,0.21844695806503295,0.20900196105241772,/home/minss/fl/DXFL/logs/lambda/adaptive/logs_js_granularity_temperature_canonical_no_feature/iid/seed0/js_client/cifar100_iid_js_client_tkd1p00_canonical_nofeat_seed0_r500.pkl
CIFAR-100,iid,308,0.2142635777592659,0.20926170031229652,/home/minss/fl/DXFL/logs/lambda/adaptive/logs_js_granularity_temperature_canonical_no_feature/iid/seed0/js_client/cifar100_iid_js_client_tkd1p00_canonical_nofeat_seed0_r500.pkl
CIFAR-100,iid,309,0.21156723350286483,0.21083490113417308,/home/minss/fl/DXFL/logs/lambda/adaptive/logs_js_granularity_temperature_canonical_no_feature/iid/seed0/js_client/cifar100_iid_js_client_tkd1p00_canonical_nofeat_seed0_r500.pkl
CIFAR-100,iid,310,0.2012054815888405,0.2114756054679553,/home/minss/fl/DXFL/logs/lambda/adaptive/logs_js_granularity_temperature_canonical_no_feature/iid/seed0/js_client/cifar100_iid_js_client_tkd1p00_canonical_nofeat_seed0_r500.pkl
CIFAR-100,iid,311,0.2172417461872101,0.212257796227932,/home/minss/fl/DXFL/logs/lambda/adaptive/logs_js_granularity_temperature_canonical_no_feature/iid/seed0/js_client/cifar100_iid_js_client_tkd1p00_canonical_nofeat_seed0_r500.pkl
CIFAR-100,iid,312,0.21052760034799575,0.21300774673620865,/home/minss/fl/DXFL/logs/lambda/adaptive/logs_js_granularity_temperature_canonical_no_feature/iid/seed0/js_client/cifar100_iid_js_client_tkd1p00_canonical_nofeat_seed0_r500.pkl
CIFAR-100,iid,313,0.19814947098493577,0.21215409944454833,/home/minss/fl/DXFL/logs/lambda/adaptive/logs_js_granularity_temperature_canonical_no_feature/iid/seed0/js_client/cifar100_iid_js_client_tkd1p00_canonical_nofeat_seed0_r500.pkl
CIFAR-100,iid,314,0.19350273311138153,0.21138341168562572,/home/minss/fl/DXFL/logs/lambda/adaptive/logs_js_granularity_temperature_canonical_no_feature/iid/seed0/js_client/cifar100_iid_js_client_tkd1p00_canonical_nofeat_seed0_r500.pkl
CIFAR-100,iid,315,0.210235658288002,0.21144530932108563,/home/minss/fl/DXFL/logs/lambda/adaptive/logs_js_granularity_temperature_canonical_no_feature/iid/seed0/js_client/cifar100_iid_js_client_tkd1p00_canonical_nofeat_seed0_r500.pkl
CIFAR-100,iid,316,0.23423041701316832,0.21238542179266615,/home/minss/fl/DXFL/logs/lambda/adaptive/logs_js_granularity_temperature_canonical_no_feature/iid/seed0/js_client/cifar100_iid_js_client_tkd1p00_canonical_nofeat_seed0_r500.pkl
CIFAR-100,iid,317,0.2183055892586708,0.2128557566801707,/home/minss/fl/DXFL/logs/lambda/adaptive/logs_js_granularity_temperature_canonical_no_feature/iid/seed0/js_client/cifar100_iid_js_client_tkd1p00_canonical_nofeat_seed0_r500.pkl
CIFAR-100,iid,318,0.21735341995954513,0.2128178804119428,/home/minss/fl/DXFL/logs/lambda/adaptive/logs_js_granularity_temperature_canonical_no_feature/iid/seed0/js_client/cifar100_iid_js_client_tkd1p00_canonical_nofeat_seed0_r500.pkl
CIFAR-100,iid,319,0.21105996519327164,0.21289139846960703,/home/minss/fl/DXFL/logs/lambda/adaptive/logs_js_granularity_temperature_canonical_no_feature/iid/seed0/js_client/cifar100_iid_js_client_tkd1p00_canonical_nofeat_seed0_r500.pkl
CIFAR-100,iid,320,0.20693791955709456,0.21338922272125885,/home/minss/fl/DXFL/logs/lambda/adaptive/logs_js_granularity_temperature_canonical_no_feature/iid/seed0/js_client/cifar100_iid_js_client_tkd1p00_canonical_nofeat_seed0_r500.pkl
CIFAR-100,iid,321,0.20772340446710585,0.21468611955642705,/home/minss/fl/DXFL/logs/lambda/adaptive/logs_js_granularity_temperature_canonical_no_feature/iid/seed0/js_client/cifar100_iid_js_client_tkd1p00_canonical_nofeat_seed0_r500.pkl
CIFAR-100,iid,322,0.21937542259693146,0.2157659974694252,/home/minss/fl/DXFL/logs/lambda/adaptive/logs_js_granularity_temperature_canonical_no_feature/iid/seed0/js_client/cifar100_iid_js_client_tkd1p00_canonical_nofeat_seed0_r500.pkl
CIFAR-100,iid,323,0.22836526483297348,0.21631178210179014,/home/minss/fl/DXFL/logs/lambda/adaptive/logs_js_granularity_temperature_canonical_no_feature/iid/seed0/js_client/cifar100_iid_js_client_tkd1p00_canonical_nofeat_seed0_r500.pkl
CIFAR-100,iid,324,0.2186222568154335,0.2152724107106527,/home/minss/fl/DXFL/logs/lambda/adaptive/logs_js_granularity_temperature_canonical_no_feature/iid/seed0/js_client/cifar100_iid_js_client_tkd1p00_canonical_nofeat_seed0_r500.pkl
CIFAR-100,iid,325,0.20063733756542207,0.21517646779616675,/home/minss/fl/DXFL/logs/lambda/adaptive/logs_js_granularity_temperature_canonical_no_feature/iid/seed0/js_client/cifar100_iid_js_client_tkd1p00_canonical_nofeat_seed0_r500.pkl
CIFAR-100,iid,326,0.21834451705217361,0.21416468332211175,/home/minss/fl/DXFL/logs/lambda/adaptive/logs_js_granularity_temperature_canonical_no_feature/iid/seed0/js_client/cifar100_iid_js_client_tkd1p00_canonical_nofeat_seed0_r500.pkl
CIFAR-100,iid,327,0.21799496412277222,0.2135488227009773,/home/minss/fl/DXFL/logs/lambda/adaptive/logs_js_granularity_temperature_canonical_no_feature/iid/seed0/js_client/cifar100_iid_js_client_tkd1p00_canonical_nofeat_seed0_r500.pkl
CIFAR-100,iid,328,0.2176029235124588,0.21475210001071296,/home/minss/fl/DXFL/logs/lambda/adaptive/logs_js_granularity_temperature_canonical_no_feature/iid/seed0/js_client/cifar100_iid_js_client_tkd1p00_canonical_nofeat_seed0_r500.pkl
CIFAR-100,iid,329,0.20970090180635453,0.21572380969921748,/home/minss/fl/DXFL/logs/lambda/adaptive/logs_js_granularity_temperature_canonical_no_feature/iid/seed0/js_client/cifar100_iid_js_client_tkd1p00_canonical_nofeat_seed0_r500.pkl
CIFAR-100,iid,330,0.21842242777347565,0.21546226074298225,/home/minss/fl/DXFL/logs/lambda/adaptive/logs_js_granularity_temperature_canonical_no_feature/iid/seed0/js_client/cifar100_iid_js_client_tkd1p00_canonical_nofeat_seed0_r500.pkl
CIFAR-100,iid,331,0.2186398461461067,0.21486509680747987,/home/minss/fl/DXFL/logs/lambda/adaptive/logs_js_granularity_temperature_canonical_no_feature/iid/seed0/js_client/cifar100_iid_js_client_tkd1p00_canonical_nofeat_seed0_r500.pkl
CIFAR-100,iid,332,0.21686644554138185,0.2145193990071615,/home/minss/fl/DXFL/logs/lambda/adaptive/logs_js_granularity_temperature_canonical_no_feature/iid/seed0/js_client/cifar100_iid_js_client_tkd1p00_canonical_nofeat_seed0_r500.pkl
CIFAR-100,iid,333,0.20217665284872055,0.21573742826779685,/home/minss/fl/DXFL/logs/lambda/adaptive/logs_js_granularity_temperature_canonical_no_feature/iid/seed0/js_client/cifar100_iid_js_client_tkd1p00_canonical_nofeat_seed0_r500.pkl
CIFAR-100,iid,334,0.20182205587625504,0.2160216854015986,/home/minss/fl/DXFL/logs/lambda/adaptive/logs_js_granularity_temperature_canonical_no_feature/iid/seed0/js_client/cifar100_iid_js_client_tkd1p00_canonical_nofeat_seed0_r500.pkl
CIFAR-100,iid,335,0.22498707920312883,0.21581240087747572,/home/minss/fl/DXFL/logs/lambda/adaptive/logs_js_granularity_temperature_canonical_no_feature/iid/seed0/js_client/cifar100_iid_js_client_tkd1p00_canonical_nofeat_seed0_r500.pkl
CIFAR-100,iid,336,0.2222990497946739,0.21646980871756866,/home/minss/fl/DXFL/logs/lambda/adaptive/logs_js_granularity_temperature_canonical_no_feature/iid/seed0/js_client/cifar100_iid_js_client_tkd1p00_canonical_nofeat_seed0_r500.pkl
CIFAR-100,iid,337,0.2154521882534027,0.21811152100563047,/home/minss/fl/DXFL/logs/lambda/adaptive/logs_js_granularity_temperature_canonical_no_feature/iid/seed0/js_client/cifar100_iid_js_client_tkd1p00_canonical_nofeat_seed0_r500.pkl
CIFAR-100,iid,338,0.21940780580043792,0.21763184259335197,/home/minss/fl/DXFL/logs/lambda/adaptive/logs_js_granularity_temperature_canonical_no_feature/iid/seed0/js_client/cifar100_iid_js_client_tkd1p00_canonical_nofeat_seed0_r500.pkl
CIFAR-100,iid,339,0.2134367898106575,0.21587409824132917,/home/minss/fl/DXFL/logs/lambda/adaptive/logs_js_granularity_temperature_canonical_no_feature/iid/seed0/js_client/cifar100_iid_js_client_tkd1p00_canonical_nofeat_seed0_r500.pkl
CIFAR-100,iid,340,0.2189077764749527,0.2154029654463132,/home/minss/fl/DXFL/logs/lambda/adaptive/logs_js_granularity_temperature_canonical_no_feature/iid/seed0/js_client/cifar100_iid_js_client_tkd1p00_canonical_nofeat_seed0_r500.pkl
CIFAR-100,iid,341,0.22260837405920028,0.21566886564095814,/home/minss/fl/DXFL/logs/lambda/adaptive/logs_js_granularity_temperature_canonical_no_feature/iid/seed0/js_client/cifar100_iid_js_client_tkd1p00_canonical_nofeat_seed0_r500.pkl
CIFAR-100,iid,342,0.2148556962609291,0.21561423559983572,/home/minss/fl/DXFL/logs/lambda/adaptive/logs_js_granularity_temperature_canonical_no_feature/iid/seed0/js_client/cifar100_iid_js_client_tkd1p00_canonical_nofeat_seed0_r500.pkl
CIFAR-100,iid,343,0.22746404111385346,0.2147782661517461,/home/minss/fl/DXFL/logs/lambda/adaptive/logs_js_granularity_temperature_canonical_no_feature/iid/seed0/js_client/cifar100_iid_js_client_tkd1p00_canonical_nofeat_seed0_r500.pkl
CIFAR-100,iid,344,0.2343265861272812,0.21447110305229825,/home/minss/fl/DXFL/logs/lambda/adaptive/logs_js_granularity_temperature_canonical_no_feature/iid/seed0/js_client/cifar100_iid_js_client_tkd1p00_canonical_nofeat_seed0_r500.pkl
CIFAR-100,iid,345,0.21122725158929825,0.21413863698641458,/home/minss/fl/DXFL/logs/lambda/adaptive/logs_js_granularity_temperature_canonical_no_feature/iid/seed0/js_client/cifar100_iid_js_client_tkd1p00_canonical_nofeat_seed0_r500.pkl
CIFAR-100,iid,346,0.19227368086576463,0.21365284870068232,/home/minss/fl/DXFL/logs/lambda/adaptive/logs_js_granularity_temperature_canonical_no_feature/iid/seed0/js_client/cifar100_iid_js_client_tkd1p00_canonical_nofeat_seed0_r500.pkl
CIFAR-100,iid,347,0.20979945361614227,0.21295707692702612,/home/minss/fl/DXFL/logs/lambda/adaptive/logs_js_granularity_temperature_canonical_no_feature/iid/seed0/js_client/cifar100_iid_js_client_tkd1p00_canonical_nofeat_seed0_r500.pkl
CIFAR-100,iid,348,0.20616515576839448,0.212712462246418,/home/minss/fl/DXFL/logs/lambda/adaptive/logs_js_granularity_temperature_canonical_no_feature/iid/seed0/js_client/cifar100_iid_js_client_tkd1p00_canonical_nofeat_seed0_r500.pkl
CIFAR-100,iid,349,0.2010026052594185,0.2114726932843526,/home/minss/fl/DXFL/logs/lambda/adaptive/logs_js_granularity_temperature_canonical_no_feature/iid/seed0/js_client/cifar100_iid_js_client_tkd1p00_canonical_nofeat_seed0_r500.pkl
CIFAR-100,iid,350,0.21244753748178483,0.21085424582163492,/home/minss/fl/DXFL/logs/lambda/adaptive/logs_js_granularity_temperature_canonical_no_feature/iid/seed0/js_client/cifar100_iid_js_client_tkd1p00_canonical_nofeat_seed0_r500.pkl
CIFAR-100,iid,351,0.21769160330295562,0.20941531697909038,/home/minss/fl/DXFL/logs/lambda/adaptive/logs_js_granularity_temperature_canonical_no_feature/iid/seed0/js_client/cifar100_iid_js_client_tkd1p00_canonical_nofeat_seed0_r500.pkl
CIFAR-100,iid,352,0.21046519726514817,0.20842673103014628,/home/minss/fl/DXFL/logs/lambda/adaptive/logs_js_granularity_temperature_canonical_no_feature/iid/seed0/js_client/cifar100_iid_js_client_tkd1p00_canonical_nofeat_seed0_r500.pkl
CIFAR-100,iid,353,0.21212098151445388,0.2091497015953064,/home/minss/fl/DXFL/logs/lambda/adaptive/logs_js_granularity_temperature_canonical_no_feature/iid/seed0/js_client/cifar100_iid_js_client_tkd1p00_canonical_nofeat_seed0_r500.pkl
CIFAR-100,iid,354,0.20300021320581435,0.2111005039016406,/home/minss/fl/DXFL/logs/lambda/adaptive/logs_js_granularity_temperature_canonical_no_feature/iid/seed0/js_client/cifar100_iid_js_client_tkd1p00_canonical_nofeat_seed0_r500.pkl
CIFAR-100,iid,355,0.215238556265831,0.21180074036121369,/home/minss/fl/DXFL/logs/lambda/adaptive/logs_js_granularity_temperature_canonical_no_feature/iid/seed0/js_client/cifar100_iid_js_client_tkd1p00_canonical_nofeat_seed0_r500.pkl
CIFAR-100,iid,356,0.20401183962821962,0.21230329543352128,/home/minss/fl/DXFL/logs/lambda/adaptive/logs_js_granularity_temperature_canonical_no_feature/iid/seed0/js_client/cifar100_iid_js_client_tkd1p00_canonical_nofeat_seed0_r500.pkl
CIFAR-100,iid,357,0.20557898432016372,0.2123410224914551,/home/minss/fl/DXFL/logs/lambda/adaptive/logs_js_granularity_temperature_canonical_no_feature/iid/seed0/js_client/cifar100_iid_js_client_tkd1p00_canonical_nofeat_seed0_r500.pkl
CIFAR-100,iid,358,0.2058801084756851,0.2121776440739632,/home/minss/fl/DXFL/logs/lambda/adaptive/logs_js_granularity_temperature_canonical_no_feature/iid/seed0/js_client/cifar100_iid_js_client_tkd1p00_canonical_nofeat_seed0_r500.pkl
CIFAR-100,iid,359,0.21949779689311982,0.2114866148432096,/home/minss/fl/DXFL/logs/lambda/adaptive/logs_js_granularity_temperature_canonical_no_feature/iid/seed0/js_client/cifar100_iid_js_client_tkd1p00_canonical_nofeat_seed0_r500.pkl
CIFAR-100,iid,360,0.2220718100667,0.21200713088115059,/home/minss/fl/DXFL/logs/lambda/adaptive/logs_js_granularity_temperature_canonical_no_feature/iid/seed0/js_client/cifar100_iid_js_client_tkd1p00_canonical_nofeat_seed0_r500.pkl
CIFAR-100,iid,361,0.22153571546077727,0.21300626546144488,/home/minss/fl/DXFL/logs/lambda/adaptive/logs_js_granularity_temperature_canonical_no_feature/iid/seed0/js_client/cifar100_iid_js_client_tkd1p00_canonical_nofeat_seed0_r500.pkl
CIFAR-100,iid,362,0.22030300050973892,0.2143903164068858,/home/minss/fl/DXFL/logs/lambda/adaptive/logs_js_granularity_temperature_canonical_no_feature/iid/seed0/js_client/cifar100_iid_js_client_tkd1p00_canonical_nofeat_seed0_r500.pkl
CIFAR-100,iid,363,0.21370348185300828,0.21385418454806013,/home/minss/fl/DXFL/logs/lambda/adaptive/logs_js_granularity_temperature_canonical_no_feature/iid/seed0/js_client/cifar100_iid_js_client_tkd1p00_canonical_nofeat_seed0_r500.pkl
CIFAR-100,iid,364,0.2015685111284256,0.2142302662134171,/home/minss/fl/DXFL/logs/lambda/adaptive/logs_js_granularity_temperature_canonical_no_feature/iid/seed0/js_client/cifar100_iid_js_client_tkd1p00_canonical_nofeat_seed0_r500.pkl
CIFAR-100,iid,365,0.20999686121940614,0.21441741615533833,/home/minss/fl/DXFL/logs/lambda/adaptive/logs_js_granularity_temperature_canonical_no_feature/iid/seed0/js_client/cifar100_iid_js_client_tkd1p00_canonical_nofeat_seed0_r500.pkl
CIFAR-100,iid,366,0.20732616484165192,0.21548959702253342,/home/minss/fl/DXFL/logs/lambda/adaptive/logs_js_granularity_temperature_canonical_no_feature/iid/seed0/js_client/cifar100_iid_js_client_tkd1p00_canonical_nofeat_seed0_r500.pkl
CIFAR-100,iid,367,0.21827293783426285,0.21609746088584267,/home/minss/fl/DXFL/logs/lambda/adaptive/logs_js_granularity_temperature_canonical_no_feature/iid/seed0/js_client/cifar100_iid_js_client_tkd1p00_canonical_nofeat_seed0_r500.pkl
CIFAR-100,iid,368,0.22710800021886826,0.21543434460957847,/home/minss/fl/DXFL/logs/lambda/adaptive/logs_js_granularity_temperature_canonical_no_feature/iid/seed0/js_client/cifar100_iid_js_client_tkd1p00_canonical_nofeat_seed0_r500.pkl
CIFAR-100,iid,369,0.22376097738742828,0.21480061064163847,/home/minss/fl/DXFL/logs/lambda/adaptive/logs_js_granularity_temperature_canonical_no_feature/iid/seed0/js_client/cifar100_iid_js_client_tkd1p00_canonical_nofeat_seed0_r500.pkl
CIFAR-100,iid,370,0.20719657838344574,0.21404350916544598,/home/minss/fl/DXFL/logs/lambda/adaptive/logs_js_granularity_temperature_canonical_no_feature/iid/seed0/js_client/cifar100_iid_js_client_tkd1p00_canonical_nofeat_seed0_r500.pkl
CIFAR-100,iid,371,0.2096530646085739,0.21411375214656195,/home/minss/fl/DXFL/logs/lambda/adaptive/logs_js_granularity_temperature_canonical_no_feature/iid/seed0/js_client/cifar100_iid_js_client_tkd1p00_canonical_nofeat_seed0_r500.pkl
CIFAR-100,iid,372,0.20838623344898224,0.2159744656085968,/home/minss/fl/DXFL/logs/lambda/adaptive/logs_js_granularity_temperature_canonical_no_feature/iid/seed0/js_client/cifar100_iid_js_client_tkd1p00_canonical_nofeat_seed0_r500.pkl
CIFAR-100,iid,373,0.22196282148361207,0.21624676058689754,/home/minss/fl/DXFL/logs/lambda/adaptive/logs_js_granularity_temperature_canonical_no_feature/iid/seed0/js_client/cifar100_iid_js_client_tkd1p00_canonical_nofeat_seed0_r500.pkl
CIFAR-100,iid,374,0.22861575484275817,0.2170151070753733,/home/minss/fl/DXFL/logs/lambda/adaptive/logs_js_granularity_temperature_canonical_no_feature/iid/seed0/js_client/cifar100_iid_js_client_tkd1p00_canonical_nofeat_seed0_r500.pkl
CIFAR-100,iid,375,0.2121250659227371,0.21733739684025447,/home/minss/fl/DXFL/logs/lambda/adaptive/logs_js_granularity_temperature_canonical_no_feature/iid/seed0/js_client/cifar100_iid_js_client_tkd1p00_canonical_nofeat_seed0_r500.pkl
CIFAR-100,iid,376,0.21202970594167708,0.21781006803115208,/home/minss/fl/DXFL/logs/lambda/adaptive/logs_js_granularity_temperature_canonical_no_feature/iid/seed0/js_client/cifar100_iid_js_client_tkd1p00_canonical_nofeat_seed0_r500.pkl
CIFAR-100,iid,377,0.20894647836685182,0.21792049139738082,/home/minss/fl/DXFL/logs/lambda/adaptive/logs_js_granularity_temperature_canonical_no_feature/iid/seed0/js_client/cifar100_iid_js_client_tkd1p00_canonical_nofeat_seed0_r500.pkl
CIFAR-100,iid,378,0.21475712656974794,0.2191010503967603,/home/minss/fl/DXFL/logs/lambda/adaptive/logs_js_granularity_temperature_canonical_no_feature/iid/seed0/js_client/cifar100_iid_js_client_tkd1p00_canonical_nofeat_seed0_r500.pkl
CIFAR-100,iid,379,0.22947921305894853,0.21920350621143977,/home/minss/fl/DXFL/logs/lambda/adaptive/logs_js_granularity_temperature_canonical_no_feature/iid/seed0/js_client/cifar100_iid_js_client_tkd1p00_canonical_nofeat_seed0_r500.pkl
CIFAR-100,iid,380,0.2140812858939171,0.21933469345172246,/home/minss/fl/DXFL/logs/lambda/adaptive/logs_js_granularity_temperature_canonical_no_feature/iid/seed0/js_client/cifar100_iid_js_client_tkd1p00_canonical_nofeat_seed0_r500.pkl
CIFAR-100,iid,381,0.21885136216878892,0.21825397670269012,/home/minss/fl/DXFL/logs/lambda/adaptive/logs_js_granularity_temperature_canonical_no_feature/iid/seed0/js_client/cifar100_iid_js_client_tkd1p00_canonical_nofeat_seed0_r500.pkl
CIFAR-100,iid,382,0.22310728430747986,0.21671488483746848,/home/minss/fl/DXFL/logs/lambda/adaptive/logs_js_granularity_temperature_canonical_no_feature/iid/seed0/js_client/cifar100_iid_js_client_tkd1p00_canonical_nofeat_seed0_r500.pkl
CIFAR-100,iid,383,0.23419806808233262,0.21510899662971497,/home/minss/fl/DXFL/logs/lambda/adaptive/logs_js_granularity_temperature_canonical_no_feature/iid/seed0/js_client/cifar100_iid_js_client_tkd1p00_canonical_nofeat_seed0_r500.pkl
CIFAR-100,iid,384,0.22541732788085939,0.21374490678310393,/home/minss/fl/DXFL/logs/lambda/adaptive/logs_js_granularity_temperature_canonical_no_feature/iid/seed0/js_client/cifar100_iid_js_client_tkd1p00_canonical_nofeat_seed0_r500.pkl
CIFAR-100,iid,385,0.22490496337413787,0.21438581148783367,/home/minss/fl/DXFL/logs/lambda/adaptive/logs_js_granularity_temperature_canonical_no_feature/iid/seed0/js_client/cifar100_iid_js_client_tkd1p00_canonical_nofeat_seed0_r500.pkl
CIFAR-100,iid,386,0.21118990182876587,0.21490092237790429,/home/minss/fl/DXFL/logs/lambda/adaptive/logs_js_granularity_temperature_canonical_no_feature/iid/seed0/js_client/cifar100_iid_js_client_tkd1p00_canonical_nofeat_seed0_r500.pkl
CIFAR-100,iid,387,0.21035404205322267,0.213647720515728,/home/minss/fl/DXFL/logs/lambda/adaptive/logs_js_granularity_temperature_canonical_no_feature/iid/seed0/js_client/cifar100_iid_js_client_tkd1p00_canonical_nofeat_seed0_r500.pkl
CIFAR-100,iid,388,0.20575207024812697,0.2137364892164866,/home/minss/fl/DXFL/logs/lambda/adaptive/logs_js_granularity_temperature_canonical_no_feature/iid/seed0/js_client/cifar100_iid_js_client_tkd1p00_canonical_nofeat_seed0_r500.pkl
CIFAR-100,iid,389,0.2055293768644333,0.21413625647624332,/home/minss/fl/DXFL/logs/lambda/adaptive/logs_js_granularity_temperature_canonical_no_feature/iid/seed0/js_client/cifar100_iid_js_client_tkd1p00_canonical_nofeat_seed0_r500.pkl
CIFAR-100,iid,390,0.18803674280643462,0.2147490240136782,/home/minss/fl/DXFL/logs/lambda/adaptive/logs_js_granularity_temperature_canonical_no_feature/iid/seed0/js_client/cifar100_iid_js_client_tkd1p00_canonical_nofeat_seed0_r500.pkl
CIFAR-100,iid,391,0.19156835824251175,0.2146536658207575,/home/minss/fl/DXFL/logs/lambda/adaptive/logs_js_granularity_temperature_canonical_no_feature/iid/seed0/js_client/cifar100_iid_js_client_tkd1p00_canonical_nofeat_seed0_r500.pkl
CIFAR-100,iid,392,0.21856004893779754,0.21422451953093208,/home/minss/fl/DXFL/logs/lambda/adaptive/logs_js_granularity_temperature_canonical_no_feature/iid/seed0/js_client/cifar100_iid_js_client_tkd1p00_canonical_nofeat_seed0_r500.pkl
CIFAR-100,iid,393,0.2224837899208069,0.21331207950909933,/home/minss/fl/DXFL/logs/lambda/adaptive/logs_js_granularity_temperature_canonical_no_feature/iid/seed0/js_client/cifar100_iid_js_client_tkd1p00_canonical_nofeat_seed0_r500.pkl
CIFAR-100,iid,394,0.21068118512630463,0.21329892605543138,/home/minss/fl/DXFL/logs/lambda/adaptive/logs_js_granularity_temperature_canonical_no_feature/iid/seed0/js_client/cifar100_iid_js_client_tkd1p00_canonical_nofeat_seed0_r500.pkl
CIFAR-100,iid,395,0.21541281640529633,0.21343448479970298,/home/minss/fl/DXFL/logs/lambda/adaptive/logs_js_granularity_temperature_canonical_no_feature/iid/seed0/js_client/cifar100_iid_js_client_tkd1p00_canonical_nofeat_seed0_r500.pkl
CIFAR-100,iid,396,0.22484787106513976,0.21382156789302828,/home/minss/fl/DXFL/logs/lambda/adaptive/logs_js_granularity_temperature_canonical_no_feature/iid/seed0/js_client/cifar100_iid_js_client_tkd1p00_canonical_nofeat_seed0_r500.pkl
CIFAR-100,iid,397,0.2322987973690033,0.21498955875635148,/home/minss/fl/DXFL/logs/lambda/adaptive/logs_js_granularity_temperature_canonical_no_feature/iid/seed0/js_client/cifar100_iid_js_client_tkd1p00_canonical_nofeat_seed0_r500.pkl
CIFAR-100,iid,398,0.23276769518852233,0.21690906991561254,/home/minss/fl/DXFL/logs/lambda/adaptive/logs_js_granularity_temperature_canonical_no_feature/iid/seed0/js_client/cifar100_iid_js_client_tkd1p00_canonical_nofeat_seed0_r500.pkl
CIFAR-100,iid,399,0.21898013353347778,0.21890534033377965,/home/minss/fl/DXFL/logs/lambda/adaptive/logs_js_granularity_temperature_canonical_no_feature/iid/seed0/js_client/cifar100_iid_js_client_tkd1p00_canonical_nofeat_seed0_r500.pkl
CIFAR-100,iid,400,0.21121836304664612,0.22185905198256173,/home/minss/fl/DXFL/logs/lambda/adaptive/logs_js_granularity_temperature_canonical_no_feature/iid/seed0/js_client/cifar100_iid_js_client_tkd1p00_canonical_nofeat_seed0_r500.pkl
CIFAR-100,iid,401,0.21099260002374648,0.22385663519303,/home/minss/fl/DXFL/logs/lambda/adaptive/logs_js_granularity_temperature_canonical_no_feature/iid/seed0/js_client/cifar100_iid_js_client_tkd1p00_canonical_nofeat_seed0_r500.pkl
CIFAR-100,iid,402,0.2123874232172966,0.22498595943053562,/home/minss/fl/DXFL/logs/lambda/adaptive/logs_js_granularity_temperature_canonical_no_feature/iid/seed0/js_client/cifar100_iid_js_client_tkd1p00_canonical_nofeat_seed0_r500.pkl
CIFAR-100,iid,403,0.21155831664800645,0.22526800304651262,/home/minss/fl/DXFL/logs/lambda/adaptive/logs_js_granularity_temperature_canonical_no_feature/iid/seed0/js_client/cifar100_iid_js_client_tkd1p00_canonical_nofeat_seed0_r500.pkl
CIFAR-100,iid,404,0.22304923981428146,0.22512453416983286,/home/minss/fl/DXFL/logs/lambda/adaptive/logs_js_granularity_temperature_canonical_no_feature/iid/seed0/js_client/cifar100_iid_js_client_tkd1p00_canonical_nofeat_seed0_r500.pkl
CIFAR-100,iid,405,0.21682941019535065,0.22297583440939583,/home/minss/fl/DXFL/logs/lambda/adaptive/logs_js_granularity_temperature_canonical_no_feature/iid/seed0/js_client/cifar100_iid_js_client_tkd1p00_canonical_nofeat_seed0_r500.pkl
CIFAR-100,iid,406,0.22151241451501846,0.2211068054040273,/home/minss/fl/DXFL/logs/lambda/adaptive/logs_js_granularity_temperature_canonical_no_feature/iid/seed0/js_client/cifar100_iid_js_client_tkd1p00_canonical_nofeat_seed0_r500.pkl
CIFAR-100,iid,407,0.262865723669529,0.2203756143649419,/home/minss/fl/DXFL/logs/lambda/adaptive/logs_js_granularity_temperature_canonical_no_feature/iid/seed0/js_client/cifar100_iid_js_client_tkd1p00_canonical_nofeat_seed0_r500.pkl
CIFAR-100,iid,408,0.25244753807783127,0.22092220177253086,/home/minss/fl/DXFL/logs/lambda/adaptive/logs_js_granularity_temperature_canonical_no_feature/iid/seed0/js_client/cifar100_iid_js_client_tkd1p00_canonical_nofeat_seed0_r500.pkl
CIFAR-100,iid,409,0.22762104868888855,0.22160157779852546,/home/minss/fl/DXFL/logs/lambda/adaptive/logs_js_granularity_temperature_canonical_no_feature/iid/seed0/js_client/cifar100_iid_js_client_tkd1p00_canonical_nofeat_seed0_r500.pkl
CIFAR-100,iid,410,0.21964347064495088,0.22218187401692072,/home/minss/fl/DXFL/logs/lambda/adaptive/logs_js_granularity_temperature_canonical_no_feature/iid/seed0/js_client/cifar100_iid_js_client_tkd1p00_canonical_nofeat_seed0_r500.pkl
CIFAR-100,iid,411,0.22269583791494368,0.22317232678333918,/home/minss/fl/DXFL/logs/lambda/adaptive/logs_js_granularity_temperature_canonical_no_feature/iid/seed0/js_client/cifar100_iid_js_client_tkd1p00_canonical_nofeat_seed0_r500.pkl
CIFAR-100,iid,412,0.20006830096244813,0.2235235559940338,/home/minss/fl/DXFL/logs/lambda/adaptive/logs_js_granularity_temperature_canonical_no_feature/iid/seed0/js_client/cifar100_iid_js_client_tkd1p00_canonical_nofeat_seed0_r500.pkl
CIFAR-100,iid,413,0.20473226010799409,0.224235380589962,/home/minss/fl/DXFL/logs/lambda/adaptive/logs_js_granularity_temperature_canonical_no_feature/iid/seed0/js_client/cifar100_iid_js_client_tkd1p00_canonical_nofeat_seed0_r500.pkl
CIFAR-100,iid,414,0.20801226794719696,0.22389785965283712,/home/minss/fl/DXFL/logs/lambda/adaptive/logs_js_granularity_temperature_canonical_no_feature/iid/seed0/js_client/cifar100_iid_js_client_tkd1p00_canonical_nofeat_seed0_r500.pkl
CIFAR-100,iid,415,0.2194171741604805,0.21999687681595484,/home/minss/fl/DXFL/logs/lambda/adaptive/logs_js_granularity_temperature_canonical_no_feature/iid/seed0/js_client/cifar100_iid_js_client_tkd1p00_canonical_nofeat_seed0_r500.pkl
CIFAR-100,iid,416,0.22118324041366577,0.21618874639272687,/home/minss/fl/DXFL/logs/lambda/adaptive/logs_js_granularity_temperature_canonical_no_feature/iid/seed0/js_client/cifar100_iid_js_client_tkd1p00_canonical_nofeat_seed0_r500.pkl
CIFAR-100,iid,417,0.2210918664932251,0.21530798474947607,/home/minss/fl/DXFL/logs/lambda/adaptive/logs_js_granularity_temperature_canonical_no_feature/iid/seed0/js_client/cifar100_iid_js_client_tkd1p00_canonical_nofeat_seed0_r500.pkl
CIFAR-100,iid,418,0.22641510814428328,0.21582044472297027,/home/minss/fl/DXFL/logs/lambda/adaptive/logs_js_granularity_temperature_canonical_no_feature/iid/seed0/js_client/cifar100_iid_js_client_tkd1p00_canonical_nofeat_seed0_r500.pkl
CIFAR-100,iid,419,0.22831767797470093,0.2161642068624496,/home/minss/fl/DXFL/logs/lambda/adaptive/logs_js_granularity_temperature_canonical_no_feature/iid/seed0/js_client/cifar100_iid_js_client_tkd1p00_canonical_nofeat_seed0_r500.pkl
CIFAR-100,iid,420,0.22750677913427353,0.21822516789038973,/home/minss/fl/DXFL/logs/lambda/adaptive/logs_js_granularity_temperature_canonical_no_feature/iid/seed0/js_client/cifar100_iid_js_client_tkd1p00_canonical_nofeat_seed0_r500.pkl
CIFAR-100,iid,421,0.21644960045814515,0.21903008957703904,/home/minss/fl/DXFL/logs/lambda/adaptive/logs_js_granularity_temperature_canonical_no_feature/iid/seed0/js_client/cifar100_iid_js_client_tkd1p00_canonical_nofeat_seed0_r500.pkl
CIFAR-100,iid,422,0.20435098111629485,0.21921391079823171,/home/minss/fl/DXFL/logs/lambda/adaptive/logs_js_granularity_temperature_canonical_no_feature/iid/seed0/js_client/cifar100_iid_js_client_tkd1p00_canonical_nofeat_seed0_r500.pkl
CIFAR-100,iid,423,0.19532558172941208,0.21822050263484316,/home/minss/fl/DXFL/logs/lambda/adaptive/logs_js_granularity_temperature_canonical_no_feature/iid/seed0/js_client/cifar100_iid_js_client_tkd1p00_canonical_nofeat_seed0_r500.pkl
CIFAR-100,iid,424,0.2144096240401268,0.21689156542221702,/home/minss/fl/DXFL/logs/lambda/adaptive/logs_js_granularity_temperature_canonical_no_feature/iid/seed0/js_client/cifar100_iid_js_client_tkd1p00_canonical_nofeat_seed0_r500.pkl
CIFAR-100,iid,425,0.22733037024736405,0.21637512365976969,/home/minss/fl/DXFL/logs/lambda/adaptive/logs_js_granularity_temperature_canonical_no_feature/iid/seed0/js_client/cifar100_iid_js_client_tkd1p00_canonical_nofeat_seed0_r500.pkl
CIFAR-100,iid,426,0.22785227000713348,0.2157414498925209,/home/minss/fl/DXFL/logs/lambda/adaptive/logs_js_granularity_temperature_canonical_no_feature/iid/seed0/js_client/cifar100_iid_js_client_tkd1p00_canonical_nofeat_seed0_r500.pkl
CIFAR-100,iid,427,0.23098271638154982,0.21470863491296768,/home/minss/fl/DXFL/logs/lambda/adaptive/logs_js_granularity_temperature_canonical_no_feature/iid/seed0/js_client/cifar100_iid_js_client_tkd1p00_canonical_nofeat_seed0_r500.pkl
CIFAR-100,iid,428,0.2168060854077339,0.21451935887336732,/home/minss/fl/DXFL/logs/lambda/adaptive/logs_js_granularity_temperature_canonical_no_feature/iid/seed0/js_client/cifar100_iid_js_client_tkd1p00_canonical_nofeat_seed0_r500.pkl
CIFAR-100,iid,429,0.21076958626508713,0.21597083816925686,/home/minss/fl/DXFL/logs/lambda/adaptive/logs_js_granularity_temperature_canonical_no_feature/iid/seed0/js_client/cifar100_iid_js_client_tkd1p00_canonical_nofeat_seed0_r500.pkl
CIFAR-100,iid,430,0.20451605170965195,0.2174756780266762,/home/minss/fl/DXFL/logs/lambda/adaptive/logs_js_granularity_temperature_canonical_no_feature/iid/seed0/js_client/cifar100_iid_js_client_tkd1p00_canonical_nofeat_seed0_r500.pkl
CIFAR-100,iid,431,0.20124918222427368,0.21844110101461411,/home/minss/fl/DXFL/logs/lambda/adaptive/logs_js_granularity_temperature_canonical_no_feature/iid/seed0/js_client/cifar100_iid_js_client_tkd1p00_canonical_nofeat_seed0_r500.pkl
CIFAR-100,iid,432,0.21334524005651473,0.2184869001309077,/home/minss/fl/DXFL/logs/lambda/adaptive/logs_js_granularity_temperature_canonical_no_feature/iid/seed0/js_client/cifar100_iid_js_client_tkd1p00_canonical_nofeat_seed0_r500.pkl
CIFAR-100,iid,433,0.21691000163555146,0.21849569986263911,/home/minss/fl/DXFL/logs/lambda/adaptive/logs_js_granularity_temperature_canonical_no_feature/iid/seed0/js_client/cifar100_iid_js_client_tkd1p00_canonical_nofeat_seed0_r500.pkl
CIFAR-100,iid,434,0.2128254532814026,0.2188951187332471,/home/minss/fl/DXFL/logs/lambda/adaptive/logs_js_granularity_temperature_canonical_no_feature/iid/seed0/js_client/cifar100_iid_js_client_tkd1p00_canonical_nofeat_seed0_r500.pkl
CIFAR-100,iid,435,0.22466763854026794,0.21923185149828595,/home/minss/fl/DXFL/logs/lambda/adaptive/logs_js_granularity_temperature_canonical_no_feature/iid/seed0/js_client/cifar100_iid_js_client_tkd1p00_canonical_nofeat_seed0_r500.pkl
CIFAR-100,iid,436,0.23822178989648818,0.21914116452137633,/home/minss/fl/DXFL/logs/lambda/adaptive/logs_js_granularity_temperature_canonical_no_feature/iid/seed0/js_client/cifar100_iid_js_client_tkd1p00_canonical_nofeat_seed0_r500.pkl
CIFAR-100,iid,437,0.22692357897758483,0.21917092839876812,/home/minss/fl/DXFL/logs/lambda/adaptive/logs_js_granularity_temperature_canonical_no_feature/iid/seed0/js_client/cifar100_iid_js_client_tkd1p00_canonical_nofeat_seed0_r500.pkl
CIFAR-100,iid,438,0.209806926548481,0.21979393025239308,/home/minss/fl/DXFL/logs/lambda/adaptive/logs_js_granularity_temperature_canonical_no_feature/iid/seed0/js_client/cifar100_iid_js_client_tkd1p00_canonical_nofeat_seed0_r500.pkl
CIFAR-100,iid,439,0.21509661078453063,0.22066384692986804,/home/minss/fl/DXFL/logs/lambda/adaptive/logs_js_granularity_temperature_canonical_no_feature/iid/seed0/js_client/cifar100_iid_js_client_tkd1p00_canonical_nofeat_seed0_r500.pkl
CIFAR-100,iid,440,0.22746236622333527,0.22127829740444818,/home/minss/fl/DXFL/logs/lambda/adaptive/logs_js_granularity_temperature_canonical_no_feature/iid/seed0/js_client/cifar100_iid_js_client_tkd1p00_canonical_nofeat_seed0_r500.pkl
CIFAR-100,iid,441,0.23384355306625365,0.2223130190372467,/home/minss/fl/DXFL/logs/lambda/adaptive/logs_js_granularity_temperature_canonical_no_feature/iid/seed0/js_client/cifar100_iid_js_client_tkd1p00_canonical_nofeat_seed0_r500.pkl
CIFAR-100,iid,442,0.23603370785713196,0.22404649049043657,/home/minss/fl/DXFL/logs/lambda/adaptive/logs_js_granularity_temperature_canonical_no_feature/iid/seed0/js_client/cifar100_iid_js_client_tkd1p00_canonical_nofeat_seed0_r500.pkl
CIFAR-100,iid,443,0.21544578075408935,0.22448212057352068,/home/minss/fl/DXFL/logs/lambda/adaptive/logs_js_granularity_temperature_canonical_no_feature/iid/seed0/js_client/cifar100_iid_js_client_tkd1p00_canonical_nofeat_seed0_r500.pkl
CIFAR-100,iid,444,0.21121604442596437,0.22364103456338247,/home/minss/fl/DXFL/logs/lambda/adaptive/logs_js_granularity_temperature_canonical_no_feature/iid/seed0/js_client/cifar100_iid_js_client_tkd1p00_canonical_nofeat_seed0_r500.pkl
CIFAR-100,iid,445,0.21386107951402664,0.22355111449956894,/home/minss/fl/DXFL/logs/lambda/adaptive/logs_js_granularity_temperature_canonical_no_feature/iid/seed0/js_client/cifar100_iid_js_client_tkd1p00_canonical_nofeat_seed0_r500.pkl
CIFAR-100,iid,446,0.21429793238639833,0.2235417671998342,/home/minss/fl/DXFL/logs/lambda/adaptive/logs_js_granularity_temperature_canonical_no_feature/iid/seed0/js_client/cifar100_iid_js_client_tkd1p00_canonical_nofeat_seed0_r500.pkl
CIFAR-100,iid,447,0.22256199717521669,0.22440693179766338,/home/minss/fl/DXFL/logs/lambda/adaptive/logs_js_granularity_temperature_canonical_no_feature/iid/seed0/js_client/cifar100_iid_js_client_tkd1p00_canonical_nofeat_seed0_r500.pkl
CIFAR-100,iid,448,0.23243082612752913,0.2247397995988528,/home/minss/fl/DXFL/logs/lambda/adaptive/logs_js_granularity_temperature_canonical_no_feature/iid/seed0/js_client/cifar100_iid_js_client_tkd1p00_canonical_nofeat_seed0_r500.pkl
CIFAR-100,iid,449,0.23882752507925034,0.2238958000143369,/home/minss/fl/DXFL/logs/lambda/adaptive/logs_js_granularity_temperature_canonical_no_feature/iid/seed0/js_client/cifar100_iid_js_client_tkd1p00_canonical_nofeat_seed0_r500.pkl
CIFAR-100,iid,450,0.23120208978652954,0.2224244541923205,/home/minss/fl/DXFL/logs/lambda/adaptive/logs_js_granularity_temperature_canonical_no_feature/iid/seed0/js_client/cifar100_iid_js_client_tkd1p00_canonical_nofeat_seed0_r500.pkl
CIFAR-100,iid,451,0.2256054997444153,0.22116474598646163,/home/minss/fl/DXFL/logs/lambda/adaptive/logs_js_granularity_temperature_canonical_no_feature/iid/seed0/js_client/cifar100_iid_js_client_tkd1p00_canonical_nofeat_seed0_r500.pkl
CIFAR-100,iid,452,0.22557477802038192,0.22044548710187273,/home/minss/fl/DXFL/logs/lambda/adaptive/logs_js_granularity_temperature_canonical_no_feature/iid/seed0/js_client/cifar100_iid_js_client_tkd1p00_canonical_nofeat_seed0_r500.pkl
CIFAR-100,iid,453,0.2096667170524597,0.2209365137418111,/home/minss/fl/DXFL/logs/lambda/adaptive/logs_js_granularity_temperature_canonical_no_feature/iid/seed0/js_client/cifar100_iid_js_client_tkd1p00_canonical_nofeat_seed0_r500.pkl
CIFAR-100,iid,454,0.2280740797519684,0.22265952567259473,/home/minss/fl/DXFL/logs/lambda/adaptive/logs_js_granularity_temperature_canonical_no_feature/iid/seed0/js_client/cifar100_iid_js_client_tkd1p00_canonical_nofeat_seed0_r500.pkl
CIFAR-100,iid,455,0.2324553832411766,0.22313560664653778,/home/minss/fl/DXFL/logs/lambda/adaptive/logs_js_granularity_temperature_canonical_no_feature/iid/seed0/js_client/cifar100_iid_js_client_tkd1p00_canonical_nofeat_seed0_r500.pkl
CIFAR-100,iid,456,0.22118355929851533,0.2222176174322764,/home/minss/fl/DXFL/logs/lambda/adaptive/logs_js_granularity_temperature_canonical_no_feature/iid/seed0/js_client/cifar100_iid_js_client_tkd1p00_canonical_nofeat_seed0_r500.pkl
CIFAR-100,iid,457,0.213963520526886,0.2207886790235837,/home/minss/fl/DXFL/logs/lambda/adaptive/logs_js_granularity_temperature_canonical_no_feature/iid/seed0/js_client/cifar100_iid_js_client_tkd1p00_canonical_nofeat_seed0_r500.pkl
CIFAR-100,iid,458,0.19655015766620637,0.22020015368858972,/home/minss/fl/DXFL/logs/lambda/adaptive/logs_js_granularity_temperature_canonical_no_feature/iid/seed0/js_client/cifar100_iid_js_client_tkd1p00_canonical_nofeat_seed0_r500.pkl
CIFAR-100,iid,459,0.2004271611571312,0.219787018597126,/home/minss/fl/DXFL/logs/lambda/adaptive/logs_js_granularity_temperature_canonical_no_feature/iid/seed0/js_client/cifar100_iid_js_client_tkd1p00_canonical_nofeat_seed0_r500.pkl
CIFAR-100,iid,460,0.22122647911310195,0.21944457799196243,/home/minss/fl/DXFL/logs/lambda/adaptive/logs_js_granularity_temperature_canonical_no_feature/iid/seed0/js_client/cifar100_iid_js_client_tkd1p00_canonical_nofeat_seed0_r500.pkl
CIFAR-100,iid,461,0.24014311134815217,0.2197955552736918,/home/minss/fl/DXFL/logs/lambda/adaptive/logs_js_granularity_temperature_canonical_no_feature/iid/seed0/js_client/cifar100_iid_js_client_tkd1p00_canonical_nofeat_seed0_r500.pkl
CIFAR-100,iid,462,0.2297032117843628,0.21887681682904558,/home/minss/fl/DXFL/logs/lambda/adaptive/logs_js_granularity_temperature_canonical_no_feature/iid/seed0/js_client/cifar100_iid_js_client_tkd1p00_canonical_nofeat_seed0_r500.pkl
CIFAR-100,iid,463,0.21866098791360855,0.2181687690814336,/home/minss/fl/DXFL/logs/lambda/adaptive/logs_js_granularity_temperature_canonical_no_feature/iid/seed0/js_client/cifar100_iid_js_client_tkd1p00_canonical_nofeat_seed0_r500.pkl
CIFAR-100,iid,464,0.21739344894886017,0.2187883706887563,/home/minss/fl/DXFL/logs/lambda/adaptive/logs_js_granularity_temperature_canonical_no_feature/iid/seed0/js_client/cifar100_iid_js_client_tkd1p00_canonical_nofeat_seed0_r500.pkl
CIFAR-100,iid,465,0.22237420976161956,0.21949743856986362,/home/minss/fl/DXFL/logs/lambda/adaptive/logs_js_granularity_temperature_canonical_no_feature/iid/seed0/js_client/cifar100_iid_js_client_tkd1p00_canonical_nofeat_seed0_r500.pkl
CIFAR-100,iid,466,0.21940847337245942,0.22138923317193984,/home/minss/fl/DXFL/logs/lambda/adaptive/logs_js_granularity_temperature_canonical_no_feature/iid/seed0/js_client/cifar100_iid_js_client_tkd1p00_canonical_nofeat_seed0_r500.pkl
CIFAR-100,iid,467,0.2204381689429283,0.2232161190112432,/home/minss/fl/DXFL/logs/lambda/adaptive/logs_js_granularity_temperature_canonical_no_feature/iid/seed0/js_client/cifar100_iid_js_client_tkd1p00_canonical_nofeat_seed0_r500.pkl
CIFAR-100,iid,468,0.21493137627840042,0.22356940805912018,/home/minss/fl/DXFL/logs/lambda/adaptive/logs_js_granularity_temperature_canonical_no_feature/iid/seed0/js_client/cifar100_iid_js_client_tkd1p00_canonical_nofeat_seed0_r500.pkl
CIFAR-100,iid,469,0.2142930030822754,0.22217483441034955,/home/minss/fl/DXFL/logs/lambda/adaptive/logs_js_granularity_temperature_canonical_no_feature/iid/seed0/js_client/cifar100_iid_js_client_tkd1p00_canonical_nofeat_seed0_r500.pkl
CIFAR-100,iid,470,0.2218346670269966,0.2216924521327019,/home/minss/fl/DXFL/logs/lambda/adaptive/logs_js_granularity_temperature_canonical_no_feature/iid/seed0/js_client/cifar100_iid_js_client_tkd1p00_canonical_nofeat_seed0_r500.pkl
CIFAR-100,iid,471,0.23047758340835572,0.22245773553848266,/home/minss/fl/DXFL/logs/lambda/adaptive/logs_js_granularity_temperature_canonical_no_feature/iid/seed0/js_client/cifar100_iid_js_client_tkd1p00_canonical_nofeat_seed0_r500.pkl
CIFAR-100,iid,472,0.22459953874349595,0.22368546843528747,/home/minss/fl/DXFL/logs/lambda/adaptive/logs_js_granularity_temperature_canonical_no_feature/iid/seed0/js_client/cifar100_iid_js_client_tkd1p00_canonical_nofeat_seed0_r500.pkl
CIFAR-100,iid,473,0.22492707669734954,0.22423608422279356,/home/minss/fl/DXFL/logs/lambda/adaptive/logs_js_granularity_temperature_canonical_no_feature/iid/seed0/js_client/cifar100_iid_js_client_tkd1p00_canonical_nofeat_seed0_r500.pkl
CIFAR-100,iid,474,0.2278304487466812,0.22468707233667373,/home/minss/fl/DXFL/logs/lambda/adaptive/logs_js_granularity_temperature_canonical_no_feature/iid/seed0/js_client/cifar100_iid_js_client_tkd1p00_canonical_nofeat_seed0_r500.pkl
CIFAR-100,iid,475,0.22652581483125686,0.22537490914265315,/home/minss/fl/DXFL/logs/lambda/adaptive/logs_js_granularity_temperature_canonical_no_feature/iid/seed0/js_client/cifar100_iid_js_client_tkd1p00_canonical_nofeat_seed0_r500.pkl
CIFAR-100,iid,476,0.2192245066165924,0.22675630301237104,/home/minss/fl/DXFL/logs/lambda/adaptive/logs_js_granularity_temperature_canonical_no_feature/iid/seed0/js_client/cifar100_iid_js_client_tkd1p00_canonical_nofeat_seed0_r500.pkl
CIFAR-100,iid,477,0.22246747761964797,0.22693057924509044,/home/minss/fl/DXFL/logs/lambda/adaptive/logs_js_granularity_temperature_canonical_no_feature/iid/seed0/js_client/cifar100_iid_js_client_tkd1p00_canonical_nofeat_seed0_r500.pkl
CIFAR-100,iid,478,0.23014023900032043,0.2271480157971382,/home/minss/fl/DXFL/logs/lambda/adaptive/logs_js_granularity_temperature_canonical_no_feature/iid/seed0/js_client/cifar100_iid_js_client_tkd1p00_canonical_nofeat_seed0_r500.pkl
CIFAR-100,iid,479,0.23580944240093232,0.22604812473058697,/home/minss/fl/DXFL/logs/lambda/adaptive/logs_js_granularity_temperature_canonical_no_feature/iid/seed0/js_client/cifar100_iid_js_client_tkd1p00_canonical_nofeat_seed0_r500.pkl
CIFAR-100,iid,480,0.23063344657421112,0.2253622005383173,/home/minss/fl/DXFL/logs/lambda/adaptive/logs_js_granularity_temperature_canonical_no_feature/iid/seed0/js_client/cifar100_iid_js_client_tkd1p00_canonical_nofeat_seed0_r500.pkl
CIFAR-100,iid,481,0.22617329508066178,0.2247868696848551,/home/minss/fl/DXFL/logs/lambda/adaptive/logs_js_granularity_temperature_canonical_no_feature/iid/seed0/js_client/cifar100_iid_js_client_tkd1p00_canonical_nofeat_seed0_r500.pkl
CIFAR-100,iid,482,0.2307557210326195,0.2238970550894737,/home/minss/fl/DXFL/logs/lambda/adaptive/logs_js_granularity_temperature_canonical_no_feature/iid/seed0/js_client/cifar100_iid_js_client_tkd1p00_canonical_nofeat_seed0_r500.pkl
CIFAR-100,iid,483,0.23565228432416915,0.22367080161968864,/home/minss/fl/DXFL/logs/lambda/adaptive/logs_js_granularity_temperature_canonical_no_feature/iid/seed0/js_client/cifar100_iid_js_client_tkd1p00_canonical_nofeat_seed0_r500.pkl
CIFAR-100,iid,484,0.2169071465730667,0.22365677992502844,/home/minss/fl/DXFL/logs/lambda/adaptive/logs_js_granularity_temperature_canonical_no_feature/iid/seed0/js_client/cifar100_iid_js_client_tkd1p00_canonical_nofeat_seed0_r500.pkl
CIFAR-100,iid,485,0.22509621530771257,0.2236634559432665,/home/minss/fl/DXFL/logs/lambda/adaptive/logs_js_granularity_temperature_canonical_no_feature/iid/seed0/js_client/cifar100_iid_js_client_tkd1p00_canonical_nofeat_seed0_r500.pkl
CIFAR-100,iid,486,0.21397921741008757,0.22344019154707587,/home/minss/fl/DXFL/logs/lambda/adaptive/logs_js_granularity_temperature_canonical_no_feature/iid/seed0/js_client/cifar100_iid_js_client_tkd1p00_canonical_nofeat_seed0_r500.pkl
CIFAR-100,iid,487,0.2143106758594513,0.22298865934213002,/home/minss/fl/DXFL/logs/lambda/adaptive/logs_js_granularity_temperature_canonical_no_feature/iid/seed0/js_client/cifar100_iid_js_client_tkd1p00_canonical_nofeat_seed0_r500.pkl
CIFAR-100,iid,488,0.21629711389541625,0.22269339193900425,/home/minss/fl/DXFL/logs/lambda/adaptive/logs_js_granularity_temperature_canonical_no_feature/iid/seed0/js_client/cifar100_iid_js_client_tkd1p00_canonical_nofeat_seed0_r500.pkl
CIFAR-100,iid,489,0.21448322981595994,0.22247460663318633,/home/minss/fl/DXFL/logs/lambda/adaptive/logs_js_granularity_temperature_canonical_no_feature/iid/seed0/js_client/cifar100_iid_js_client_tkd1p00_canonical_nofeat_seed0_r500.pkl
CIFAR-100,iid,490,0.22313201278448105,0.22111354857683183,/home/minss/fl/DXFL/logs/lambda/adaptive/logs_js_granularity_temperature_canonical_no_feature/iid/seed0/js_client/cifar100_iid_js_client_tkd1p00_canonical_nofeat_seed0_r500.pkl
CIFAR-100,iid,491,0.2190141811966896,0.22018743693828585,/home/minss/fl/DXFL/logs/lambda/adaptive/logs_js_granularity_temperature_canonical_no_feature/iid/seed0/js_client/cifar100_iid_js_client_tkd1p00_canonical_nofeat_seed0_r500.pkl
CIFAR-100,iid,492,0.222567617893219,0.22102044949928923,/home/minss/fl/DXFL/logs/lambda/adaptive/logs_js_granularity_temperature_canonical_no_feature/iid/seed0/js_client/cifar100_iid_js_client_tkd1p00_canonical_nofeat_seed0_r500.pkl
CIFAR-100,iid,493,0.22679127305746077,0.22144502302010854,/home/minss/fl/DXFL/logs/lambda/adaptive/logs_js_granularity_temperature_canonical_no_feature/iid/seed0/js_client/cifar100_iid_js_client_tkd1p00_canonical_nofeat_seed0_r500.pkl
CIFAR-100,iid,494,0.22903645932674407,0.2226107297341029,/home/minss/fl/DXFL/logs/lambda/adaptive/logs_js_granularity_temperature_canonical_no_feature/iid/seed0/js_client/cifar100_iid_js_client_tkd1p00_canonical_nofeat_seed0_r500.pkl
CIFAR-100,iid,495,0.22620443552732467,0.22375433921813967,/home/minss/fl/DXFL/logs/lambda/adaptive/logs_js_granularity_temperature_canonical_no_feature/iid/seed0/js_client/cifar100_iid_js_client_tkd1p00_canonical_nofeat_seed0_r500.pkl
CIFAR-100,iid,496,0.22289151549339295,0.22476551949977874,/home/minss/fl/DXFL/logs/lambda/adaptive/logs_js_granularity_temperature_canonical_no_feature/iid/seed0/js_client/cifar100_iid_js_client_tkd1p00_canonical_nofeat_seed0_r500.pkl
CIFAR-100,iid,497,0.21033985018730164,0.22589762538671493,/home/minss/fl/DXFL/logs/lambda/adaptive/logs_js_granularity_temperature_canonical_no_feature/iid/seed0/js_client/cifar100_iid_js_client_tkd1p00_canonical_nofeat_seed0_r500.pkl
CIFAR-100,iid,498,0.2217606097459793,0.22645314574241635,/home/minss/fl/DXFL/logs/lambda/adaptive/logs_js_granularity_temperature_canonical_no_feature/iid/seed0/js_client/cifar100_iid_js_client_tkd1p00_canonical_nofeat_seed0_r500.pkl
CIFAR-100,iid,499,0.2294023349881172,0.22728318820397056,/home/minss/fl/DXFL/logs/lambda/adaptive/logs_js_granularity_temperature_canonical_no_feature/iid/seed0/js_client/cifar100_iid_js_client_tkd1p00_canonical_nofeat_seed0_r500.pkl
CIFAR-100,iid,500,0.23146481812000275,0.22787633488575615,/home/minss/fl/DXFL/logs/lambda/adaptive/logs_js_granularity_temperature_canonical_no_feature/iid/seed0/js_client/cifar100_iid_js_client_tkd1p00_canonical_nofeat_seed0_r500.pkl
CIFAR-100,beta_0.3,1,1.495925507910556e-08,2.004578557105674e-05,/home/minss/fl/DXFL/logs/lambda/adaptive/logs_js_client_lmax_crosscheck_canonical_no_feature/cifar100/beta_0.3/seed0/lmax1p00/cifar100_beta_0.3_js_client_lmax1p00_tau0p85_tkd1p00_canonical_nofeat_seed0_r500.pkl
CIFAR-100,beta_0.3,2,2.1140238459338432e-06,3.3767981111202755e-05,/home/minss/fl/DXFL/logs/lambda/adaptive/logs_js_client_lmax_crosscheck_canonical_no_feature/cifar100/beta_0.3/seed0/lmax1p00/cifar100_beta_0.3_js_client_lmax1p00_tau0p85_tkd1p00_canonical_nofeat_seed0_r500.pkl
CIFAR-100,beta_0.3,3,5.804296915812302e-06,4.957260049192058e-05,/home/minss/fl/DXFL/logs/lambda/adaptive/logs_js_client_lmax_crosscheck_canonical_no_feature/cifar100/beta_0.3/seed0/lmax1p00/cifar100_beta_0.3_js_client_lmax1p00_tau0p85_tkd1p00_canonical_nofeat_seed0_r500.pkl
CIFAR-100,beta_0.3,4,1.4753048617421882e-05,6.796952890147996e-05,/home/minss/fl/DXFL/logs/lambda/adaptive/logs_js_client_lmax_crosscheck_canonical_no_feature/cifar100/beta_0.3/seed0/lmax1p00/cifar100_beta_0.3_js_client_lmax1p00_tau0p85_tkd1p00_canonical_nofeat_seed0_r500.pkl
CIFAR-100,beta_0.3,5,2.5183473917422815e-05,9.740391892589646e-05,/home/minss/fl/DXFL/logs/lambda/adaptive/logs_js_client_lmax_crosscheck_canonical_no_feature/cifar100/beta_0.3/seed0/lmax1p00/cifar100_beta_0.3_js_client_lmax1p00_tau0p85_tkd1p00_canonical_nofeat_seed0_r500.pkl
CIFAR-100,beta_0.3,6,5.5526295909658074e-05,0.0001233687084140733,/home/minss/fl/DXFL/logs/lambda/adaptive/logs_js_client_lmax_crosscheck_canonical_no_feature/cifar100/beta_0.3/seed0/lmax1p00/cifar100_beta_0.3_js_client_lmax1p00_tau0p85_tkd1p00_canonical_nofeat_seed0_r500.pkl
CIFAR-100,beta_0.3,7,9.460703586228192e-05,0.00016764991269154687,/home/minss/fl/DXFL/logs/lambda/adaptive/logs_js_client_lmax_crosscheck_canonical_no_feature/cifar100/beta_0.3/seed0/lmax1p00/cifar100_beta_0.3_js_client_lmax1p00_tau0p85_tkd1p00_canonical_nofeat_seed0_r500.pkl
CIFAR-100,beta_0.3,8,0.00010257893445668742,0.00021517176737233373,/home/minss/fl/DXFL/logs/lambda/adaptive/logs_js_client_lmax_crosscheck_canonical_no_feature/cifar100/beta_0.3/seed0/lmax1p00/cifar100_beta_0.3_js_client_lmax1p00_tau0p85_tkd1p00_canonical_nofeat_seed0_r500.pkl
CIFAR-100,beta_0.3,9,0.0002058478923572693,0.0002638841569235713,/home/minss/fl/DXFL/logs/lambda/adaptive/logs_js_client_lmax_crosscheck_canonical_no_feature/cifar100/beta_0.3/seed0/lmax1p00/cifar100_beta_0.3_js_client_lmax1p00_tau0p85_tkd1p00_canonical_nofeat_seed0_r500.pkl
CIFAR-100,beta_0.3,10,0.00023708424996584653,0.0003214953524760252,/home/minss/fl/DXFL/logs/lambda/adaptive/logs_js_client_lmax_crosscheck_canonical_no_feature/cifar100/beta_0.3/seed0/lmax1p00/cifar100_beta_0.3_js_client_lmax1p00_tau0p85_tkd1p00_canonical_nofeat_seed0_r500.pkl
CIFAR-100,beta_0.3,11,0.00027596888539846984,0.00040068031024929955,/home/minss/fl/DXFL/logs/lambda/adaptive/logs_js_client_lmax_crosscheck_canonical_no_feature/cifar100/beta_0.3/seed0/lmax1p00/cifar100_beta_0.3_js_client_lmax1p00_tau0p85_tkd1p00_canonical_nofeat_seed0_r500.pkl
CIFAR-100,beta_0.3,12,0.0004415308096213266,0.0005115368041636733,/home/minss/fl/DXFL/logs/lambda/adaptive/logs_js_client_lmax_crosscheck_canonical_no_feature/cifar100/beta_0.3/seed0/lmax1p00/cifar100_beta_0.3_js_client_lmax1p00_tau0p85_tkd1p00_canonical_nofeat_seed0_r500.pkl
CIFAR-100,beta_0.3,13,0.00038948680157773196,0.000614447617311574,/home/minss/fl/DXFL/logs/lambda/adaptive/logs_js_client_lmax_crosscheck_canonical_no_feature/cifar100/beta_0.3/seed0/lmax1p00/cifar100_beta_0.3_js_client_lmax1p00_tau0p85_tkd1p00_canonical_nofeat_seed0_r500.pkl
CIFAR-100,beta_0.3,14,0.0006642330234171822,0.0007373694508472303,/home/minss/fl/DXFL/logs/lambda/adaptive/logs_js_client_lmax_crosscheck_canonical_no_feature/cifar100/beta_0.3/seed0/lmax1p00/cifar100_beta_0.3_js_client_lmax1p00_tau0p85_tkd1p00_canonical_nofeat_seed0_r500.pkl
CIFAR-100,beta_0.3,15,0.0007128427794668823,0.0008734072624065449,/home/minss/fl/DXFL/logs/lambda/adaptive/logs_js_client_lmax_crosscheck_canonical_no_feature/cifar100/beta_0.3/seed0/lmax1p00/cifar100_beta_0.3_js_client_lmax1p00_tau0p85_tkd1p00_canonical_nofeat_seed0_r500.pkl
CIFAR-100,beta_0.3,16,0.0007307008025236427,0.0010561208411915383,/home/minss/fl/DXFL/logs/lambda/adaptive/logs_js_client_lmax_crosscheck_canonical_no_feature/cifar100/beta_0.3/seed0/lmax1p00/cifar100_beta_0.3_js_client_lmax1p00_tau0p85_tkd1p00_canonical_nofeat_seed0_r500.pkl
CIFAR-100,beta_0.3,17,0.0008662819571327418,0.0012176283446994301,/home/minss/fl/DXFL/logs/lambda/adaptive/logs_js_client_lmax_crosscheck_canonical_no_feature/cifar100/beta_0.3/seed0/lmax1p00/cifar100_beta_0.3_js_client_lmax1p00_tau0p85_tkd1p00_canonical_nofeat_seed0_r500.pkl
CIFAR-100,beta_0.3,18,0.001193578663514927,0.0014121107693063097,/home/minss/fl/DXFL/logs/lambda/adaptive/logs_js_client_lmax_crosscheck_canonical_no_feature/cifar100/beta_0.3/seed0/lmax1p00/cifar100_beta_0.3_js_client_lmax1p00_tau0p85_tkd1p00_canonical_nofeat_seed0_r500.pkl
CIFAR-100,beta_0.3,19,0.0016776004573330282,0.0016237413394264877,/home/minss/fl/DXFL/logs/lambda/adaptive/logs_js_client_lmax_crosscheck_canonical_no_feature/cifar100/beta_0.3/seed0/lmax1p00/cifar100_beta_0.3_js_client_lmax1p00_tau0p85_tkd1p00_canonical_nofeat_seed0_r500.pkl
CIFAR-100,beta_0.3,20,0.0015688456711359321,0.0018182989716297015,/home/minss/fl/DXFL/logs/lambda/adaptive/logs_js_client_lmax_crosscheck_canonical_no_feature/cifar100/beta_0.3/seed0/lmax1p00/cifar100_beta_0.3_js_client_lmax1p00_tau0p85_tkd1p00_canonical_nofeat_seed0_r500.pkl
CIFAR-100,beta_0.3,21,0.0018993537989445031,0.002035182951755511,/home/minss/fl/DXFL/logs/lambda/adaptive/logs_js_client_lmax_crosscheck_canonical_no_feature/cifar100/beta_0.3/seed0/lmax1p00/cifar100_beta_0.3_js_client_lmax1p00_tau0p85_tkd1p00_canonical_nofeat_seed0_r500.pkl
CIFAR-100,beta_0.3,22,0.002135174209252,0.0022930372207580754,/home/minss/fl/DXFL/logs/lambda/adaptive/logs_js_client_lmax_crosscheck_canonical_no_feature/cifar100/beta_0.3/seed0/lmax1p00/cifar100_beta_0.3_js_client_lmax1p00_tau0p85_tkd1p00_canonical_nofeat_seed0_r500.pkl
CIFAR-100,beta_0.3,23,0.0028432826162315904,0.0025949590474677584,/home/minss/fl/DXFL/logs/lambda/adaptive/logs_js_client_lmax_crosscheck_canonical_no_feature/cifar100/beta_0.3/seed0/lmax1p00/cifar100_beta_0.3_js_client_lmax1p00_tau0p85_tkd1p00_canonical_nofeat_seed0_r500.pkl
CIFAR-100,beta_0.3,24,0.0026284604449756444,0.002860101816865305,/home/minss/fl/DXFL/logs/lambda/adaptive/logs_js_client_lmax_crosscheck_canonical_no_feature/cifar100/beta_0.3/seed0/lmax1p00/cifar100_beta_0.3_js_client_lmax1p00_tau0p85_tkd1p00_canonical_nofeat_seed0_r500.pkl
CIFAR-100,beta_0.3,25,0.00315432061906904,0.003200261164844657,/home/minss/fl/DXFL/logs/lambda/adaptive/logs_js_client_lmax_crosscheck_canonical_no_feature/cifar100/beta_0.3/seed0/lmax1p00/cifar100_beta_0.3_js_client_lmax1p00_tau0p85_tkd1p00_canonical_nofeat_seed0_r500.pkl
CIFAR-100,beta_0.3,26,0.0034504274372011423,0.0035697649093344806,/home/minss/fl/DXFL/logs/lambda/adaptive/logs_js_client_lmax_crosscheck_canonical_no_feature/cifar100/beta_0.3/seed0/lmax1p00/cifar100_beta_0.3_js_client_lmax1p00_tau0p85_tkd1p00_canonical_nofeat_seed0_r500.pkl
CIFAR-100,beta_0.3,27,0.0033598952926695348,0.0039753888919949526,/home/minss/fl/DXFL/logs/lambda/adaptive/logs_js_client_lmax_crosscheck_canonical_no_feature/cifar100/beta_0.3/seed0/lmax1p00/cifar100_beta_0.3_js_client_lmax1p00_tau0p85_tkd1p00_canonical_nofeat_seed0_r500.pkl
CIFAR-100,beta_0.3,28,0.0036427465034648775,0.0043484593392349785,/home/minss/fl/DXFL/logs/lambda/adaptive/logs_js_client_lmax_crosscheck_canonical_no_feature/cifar100/beta_0.3/seed0/lmax1p00/cifar100_beta_0.3_js_client_lmax1p00_tau0p85_tkd1p00_canonical_nofeat_seed0_r500.pkl
CIFAR-100,beta_0.3,29,0.004532047058455646,0.004751769647312661,/home/minss/fl/DXFL/logs/lambda/adaptive/logs_js_client_lmax_crosscheck_canonical_no_feature/cifar100/beta_0.3/seed0/lmax1p00/cifar100_beta_0.3_js_client_lmax1p00_tau0p85_tkd1p00_canonical_nofeat_seed0_r500.pkl
CIFAR-100,beta_0.3,30,0.0052416701801121235,0.005168631388805807,/home/minss/fl/DXFL/logs/lambda/adaptive/logs_js_client_lmax_crosscheck_canonical_no_feature/cifar100/beta_0.3/seed0/lmax1p00/cifar100_beta_0.3_js_client_lmax1p00_tau0p85_tkd1p00_canonical_nofeat_seed0_r500.pkl
CIFAR-100,beta_0.3,31,0.004707842343486845,0.0056060800709140796,/home/minss/fl/DXFL/logs/lambda/adaptive/logs_js_client_lmax_crosscheck_canonical_no_feature/cifar100/beta_0.3/seed0/lmax1p00/cifar100_beta_0.3_js_client_lmax1p00_tau0p85_tkd1p00_canonical_nofeat_seed0_r500.pkl
CIFAR-100,beta_0.3,32,0.00596867217682302,0.006084481757134199,/home/minss/fl/DXFL/logs/lambda/adaptive/logs_js_client_lmax_crosscheck_canonical_no_feature/cifar100/beta_0.3/seed0/lmax1p00/cifar100_beta_0.3_js_client_lmax1p00_tau0p85_tkd1p00_canonical_nofeat_seed0_r500.pkl
CIFAR-100,beta_0.3,33,0.006736134830862284,0.006538295461796225,/home/minss/fl/DXFL/logs/lambda/adaptive/logs_js_client_lmax_crosscheck_canonical_no_feature/cifar100/beta_0.3/seed0/lmax1p00/cifar100_beta_0.3_js_client_lmax1p00_tau0p85_tkd1p00_canonical_nofeat_seed0_r500.pkl
CIFAR-100,beta_0.3,34,0.007761960197240114,0.007051441258129974,/home/minss/fl/DXFL/logs/lambda/adaptive/logs_js_client_lmax_crosscheck_canonical_no_feature/cifar100/beta_0.3/seed0/lmax1p00/cifar100_beta_0.3_js_client_lmax1p00_tau0p85_tkd1p00_canonical_nofeat_seed0_r500.pkl
CIFAR-100,beta_0.3,35,0.007164902379736304,0.0075796514485652255,/home/minss/fl/DXFL/logs/lambda/adaptive/logs_js_client_lmax_crosscheck_canonical_no_feature/cifar100/beta_0.3/seed0/lmax1p00/cifar100_beta_0.3_js_client_lmax1p00_tau0p85_tkd1p00_canonical_nofeat_seed0_r500.pkl
CIFAR-100,beta_0.3,36,0.00794900842010975,0.008128343323866527,/home/minss/fl/DXFL/logs/lambda/adaptive/logs_js_client_lmax_crosscheck_canonical_no_feature/cifar100/beta_0.3/seed0/lmax1p00/cifar100_beta_0.3_js_client_lmax1p00_tau0p85_tkd1p00_canonical_nofeat_seed0_r500.pkl
CIFAR-100,beta_0.3,37,0.008388100331649185,0.008655862611097593,/home/minss/fl/DXFL/logs/lambda/adaptive/logs_js_client_lmax_crosscheck_canonical_no_feature/cifar100/beta_0.3/seed0/lmax1p00/cifar100_beta_0.3_js_client_lmax1p00_tau0p85_tkd1p00_canonical_nofeat_seed0_r500.pkl
CIFAR-100,beta_0.3,38,0.009405012847855687,0.009252227738810083,/home/minss/fl/DXFL/logs/lambda/adaptive/logs_js_client_lmax_crosscheck_canonical_no_feature/cifar100/beta_0.3/seed0/lmax1p00/cifar100_beta_0.3_js_client_lmax1p00_tau0p85_tkd1p00_canonical_nofeat_seed0_r500.pkl
CIFAR-100,beta_0.3,39,0.009804485738277436,0.00994842030107975,/home/minss/fl/DXFL/logs/lambda/adaptive/logs_js_client_lmax_crosscheck_canonical_no_feature/cifar100/beta_0.3/seed0/lmax1p00/cifar100_beta_0.3_js_client_lmax1p00_tau0p85_tkd1p00_canonical_nofeat_seed0_r500.pkl
CIFAR-100,beta_0.3,40,0.009961526188999415,0.010513486548637352,/home/minss/fl/DXFL/logs/lambda/adaptive/logs_js_client_lmax_crosscheck_canonical_no_feature/cifar100/beta_0.3/seed0/lmax1p00/cifar100_beta_0.3_js_client_lmax1p00_tau0p85_tkd1p00_canonical_nofeat_seed0_r500.pkl
CIFAR-100,beta_0.3,41,0.011147614382207394,0.011081130656724175,/home/minss/fl/DXFL/logs/lambda/adaptive/logs_js_client_lmax_crosscheck_canonical_no_feature/cifar100/beta_0.3/seed0/lmax1p00/cifar100_beta_0.3_js_client_lmax1p00_tau0p85_tkd1p00_canonical_nofeat_seed0_r500.pkl
CIFAR-100,beta_0.3,42,0.011283048149198293,0.011824003361786406,/home/minss/fl/DXFL/logs/lambda/adaptive/logs_js_client_lmax_crosscheck_canonical_no_feature/cifar100/beta_0.3/seed0/lmax1p00/cifar100_beta_0.3_js_client_lmax1p00_tau0p85_tkd1p00_canonical_nofeat_seed0_r500.pkl
CIFAR-100,beta_0.3,43,0.0118731246329844,0.012567102089524268,/home/minss/fl/DXFL/logs/lambda/adaptive/logs_js_client_lmax_crosscheck_canonical_no_feature/cifar100/beta_0.3/seed0/lmax1p00/cifar100_beta_0.3_js_client_lmax1p00_tau0p85_tkd1p00_canonical_nofeat_seed0_r500.pkl
CIFAR-100,beta_0.3,44,0.012444836366921664,0.013135134453574816,/home/minss/fl/DXFL/logs/lambda/adaptive/logs_js_client_lmax_crosscheck_canonical_no_feature/cifar100/beta_0.3/seed0/lmax1p00/cifar100_beta_0.3_js_client_lmax1p00_tau0p85_tkd1p00_canonical_nofeat_seed0_r500.pkl
CIFAR-100,beta_0.3,45,0.014187147095799445,0.013602843238040804,/home/minss/fl/DXFL/logs/lambda/adaptive/logs_js_client_lmax_crosscheck_canonical_no_feature/cifar100/beta_0.3/seed0/lmax1p00/cifar100_beta_0.3_js_client_lmax1p00_tau0p85_tkd1p00_canonical_nofeat_seed0_r500.pkl
CIFAR-100,beta_0.3,46,0.015150730777531863,0.014169689131279787,/home/minss/fl/DXFL/logs/lambda/adaptive/logs_js_client_lmax_crosscheck_canonical_no_feature/cifar100/beta_0.3/seed0/lmax1p00/cifar100_beta_0.3_js_client_lmax1p00_tau0p85_tkd1p00_canonical_nofeat_seed0_r500.pkl
CIFAR-100,beta_0.3,47,0.014444665890187025,0.014994804250697297,/home/minss/fl/DXFL/logs/lambda/adaptive/logs_js_client_lmax_crosscheck_canonical_no_feature/cifar100/beta_0.3/seed0/lmax1p00/cifar100_beta_0.3_js_client_lmax1p00_tau0p85_tkd1p00_canonical_nofeat_seed0_r500.pkl
CIFAR-100,beta_0.3,48,0.01525079645216465,0.01584142937635382,/home/minss/fl/DXFL/logs/lambda/adaptive/logs_js_client_lmax_crosscheck_canonical_no_feature/cifar100/beta_0.3/seed0/lmax1p00/cifar100_beta_0.3_js_client_lmax1p00_tau0p85_tkd1p00_canonical_nofeat_seed0_r500.pkl
CIFAR-100,beta_0.3,49,0.01890505077317357,0.016477233562618494,/home/minss/fl/DXFL/logs/lambda/adaptive/logs_js_client_lmax_crosscheck_canonical_no_feature/cifar100/beta_0.3/seed0/lmax1p00/cifar100_beta_0.3_js_client_lmax1p00_tau0p85_tkd1p00_canonical_nofeat_seed0_r500.pkl
CIFAR-100,beta_0.3,50,0.018311383295804264,0.017145627550780775,/home/minss/fl/DXFL/logs/lambda/adaptive/logs_js_client_lmax_crosscheck_canonical_no_feature/cifar100/beta_0.3/seed0/lmax1p00/cifar100_beta_0.3_js_client_lmax1p00_tau0p85_tkd1p00_canonical_nofeat_seed0_r500.pkl
CIFAR-100,beta_0.3,51,0.016469493880867957,0.017728091124445202,/home/minss/fl/DXFL/logs/lambda/adaptive/logs_js_client_lmax_crosscheck_canonical_no_feature/cifar100/beta_0.3/seed0/lmax1p00/cifar100_beta_0.3_js_client_lmax1p00_tau0p85_tkd1p00_canonical_nofeat_seed0_r500.pkl
CIFAR-100,beta_0.3,52,0.015403732098639012,0.018258565639456117,/home/minss/fl/DXFL/logs/lambda/adaptive/logs_js_client_lmax_crosscheck_canonical_no_feature/cifar100/beta_0.3/seed0/lmax1p00/cifar100_beta_0.3_js_client_lmax1p00_tau0p85_tkd1p00_canonical_nofeat_seed0_r500.pkl
CIFAR-100,beta_0.3,53,0.01790770124644041,0.018924079251786078,/home/minss/fl/DXFL/logs/lambda/adaptive/logs_js_client_lmax_crosscheck_canonical_no_feature/cifar100/beta_0.3/seed0/lmax1p00/cifar100_beta_0.3_js_client_lmax1p00_tau0p85_tkd1p00_canonical_nofeat_seed0_r500.pkl
CIFAR-100,beta_0.3,54,0.022181212529540063,0.019601799007505184,/home/minss/fl/DXFL/logs/lambda/adaptive/logs_js_client_lmax_crosscheck_canonical_no_feature/cifar100/beta_0.3/seed0/lmax1p00/cifar100_beta_0.3_js_client_lmax1p00_tau0p85_tkd1p00_canonical_nofeat_seed0_r500.pkl
CIFAR-100,beta_0.3,55,0.022660903073847292,0.02047760076820851,/home/minss/fl/DXFL/logs/lambda/adaptive/logs_js_client_lmax_crosscheck_canonical_no_feature/cifar100/beta_0.3/seed0/lmax1p00/cifar100_beta_0.3_js_client_lmax1p00_tau0p85_tkd1p00_canonical_nofeat_seed0_r500.pkl
CIFAR-100,beta_0.3,56,0.0206846771761775,0.021321393400430683,/home/minss/fl/DXFL/logs/lambda/adaptive/logs_js_client_lmax_crosscheck_canonical_no_feature/cifar100/beta_0.3/seed0/lmax1p00/cifar100_beta_0.3_js_client_lmax1p00_tau0p85_tkd1p00_canonical_nofeat_seed0_r500.pkl
CIFAR-100,beta_0.3,57,0.02130895797163248,0.021959096634139617,/home/minss/fl/DXFL/logs/lambda/adaptive/logs_js_client_lmax_crosscheck_canonical_no_feature/cifar100/beta_0.3/seed0/lmax1p00/cifar100_beta_0.3_js_client_lmax1p00_tau0p85_tkd1p00_canonical_nofeat_seed0_r500.pkl
CIFAR-100,beta_0.3,58,0.020610078237950802,0.022570932718614736,/home/minss/fl/DXFL/logs/lambda/adaptive/logs_js_client_lmax_crosscheck_canonical_no_feature/cifar100/beta_0.3/seed0/lmax1p00/cifar100_beta_0.3_js_client_lmax1p00_tau0p85_tkd1p00_canonical_nofeat_seed0_r500.pkl
CIFAR-100,beta_0.3,59,0.02040195409208536,0.02354354042559862,/home/minss/fl/DXFL/logs/lambda/adaptive/logs_js_client_lmax_crosscheck_canonical_no_feature/cifar100/beta_0.3/seed0/lmax1p00/cifar100_beta_0.3_js_client_lmax1p00_tau0p85_tkd1p00_canonical_nofeat_seed0_r500.pkl
CIFAR-100,beta_0.3,60,0.024169851280748843,0.024589930089811484,/home/minss/fl/DXFL/logs/lambda/adaptive/logs_js_client_lmax_crosscheck_canonical_no_feature/cifar100/beta_0.3/seed0/lmax1p00/cifar100_beta_0.3_js_client_lmax1p00_tau0p85_tkd1p00_canonical_nofeat_seed0_r500.pkl
CIFAR-100,beta_0.3,61,0.025316527113318443,0.025562051100035506,/home/minss/fl/DXFL/logs/lambda/adaptive/logs_js_client_lmax_crosscheck_canonical_no_feature/cifar100/beta_0.3/seed0/lmax1p00/cifar100_beta_0.3_js_client_lmax1p00_tau0p85_tkd1p00_canonical_nofeat_seed0_r500.pkl
CIFAR-100,beta_0.3,62,0.027581692300736906,0.026349223852157592,/home/minss/fl/DXFL/logs/lambda/adaptive/logs_js_client_lmax_crosscheck_canonical_no_feature/cifar100/beta_0.3/seed0/lmax1p00/cifar100_beta_0.3_js_client_lmax1p00_tau0p85_tkd1p00_canonical_nofeat_seed0_r500.pkl
CIFAR-100,beta_0.3,63,0.027907685935497285,0.02692791538933913,/home/minss/fl/DXFL/logs/lambda/adaptive/logs_js_client_lmax_crosscheck_canonical_no_feature/cifar100/beta_0.3/seed0/lmax1p00/cifar100_beta_0.3_js_client_lmax1p00_tau0p85_tkd1p00_canonical_nofeat_seed0_r500.pkl
CIFAR-100,beta_0.3,64,0.02847059927880764,0.027563962377607824,/home/minss/fl/DXFL/logs/lambda/adaptive/logs_js_client_lmax_crosscheck_canonical_no_feature/cifar100/beta_0.3/seed0/lmax1p00/cifar100_beta_0.3_js_client_lmax1p00_tau0p85_tkd1p00_canonical_nofeat_seed0_r500.pkl
CIFAR-100,beta_0.3,65,0.02748892456293106,0.028612024361888568,/home/minss/fl/DXFL/logs/lambda/adaptive/logs_js_client_lmax_crosscheck_canonical_no_feature/cifar100/beta_0.3/seed0/lmax1p00/cifar100_beta_0.3_js_client_lmax1p00_tau0p85_tkd1p00_canonical_nofeat_seed0_r500.pkl
CIFAR-100,beta_0.3,66,0.03105860948562622,0.030065533729890986,/home/minss/fl/DXFL/logs/lambda/adaptive/logs_js_client_lmax_crosscheck_canonical_no_feature/cifar100/beta_0.3/seed0/lmax1p00/cifar100_beta_0.3_js_client_lmax1p00_tau0p85_tkd1p00_canonical_nofeat_seed0_r500.pkl
CIFAR-100,beta_0.3,67,0.031099577061831953,0.03109513233105342,/home/minss/fl/DXFL/logs/lambda/adaptive/logs_js_client_lmax_crosscheck_canonical_no_feature/cifar100/beta_0.3/seed0/lmax1p00/cifar100_beta_0.3_js_client_lmax1p00_tau0p85_tkd1p00_canonical_nofeat_seed0_r500.pkl
CIFAR-100,beta_0.3,68,0.03248951639980078,0.0322484398384889,/home/minss/fl/DXFL/logs/lambda/adaptive/logs_js_client_lmax_crosscheck_canonical_no_feature/cifar100/beta_0.3/seed0/lmax1p00/cifar100_beta_0.3_js_client_lmax1p00_tau0p85_tkd1p00_canonical_nofeat_seed0_r500.pkl
CIFAR-100,beta_0.3,69,0.03398880381137133,0.03336946934461594,/home/minss/fl/DXFL/logs/lambda/adaptive/logs_js_client_lmax_crosscheck_canonical_no_feature/cifar100/beta_0.3/seed0/lmax1p00/cifar100_beta_0.3_js_client_lmax1p00_tau0p85_tkd1p00_canonical_nofeat_seed0_r500.pkl
CIFAR-100,beta_0.3,70,0.03134127613157034,0.03439839861045281,/home/minss/fl/DXFL/logs/lambda/adaptive/logs_js_client_lmax_crosscheck_canonical_no_feature/cifar100/beta_0.3/seed0/lmax1p00/cifar100_beta_0.3_js_client_lmax1p00_tau0p85_tkd1p00_canonical_nofeat_seed0_r500.pkl
CIFAR-100,beta_0.3,71,0.0302253820002079,0.03541186824440956,/home/minss/fl/DXFL/logs/lambda/adaptive/logs_js_client_lmax_crosscheck_canonical_no_feature/cifar100/beta_0.3/seed0/lmax1p00/cifar100_beta_0.3_js_client_lmax1p00_tau0p85_tkd1p00_canonical_nofeat_seed0_r500.pkl
CIFAR-100,beta_0.3,72,0.03702988773584366,0.036551700731118526,/home/minss/fl/DXFL/logs/lambda/adaptive/logs_js_client_lmax_crosscheck_canonical_no_feature/cifar100/beta_0.3/seed0/lmax1p00/cifar100_beta_0.3_js_client_lmax1p00_tau0p85_tkd1p00_canonical_nofeat_seed0_r500.pkl
CIFAR-100,beta_0.3,73,0.04241271875798702,0.03800008003910382,/home/minss/fl/DXFL/logs/lambda/adaptive/logs_js_client_lmax_crosscheck_canonical_no_feature/cifar100/beta_0.3/seed0/lmax1p00/cifar100_beta_0.3_js_client_lmax1p00_tau0p85_tkd1p00_canonical_nofeat_seed0_r500.pkl
CIFAR-100,beta_0.3,74,0.03584593310952187,0.03898678198456764,/home/minss/fl/DXFL/logs/lambda/adaptive/logs_js_client_lmax_crosscheck_canonical_no_feature/cifar100/beta_0.3/seed0/lmax1p00/cifar100_beta_0.3_js_client_lmax1p00_tau0p85_tkd1p00_canonical_nofeat_seed0_r500.pkl
CIFAR-100,beta_0.3,75,0.04146946389228105,0.0400256966923674,/home/minss/fl/DXFL/logs/lambda/adaptive/logs_js_client_lmax_crosscheck_canonical_no_feature/cifar100/beta_0.3/seed0/lmax1p00/cifar100_beta_0.3_js_client_lmax1p00_tau0p85_tkd1p00_canonical_nofeat_seed0_r500.pkl
CIFAR-100,beta_0.3,76,0.04213196970522404,0.041097750912110015,/home/minss/fl/DXFL/logs/lambda/adaptive/logs_js_client_lmax_crosscheck_canonical_no_feature/cifar100/beta_0.3/seed0/lmax1p00/cifar100_beta_0.3_js_client_lmax1p00_tau0p85_tkd1p00_canonical_nofeat_seed0_r500.pkl
CIFAR-100,beta_0.3,77,0.04301563128829002,0.04200570733596881,/home/minss/fl/DXFL/logs/lambda/adaptive/logs_js_client_lmax_crosscheck_canonical_no_feature/cifar100/beta_0.3/seed0/lmax1p00/cifar100_beta_0.3_js_client_lmax1p00_tau0p85_tkd1p00_canonical_nofeat_seed0_r500.pkl
CIFAR-100,beta_0.3,78,0.04310973044484854,0.043283539550999804,/home/minss/fl/DXFL/logs/lambda/adaptive/logs_js_client_lmax_crosscheck_canonical_no_feature/cifar100/beta_0.3/seed0/lmax1p00/cifar100_beta_0.3_js_client_lmax1p00_tau0p85_tkd1p00_canonical_nofeat_seed0_r500.pkl
CIFAR-100,beta_0.3,79,0.04556808657944202,0.044768802262842654,/home/minss/fl/DXFL/logs/lambda/adaptive/logs_js_client_lmax_crosscheck_canonical_no_feature/cifar100/beta_0.3/seed0/lmax1p00/cifar100_beta_0.3_js_client_lmax1p00_tau0p85_tkd1p00_canonical_nofeat_seed0_r500.pkl
CIFAR-100,beta_0.3,80,0.04921461418271065,0.04579489291956027,/home/minss/fl/DXFL/logs/lambda/adaptive/logs_js_client_lmax_crosscheck_canonical_no_feature/cifar100/beta_0.3/seed0/lmax1p00/cifar100_beta_0.3_js_client_lmax1p00_tau0p85_tkd1p00_canonical_nofeat_seed0_r500.pkl
CIFAR-100,beta_0.3,81,0.04585913866758347,0.04663458239287138,/home/minss/fl/DXFL/logs/lambda/adaptive/logs_js_client_lmax_crosscheck_canonical_no_feature/cifar100/beta_0.3/seed0/lmax1p00/cifar100_beta_0.3_js_client_lmax1p00_tau0p85_tkd1p00_canonical_nofeat_seed0_r500.pkl
CIFAR-100,beta_0.3,82,0.04668329767882824,0.04772996655354897,/home/minss/fl/DXFL/logs/lambda/adaptive/logs_js_client_lmax_crosscheck_canonical_no_feature/cifar100/beta_0.3/seed0/lmax1p00/cifar100_beta_0.3_js_client_lmax1p00_tau0p85_tkd1p00_canonical_nofeat_seed0_r500.pkl
CIFAR-100,beta_0.3,83,0.048570329695940016,0.04878201968967915,/home/minss/fl/DXFL/logs/lambda/adaptive/logs_js_client_lmax_crosscheck_canonical_no_feature/cifar100/beta_0.3/seed0/lmax1p00/cifar100_beta_0.3_js_client_lmax1p00_tau0p85_tkd1p00_canonical_nofeat_seed0_r500.pkl
CIFAR-100,beta_0.3,84,0.04760815016925335,0.049625731507937115,/home/minss/fl/DXFL/logs/lambda/adaptive/logs_js_client_lmax_crosscheck_canonical_no_feature/cifar100/beta_0.3/seed0/lmax1p00/cifar100_beta_0.3_js_client_lmax1p00_tau0p85_tkd1p00_canonical_nofeat_seed0_r500.pkl
CIFAR-100,beta_0.3,85,0.05050875935703516,0.050560074771444,/home/minss/fl/DXFL/logs/lambda/adaptive/logs_js_client_lmax_crosscheck_canonical_no_feature/cifar100/beta_0.3/seed0/lmax1p00/cifar100_beta_0.3_js_client_lmax1p00_tau0p85_tkd1p00_canonical_nofeat_seed0_r500.pkl
CIFAR-100,beta_0.3,86,0.052504322677850726,0.05169663117577632,/home/minss/fl/DXFL/logs/lambda/adaptive/logs_js_client_lmax_crosscheck_canonical_no_feature/cifar100/beta_0.3/seed0/lmax1p00/cifar100_beta_0.3_js_client_lmax1p00_tau0p85_tkd1p00_canonical_nofeat_seed0_r500.pkl
CIFAR-100,beta_0.3,87,0.05242124758660793,0.05302795562893152,/home/minss/fl/DXFL/logs/lambda/adaptive/logs_js_client_lmax_crosscheck_canonical_no_feature/cifar100/beta_0.3/seed0/lmax1p00/cifar100_beta_0.3_js_client_lmax1p00_tau0p85_tkd1p00_canonical_nofeat_seed0_r500.pkl
CIFAR-100,beta_0.3,88,0.05500806085765362,0.05374408445010582,/home/minss/fl/DXFL/logs/lambda/adaptive/logs_js_client_lmax_crosscheck_canonical_no_feature/cifar100/beta_0.3/seed0/lmax1p00/cifar100_beta_0.3_js_client_lmax1p00_tau0p85_tkd1p00_canonical_nofeat_seed0_r500.pkl
CIFAR-100,beta_0.3,89,0.052276695519685744,0.05428735893219709,/home/minss/fl/DXFL/logs/lambda/adaptive/logs_js_client_lmax_crosscheck_canonical_no_feature/cifar100/beta_0.3/seed0/lmax1p00/cifar100_beta_0.3_js_client_lmax1p00_tau0p85_tkd1p00_canonical_nofeat_seed0_r500.pkl
CIFAR-100,beta_0.3,90,0.05725026093423367,0.05522967188308636,/home/minss/fl/DXFL/logs/lambda/adaptive/logs_js_client_lmax_crosscheck_canonical_no_feature/cifar100/beta_0.3/seed0/lmax1p00/cifar100_beta_0.3_js_client_lmax1p00_tau0p85_tkd1p00_canonical_nofeat_seed0_r500.pkl
CIFAR-100,beta_0.3,91,0.05478764697909355,0.05628060203045607,/home/minss/fl/DXFL/logs/lambda/adaptive/logs_js_client_lmax_crosscheck_canonical_no_feature/cifar100/beta_0.3/seed0/lmax1p00/cifar100_beta_0.3_js_client_lmax1p00_tau0p85_tkd1p00_canonical_nofeat_seed0_r500.pkl
CIFAR-100,beta_0.3,92,0.057030780240893364,0.05754482876509428,/home/minss/fl/DXFL/logs/lambda/adaptive/logs_js_client_lmax_crosscheck_canonical_no_feature/cifar100/beta_0.3/seed0/lmax1p00/cifar100_beta_0.3_js_client_lmax1p00_tau0p85_tkd1p00_canonical_nofeat_seed0_r500.pkl
CIFAR-100,beta_0.3,93,0.06015807650983333,0.05825898120800654,/home/minss/fl/DXFL/logs/lambda/adaptive/logs_js_client_lmax_crosscheck_canonical_no_feature/cifar100/beta_0.3/seed0/lmax1p00/cifar100_beta_0.3_js_client_lmax1p00_tau0p85_tkd1p00_canonical_nofeat_seed0_r500.pkl
CIFAR-100,beta_0.3,94,0.06553795337677001,0.0593090651432673,/home/minss/fl/DXFL/logs/lambda/adaptive/logs_js_client_lmax_crosscheck_canonical_no_feature/cifar100/beta_0.3/seed0/lmax1p00/cifar100_beta_0.3_js_client_lmax1p00_tau0p85_tkd1p00_canonical_nofeat_seed0_r500.pkl
CIFAR-100,beta_0.3,95,0.059956546500325204,0.05993864471713701,/home/minss/fl/DXFL/logs/lambda/adaptive/logs_js_client_lmax_crosscheck_canonical_no_feature/cifar100/beta_0.3/seed0/lmax1p00/cifar100_beta_0.3_js_client_lmax1p00_tau0p85_tkd1p00_canonical_nofeat_seed0_r500.pkl
CIFAR-100,beta_0.3,96,0.05400825589895249,0.06073042263587315,/home/minss/fl/DXFL/logs/lambda/adaptive/logs_js_client_lmax_crosscheck_canonical_no_feature/cifar100/beta_0.3/seed0/lmax1p00/cifar100_beta_0.3_js_client_lmax1p00_tau0p85_tkd1p00_canonical_nofeat_seed0_r500.pkl
CIFAR-100,beta_0.3,97,0.060817991942167283,0.0615981317559878,/home/minss/fl/DXFL/logs/lambda/adaptive/logs_js_client_lmax_crosscheck_canonical_no_feature/cifar100/beta_0.3/seed0/lmax1p00/cifar100_beta_0.3_js_client_lmax1p00_tau0p85_tkd1p00_canonical_nofeat_seed0_r500.pkl
CIFAR-100,beta_0.3,98,0.06433428190648556,0.06223684596518675,/home/minss/fl/DXFL/logs/lambda/adaptive/logs_js_client_lmax_crosscheck_canonical_no_feature/cifar100/beta_0.3/seed0/lmax1p00/cifar100_beta_0.3_js_client_lmax1p00_tau0p85_tkd1p00_canonical_nofeat_seed0_r500.pkl
CIFAR-100,beta_0.3,99,0.06657155118882656,0.06347713162501653,/home/minss/fl/DXFL/logs/lambda/adaptive/logs_js_client_lmax_crosscheck_canonical_no_feature/cifar100/beta_0.3/seed0/lmax1p00/cifar100_beta_0.3_js_client_lmax1p00_tau0p85_tkd1p00_canonical_nofeat_seed0_r500.pkl
CIFAR-100,beta_0.3,100,0.06122104600071907,0.06404667101800442,/home/minss/fl/DXFL/logs/lambda/adaptive/logs_js_client_lmax_crosscheck_canonical_no_feature/cifar100/beta_0.3/seed0/lmax1p00/cifar100_beta_0.3_js_client_lmax1p00_tau0p85_tkd1p00_canonical_nofeat_seed0_r500.pkl
CIFAR-100,beta_0.3,101,0.06825558170676231,0.06507932449380556,/home/minss/fl/DXFL/logs/lambda/adaptive/logs_js_client_lmax_crosscheck_canonical_no_feature/cifar100/beta_0.3/seed0/lmax1p00/cifar100_beta_0.3_js_client_lmax1p00_tau0p85_tkd1p00_canonical_nofeat_seed0_r500.pkl
CIFAR-100,beta_0.3,102,0.06186494119465351,0.06545932566126188,/home/minss/fl/DXFL/logs/lambda/adaptive/logs_js_client_lmax_crosscheck_canonical_no_feature/cifar100/beta_0.3/seed0/lmax1p00/cifar100_beta_0.3_js_client_lmax1p00_tau0p85_tkd1p00_canonical_nofeat_seed0_r500.pkl
CIFAR-100,beta_0.3,103,0.06688472963869571,0.065575819114844,/home/minss/fl/DXFL/logs/lambda/adaptive/logs_js_client_lmax_crosscheck_canonical_no_feature/cifar100/beta_0.3/seed0/lmax1p00/cifar100_beta_0.3_js_client_lmax1p00_tau0p85_tkd1p00_canonical_nofeat_seed0_r500.pkl
CIFAR-100,beta_0.3,104,0.06529233232140541,0.066528298680981,/home/minss/fl/DXFL/logs/lambda/adaptive/logs_js_client_lmax_crosscheck_canonical_no_feature/cifar100/beta_0.3/seed0/lmax1p00/cifar100_beta_0.3_js_client_lmax1p00_tau0p85_tkd1p00_canonical_nofeat_seed0_r500.pkl
CIFAR-100,beta_0.3,105,0.06683097407221794,0.0680787089218696,/home/minss/fl/DXFL/logs/lambda/adaptive/logs_js_client_lmax_crosscheck_canonical_no_feature/cifar100/beta_0.3/seed0/lmax1p00/cifar100_beta_0.3_js_client_lmax1p00_tau0p85_tkd1p00_canonical_nofeat_seed0_r500.pkl
CIFAR-100,beta_0.3,106,0.07339193187654018,0.06883689284324646,/home/minss/fl/DXFL/logs/lambda/adaptive/logs_js_client_lmax_crosscheck_canonical_no_feature/cifar100/beta_0.3/seed0/lmax1p00/cifar100_beta_0.3_js_client_lmax1p00_tau0p85_tkd1p00_canonical_nofeat_seed0_r500.pkl
CIFAR-100,beta_0.3,107,0.06557387113571167,0.06982411665221055,/home/minss/fl/DXFL/logs/lambda/adaptive/logs_js_client_lmax_crosscheck_canonical_no_feature/cifar100/beta_0.3/seed0/lmax1p00/cifar100_beta_0.3_js_client_lmax1p00_tau0p85_tkd1p00_canonical_nofeat_seed0_r500.pkl
CIFAR-100,beta_0.3,108,0.07564787864685059,0.07139857185383638,/home/minss/fl/DXFL/logs/lambda/adaptive/logs_js_client_lmax_crosscheck_canonical_no_feature/cifar100/beta_0.3/seed0/lmax1p00/cifar100_beta_0.3_js_client_lmax1p00_tau0p85_tkd1p00_canonical_nofeat_seed0_r500.pkl
CIFAR-100,beta_0.3,109,0.07123797088861465,0.07190138734877109,/home/minss/fl/DXFL/logs/lambda/adaptive/logs_js_client_lmax_crosscheck_canonical_no_feature/cifar100/beta_0.3/seed0/lmax1p00/cifar100_beta_0.3_js_client_lmax1p00_tau0p85_tkd1p00_canonical_nofeat_seed0_r500.pkl
CIFAR-100,beta_0.3,110,0.06170394830405712,0.07331060801943143,/home/minss/fl/DXFL/logs/lambda/adaptive/logs_js_client_lmax_crosscheck_canonical_no_feature/cifar100/beta_0.3/seed0/lmax1p00/cifar100_beta_0.3_js_client_lmax1p00_tau0p85_tkd1p00_canonical_nofeat_seed0_r500.pkl
CIFAR-100,beta_0.3,111,0.06829544939100743,0.07425109061102073,/home/minss/fl/DXFL/logs/lambda/adaptive/logs_js_client_lmax_crosscheck_canonical_no_feature/cifar100/beta_0.3/seed0/lmax1p00/cifar100_beta_0.3_js_client_lmax1p00_tau0p85_tkd1p00_canonical_nofeat_seed0_r500.pkl
CIFAR-100,beta_0.3,112,0.08407414555549622,0.07529124898215137,/home/minss/fl/DXFL/logs/lambda/adaptive/logs_js_client_lmax_crosscheck_canonical_no_feature/cifar100/beta_0.3/seed0/lmax1p00/cifar100_beta_0.3_js_client_lmax1p00_tau0p85_tkd1p00_canonical_nofeat_seed0_r500.pkl
CIFAR-100,beta_0.3,113,0.07570704072713852,0.07623559273779394,/home/minss/fl/DXFL/logs/lambda/adaptive/logs_js_client_lmax_crosscheck_canonical_no_feature/cifar100/beta_0.3/seed0/lmax1p00/cifar100_beta_0.3_js_client_lmax1p00_tau0p85_tkd1p00_canonical_nofeat_seed0_r500.pkl
CIFAR-100,beta_0.3,114,0.08137990832328797,0.0768347569803397,/home/minss/fl/DXFL/logs/lambda/adaptive/logs_js_client_lmax_crosscheck_canonical_no_feature/cifar100/beta_0.3/seed0/lmax1p00/cifar100_beta_0.3_js_client_lmax1p00_tau0p85_tkd1p00_canonical_nofeat_seed0_r500.pkl
CIFAR-100,beta_0.3,115,0.08483787402510642,0.07756166338920593,/home/minss/fl/DXFL/logs/lambda/adaptive/logs_js_client_lmax_crosscheck_canonical_no_feature/cifar100/beta_0.3/seed0/lmax1p00/cifar100_beta_0.3_js_client_lmax1p00_tau0p85_tkd1p00_canonical_nofeat_seed0_r500.pkl
CIFAR-100,beta_0.3,116,0.07579781413078308,0.0778993604083856,/home/minss/fl/DXFL/logs/lambda/adaptive/logs_js_client_lmax_crosscheck_canonical_no_feature/cifar100/beta_0.3/seed0/lmax1p00/cifar100_beta_0.3_js_client_lmax1p00_tau0p85_tkd1p00_canonical_nofeat_seed0_r500.pkl
CIFAR-100,beta_0.3,117,0.08300325125455857,0.07848394736647606,/home/minss/fl/DXFL/logs/lambda/adaptive/logs_js_client_lmax_crosscheck_canonical_no_feature/cifar100/beta_0.3/seed0/lmax1p00/cifar100_beta_0.3_js_client_lmax1p00_tau0p85_tkd1p00_canonical_nofeat_seed0_r500.pkl
CIFAR-100,beta_0.3,118,0.0809919685125351,0.08004970826208592,/home/minss/fl/DXFL/logs/lambda/adaptive/logs_js_client_lmax_crosscheck_canonical_no_feature/cifar100/beta_0.3/seed0/lmax1p00/cifar100_beta_0.3_js_client_lmax1p00_tau0p85_tkd1p00_canonical_nofeat_seed0_r500.pkl
CIFAR-100,beta_0.3,119,0.0808947078883648,0.08164837504426638,/home/minss/fl/DXFL/logs/lambda/adaptive/logs_js_client_lmax_crosscheck_canonical_no_feature/cifar100/beta_0.3/seed0/lmax1p00/cifar100_beta_0.3_js_client_lmax1p00_tau0p85_tkd1p00_canonical_nofeat_seed0_r500.pkl
CIFAR-100,beta_0.3,120,0.08099613040685653,0.08200548753142356,/home/minss/fl/DXFL/logs/lambda/adaptive/logs_js_client_lmax_crosscheck_canonical_no_feature/cifar100/beta_0.3/seed0/lmax1p00/cifar100_beta_0.3_js_client_lmax1p00_tau0p85_tkd1p00_canonical_nofeat_seed0_r500.pkl
CIFAR-100,beta_0.3,121,0.08237939551472664,0.08304449756940205,/home/minss/fl/DXFL/logs/lambda/adaptive/logs_js_client_lmax_crosscheck_canonical_no_feature/cifar100/beta_0.3/seed0/lmax1p00/cifar100_beta_0.3_js_client_lmax1p00_tau0p85_tkd1p00_canonical_nofeat_seed0_r500.pkl
CIFAR-100,beta_0.3,122,0.07647746726870537,0.08362687677145005,/home/minss/fl/DXFL/logs/lambda/adaptive/logs_js_client_lmax_crosscheck_canonical_no_feature/cifar100/beta_0.3/seed0/lmax1p00/cifar100_beta_0.3_js_client_lmax1p00_tau0p85_tkd1p00_canonical_nofeat_seed0_r500.pkl
CIFAR-100,beta_0.3,123,0.08071333393454552,0.08409117780625819,/home/minss/fl/DXFL/logs/lambda/adaptive/logs_js_client_lmax_crosscheck_canonical_no_feature/cifar100/beta_0.3/seed0/lmax1p00/cifar100_beta_0.3_js_client_lmax1p00_tau0p85_tkd1p00_canonical_nofeat_seed0_r500.pkl
CIFAR-100,beta_0.3,124,0.08000677525997162,0.08459581611057124,/home/minss/fl/DXFL/logs/lambda/adaptive/logs_js_client_lmax_crosscheck_canonical_no_feature/cifar100/beta_0.3/seed0/lmax1p00/cifar100_beta_0.3_js_client_lmax1p00_tau0p85_tkd1p00_canonical_nofeat_seed0_r500.pkl
CIFAR-100,beta_0.3,125,0.08519036173820496,0.08546559688945612,/home/minss/fl/DXFL/logs/lambda/adaptive/logs_js_client_lmax_crosscheck_canonical_no_feature/cifar100/beta_0.3/seed0/lmax1p00/cifar100_beta_0.3_js_client_lmax1p00_tau0p85_tkd1p00_canonical_nofeat_seed0_r500.pkl
CIFAR-100,beta_0.3,126,0.09227545112371445,0.08678504196306071,/home/minss/fl/DXFL/logs/lambda/adaptive/logs_js_client_lmax_crosscheck_canonical_no_feature/cifar100/beta_0.3/seed0/lmax1p00/cifar100_beta_0.3_js_client_lmax1p00_tau0p85_tkd1p00_canonical_nofeat_seed0_r500.pkl
CIFAR-100,beta_0.3,127,0.089430832862854,0.08778689103821914,/home/minss/fl/DXFL/logs/lambda/adaptive/logs_js_client_lmax_crosscheck_canonical_no_feature/cifar100/beta_0.3/seed0/lmax1p00/cifar100_beta_0.3_js_client_lmax1p00_tau0p85_tkd1p00_canonical_nofeat_seed0_r500.pkl
CIFAR-100,beta_0.3,128,0.09129219129681587,0.08816180085142455,/home/minss/fl/DXFL/logs/lambda/adaptive/logs_js_client_lmax_crosscheck_canonical_no_feature/cifar100/beta_0.3/seed0/lmax1p00/cifar100_beta_0.3_js_client_lmax1p00_tau0p85_tkd1p00_canonical_nofeat_seed0_r500.pkl
CIFAR-100,beta_0.3,129,0.09011559635400772,0.08873563860853514,/home/minss/fl/DXFL/logs/lambda/adaptive/logs_js_client_lmax_crosscheck_canonical_no_feature/cifar100/beta_0.3/seed0/lmax1p00/cifar100_beta_0.3_js_client_lmax1p00_tau0p85_tkd1p00_canonical_nofeat_seed0_r500.pkl
CIFAR-100,beta_0.3,130,0.09180238954722882,0.08973792254924774,/home/minss/fl/DXFL/logs/lambda/adaptive/logs_js_client_lmax_crosscheck_canonical_no_feature/cifar100/beta_0.3/seed0/lmax1p00/cifar100_beta_0.3_js_client_lmax1p00_tau0p85_tkd1p00_canonical_nofeat_seed0_r500.pkl
CIFAR-100,beta_0.3,131,0.08336738869547844,0.09192987273136775,/home/minss/fl/DXFL/logs/lambda/adaptive/logs_js_client_lmax_crosscheck_canonical_no_feature/cifar100/beta_0.3/seed0/lmax1p00/cifar100_beta_0.3_js_client_lmax1p00_tau0p85_tkd1p00_canonical_nofeat_seed0_r500.pkl
CIFAR-100,beta_0.3,132,0.09604996293783188,0.09364533935983975,/home/minss/fl/DXFL/logs/lambda/adaptive/logs_js_client_lmax_crosscheck_canonical_no_feature/cifar100/beta_0.3/seed0/lmax1p00/cifar100_beta_0.3_js_client_lmax1p00_tau0p85_tkd1p00_canonical_nofeat_seed0_r500.pkl
CIFAR-100,beta_0.3,133,0.10078364461660386,0.09415085519353548,/home/minss/fl/DXFL/logs/lambda/adaptive/logs_js_client_lmax_crosscheck_canonical_no_feature/cifar100/beta_0.3/seed0/lmax1p00/cifar100_beta_0.3_js_client_lmax1p00_tau0p85_tkd1p00_canonical_nofeat_seed0_r500.pkl
CIFAR-100,beta_0.3,134,0.09592244401574135,0.09442653238773346,/home/minss/fl/DXFL/logs/lambda/adaptive/logs_js_client_lmax_crosscheck_canonical_no_feature/cifar100/beta_0.3/seed0/lmax1p00/cifar100_beta_0.3_js_client_lmax1p00_tau0p85_tkd1p00_canonical_nofeat_seed0_r500.pkl
CIFAR-100,beta_0.3,135,0.08661977760493755,0.09525696461399397,/home/minss/fl/DXFL/logs/lambda/adaptive/logs_js_client_lmax_crosscheck_canonical_no_feature/cifar100/beta_0.3/seed0/lmax1p00/cifar100_beta_0.3_js_client_lmax1p00_tau0p85_tkd1p00_canonical_nofeat_seed0_r500.pkl
CIFAR-100,beta_0.3,136,0.09098696187138558,0.09608208090066911,/home/minss/fl/DXFL/logs/lambda/adaptive/logs_js_client_lmax_crosscheck_canonical_no_feature/cifar100/beta_0.3/seed0/lmax1p00/cifar100_beta_0.3_js_client_lmax1p00_tau0p85_tkd1p00_canonical_nofeat_seed0_r500.pkl
CIFAR-100,beta_0.3,137,0.09151172637939453,0.09666967873771987,/home/minss/fl/DXFL/logs/lambda/adaptive/logs_js_client_lmax_crosscheck_canonical_no_feature/cifar100/beta_0.3/seed0/lmax1p00/cifar100_beta_0.3_js_client_lmax1p00_tau0p85_tkd1p00_canonical_nofeat_seed0_r500.pkl
CIFAR-100,beta_0.3,138,0.1135925866663456,0.09653064779937269,/home/minss/fl/DXFL/logs/lambda/adaptive/logs_js_client_lmax_crosscheck_canonical_no_feature/cifar100/beta_0.3/seed0/lmax1p00/cifar100_beta_0.3_js_client_lmax1p00_tau0p85_tkd1p00_canonical_nofeat_seed0_r500.pkl
CIFAR-100,beta_0.3,139,0.10573877468705177,0.09763856656849386,/home/minss/fl/DXFL/logs/lambda/adaptive/logs_js_client_lmax_crosscheck_canonical_no_feature/cifar100/beta_0.3/seed0/lmax1p00/cifar100_beta_0.3_js_client_lmax1p00_tau0p85_tkd1p00_canonical_nofeat_seed0_r500.pkl
CIFAR-100,beta_0.3,140,0.0927730992436409,0.09783535572389762,/home/minss/fl/DXFL/logs/lambda/adaptive/logs_js_client_lmax_crosscheck_canonical_no_feature/cifar100/beta_0.3/seed0/lmax1p00/cifar100_beta_0.3_js_client_lmax1p00_tau0p85_tkd1p00_canonical_nofeat_seed0_r500.pkl
CIFAR-100,beta_0.3,141,0.09641060903668404,0.09838808330396813,/home/minss/fl/DXFL/logs/lambda/adaptive/logs_js_client_lmax_crosscheck_canonical_no_feature/cifar100/beta_0.3/seed0/lmax1p00/cifar100_beta_0.3_js_client_lmax1p00_tau0p85_tkd1p00_canonical_nofeat_seed0_r500.pkl
CIFAR-100,beta_0.3,142,0.10188731625676155,0.09914477976659936,/home/minss/fl/DXFL/logs/lambda/adaptive/logs_js_client_lmax_crosscheck_canonical_no_feature/cifar100/beta_0.3/seed0/lmax1p00/cifar100_beta_0.3_js_client_lmax1p00_tau0p85_tkd1p00_canonical_nofeat_seed0_r500.pkl
CIFAR-100,beta_0.3,143,0.1036689355969429,0.10020910153786343,/home/minss/fl/DXFL/logs/lambda/adaptive/logs_js_client_lmax_crosscheck_canonical_no_feature/cifar100/beta_0.3/seed0/lmax1p00/cifar100_beta_0.3_js_client_lmax1p00_tau0p85_tkd1p00_canonical_nofeat_seed0_r500.pkl
CIFAR-100,beta_0.3,144,0.09892956390976906,0.10095527112483979,/home/minss/fl/DXFL/logs/lambda/adaptive/logs_js_client_lmax_crosscheck_canonical_no_feature/cifar100/beta_0.3/seed0/lmax1p00/cifar100_beta_0.3_js_client_lmax1p00_tau0p85_tkd1p00_canonical_nofeat_seed0_r500.pkl
CIFAR-100,beta_0.3,145,0.0897169254720211,0.10213267177343369,/home/minss/fl/DXFL/logs/lambda/adaptive/logs_js_client_lmax_crosscheck_canonical_no_feature/cifar100/beta_0.3/seed0/lmax1p00/cifar100_beta_0.3_js_client_lmax1p00_tau0p85_tkd1p00_canonical_nofeat_seed0_r500.pkl
CIFAR-100,beta_0.3,146,0.09998617023229599,0.10205009803175927,/home/minss/fl/DXFL/logs/lambda/adaptive/logs_js_client_lmax_crosscheck_canonical_no_feature/cifar100/beta_0.3/seed0/lmax1p00/cifar100_beta_0.3_js_client_lmax1p00_tau0p85_tkd1p00_canonical_nofeat_seed0_r500.pkl
CIFAR-100,beta_0.3,147,0.09900180026888847,0.10280287787318229,/home/minss/fl/DXFL/logs/lambda/adaptive/logs_js_client_lmax_crosscheck_canonical_no_feature/cifar100/beta_0.3/seed0/lmax1p00/cifar100_beta_0.3_js_client_lmax1p00_tau0p85_tkd1p00_canonical_nofeat_seed0_r500.pkl
CIFAR-100,beta_0.3,148,0.10907455831766129,0.10395795335372289,/home/minss/fl/DXFL/logs/lambda/adaptive/logs_js_client_lmax_crosscheck_canonical_no_feature/cifar100/beta_0.3/seed0/lmax1p00/cifar100_beta_0.3_js_client_lmax1p00_tau0p85_tkd1p00_canonical_nofeat_seed0_r500.pkl
CIFAR-100,beta_0.3,149,0.10727289095520973,0.10435825804869334,/home/minss/fl/DXFL/logs/lambda/adaptive/logs_js_client_lmax_crosscheck_canonical_no_feature/cifar100/beta_0.3/seed0/lmax1p00/cifar100_beta_0.3_js_client_lmax1p00_tau0p85_tkd1p00_canonical_nofeat_seed0_r500.pkl
CIFAR-100,beta_0.3,150,0.1025846041738987,0.10538524279991786,/home/minss/fl/DXFL/logs/lambda/adaptive/logs_js_client_lmax_crosscheck_canonical_no_feature/cifar100/beta_0.3/seed0/lmax1p00/cifar100_beta_0.3_js_client_lmax1p00_tau0p85_tkd1p00_canonical_nofeat_seed0_r500.pkl
CIFAR-100,beta_0.3,151,0.10217950567603111,0.10537626182039579,/home/minss/fl/DXFL/logs/lambda/adaptive/logs_js_client_lmax_crosscheck_canonical_no_feature/cifar100/beta_0.3/seed0/lmax1p00/cifar100_beta_0.3_js_client_lmax1p00_tau0p85_tkd1p00_canonical_nofeat_seed0_r500.pkl
CIFAR-100,beta_0.3,152,0.10917273610830307,0.10598005220293999,/home/minss/fl/DXFL/logs/lambda/adaptive/logs_js_client_lmax_crosscheck_canonical_no_feature/cifar100/beta_0.3/seed0/lmax1p00/cifar100_beta_0.3_js_client_lmax1p00_tau0p85_tkd1p00_canonical_nofeat_seed0_r500.pkl
CIFAR-100,beta_0.3,153,0.11235398054122925,0.10736189449826877,/home/minss/fl/DXFL/logs/lambda/adaptive/logs_js_client_lmax_crosscheck_canonical_no_feature/cifar100/beta_0.3/seed0/lmax1p00/cifar100_beta_0.3_js_client_lmax1p00_tau0p85_tkd1p00_canonical_nofeat_seed0_r500.pkl
CIFAR-100,beta_0.3,154,0.11703047230839729,0.10789892072478932,/home/minss/fl/DXFL/logs/lambda/adaptive/logs_js_client_lmax_crosscheck_canonical_no_feature/cifar100/beta_0.3/seed0/lmax1p00/cifar100_beta_0.3_js_client_lmax1p00_tau0p85_tkd1p00_canonical_nofeat_seed0_r500.pkl
CIFAR-100,beta_0.3,155,0.1100992314517498,0.10869834298888845,/home/minss/fl/DXFL/logs/lambda/adaptive/logs_js_client_lmax_crosscheck_canonical_no_feature/cifar100/beta_0.3/seed0/lmax1p00/cifar100_beta_0.3_js_client_lmax1p00_tau0p85_tkd1p00_canonical_nofeat_seed0_r500.pkl
CIFAR-100,beta_0.3,156,0.10241517946124076,0.10872864534457527,/home/minss/fl/DXFL/logs/lambda/adaptive/logs_js_client_lmax_crosscheck_canonical_no_feature/cifar100/beta_0.3/seed0/lmax1p00/cifar100_beta_0.3_js_client_lmax1p00_tau0p85_tkd1p00_canonical_nofeat_seed0_r500.pkl
CIFAR-100,beta_0.3,157,0.11729208752512932,0.10960009465614956,/home/minss/fl/DXFL/logs/lambda/adaptive/logs_js_client_lmax_crosscheck_canonical_no_feature/cifar100/beta_0.3/seed0/lmax1p00/cifar100_beta_0.3_js_client_lmax1p00_tau0p85_tkd1p00_canonical_nofeat_seed0_r500.pkl
CIFAR-100,beta_0.3,158,0.10353422090411186,0.11133820106585822,/home/minss/fl/DXFL/logs/lambda/adaptive/logs_js_client_lmax_crosscheck_canonical_no_feature/cifar100/beta_0.3/seed0/lmax1p00/cifar100_beta_0.3_js_client_lmax1p00_tau0p85_tkd1p00_canonical_nofeat_seed0_r500.pkl
CIFAR-100,beta_0.3,159,0.10798641964793206,0.11323395232359569,/home/minss/fl/DXFL/logs/lambda/adaptive/logs_js_client_lmax_crosscheck_canonical_no_feature/cifar100/beta_0.3/seed0/lmax1p00/cifar100_beta_0.3_js_client_lmax1p00_tau0p85_tkd1p00_canonical_nofeat_seed0_r500.pkl
CIFAR-100,beta_0.3,160,0.11044455990195275,0.11360224107901255,/home/minss/fl/DXFL/logs/lambda/adaptive/logs_js_client_lmax_crosscheck_canonical_no_feature/cifar100/beta_0.3/seed0/lmax1p00/cifar100_beta_0.3_js_client_lmax1p00_tau0p85_tkd1p00_canonical_nofeat_seed0_r500.pkl
CIFAR-100,beta_0.3,161,0.10804156363010406,0.11288146873315175,/home/minss/fl/DXFL/logs/lambda/adaptive/logs_js_client_lmax_crosscheck_canonical_no_feature/cifar100/beta_0.3/seed0/lmax1p00/cifar100_beta_0.3_js_client_lmax1p00_tau0p85_tkd1p00_canonical_nofeat_seed0_r500.pkl
CIFAR-100,beta_0.3,162,0.1109931342303753,0.11300784115990002,/home/minss/fl/DXFL/logs/lambda/adaptive/logs_js_client_lmax_crosscheck_canonical_no_feature/cifar100/beta_0.3/seed0/lmax1p00/cifar100_beta_0.3_js_client_lmax1p00_tau0p85_tkd1p00_canonical_nofeat_seed0_r500.pkl
CIFAR-100,beta_0.3,163,0.10952909365296364,0.11438858454426128,/home/minss/fl/DXFL/logs/lambda/adaptive/logs_js_client_lmax_crosscheck_canonical_no_feature/cifar100/beta_0.3/seed0/lmax1p00/cifar100_beta_0.3_js_client_lmax1p00_tau0p85_tkd1p00_canonical_nofeat_seed0_r500.pkl
CIFAR-100,beta_0.3,164,0.12034463062882424,0.11709950854380924,/home/minss/fl/DXFL/logs/lambda/adaptive/logs_js_client_lmax_crosscheck_canonical_no_feature/cifar100/beta_0.3/seed0/lmax1p00/cifar100_beta_0.3_js_client_lmax1p00_tau0p85_tkd1p00_canonical_nofeat_seed0_r500.pkl
CIFAR-100,beta_0.3,165,0.12865620031952857,0.1169379423558712,/home/minss/fl/DXFL/logs/lambda/adaptive/logs_js_client_lmax_crosscheck_canonical_no_feature/cifar100/beta_0.3/seed0/lmax1p00/cifar100_beta_0.3_js_client_lmax1p00_tau0p85_tkd1p00_canonical_nofeat_seed0_r500.pkl
CIFAR-100,beta_0.3,166,0.13061577454209328,0.11775090997417768,/home/minss/fl/DXFL/logs/lambda/adaptive/logs_js_client_lmax_crosscheck_canonical_no_feature/cifar100/beta_0.3/seed0/lmax1p00/cifar100_beta_0.3_js_client_lmax1p00_tau0p85_tkd1p00_canonical_nofeat_seed0_r500.pkl
CIFAR-100,beta_0.3,167,0.11469706743955613,0.11930288329720497,/home/minss/fl/DXFL/logs/lambda/adaptive/logs_js_client_lmax_crosscheck_canonical_no_feature/cifar100/beta_0.3/seed0/lmax1p00/cifar100_beta_0.3_js_client_lmax1p00_tau0p85_tkd1p00_canonical_nofeat_seed0_r500.pkl
CIFAR-100,beta_0.3,168,0.10154239535331726,0.12035791650414467,/home/minss/fl/DXFL/logs/lambda/adaptive/logs_js_client_lmax_crosscheck_canonical_no_feature/cifar100/beta_0.3/seed0/lmax1p00/cifar100_beta_0.3_js_client_lmax1p00_tau0p85_tkd1p00_canonical_nofeat_seed0_r500.pkl
CIFAR-100,beta_0.3,169,0.11892605870962143,0.12088743701577187,/home/minss/fl/DXFL/logs/lambda/adaptive/logs_js_client_lmax_crosscheck_canonical_no_feature/cifar100/beta_0.3/seed0/lmax1p00/cifar100_beta_0.3_js_client_lmax1p00_tau0p85_tkd1p00_canonical_nofeat_seed0_r500.pkl
CIFAR-100,beta_0.3,170,0.1308103822171688,0.12206891005237898,/home/minss/fl/DXFL/logs/lambda/adaptive/logs_js_client_lmax_crosscheck_canonical_no_feature/cifar100/beta_0.3/seed0/lmax1p00/cifar100_beta_0.3_js_client_lmax1p00_tau0p85_tkd1p00_canonical_nofeat_seed0_r500.pkl
CIFAR-100,beta_0.3,171,0.14307903945446016,0.12236956405142943,/home/minss/fl/DXFL/logs/lambda/adaptive/logs_js_client_lmax_crosscheck_canonical_no_feature/cifar100/beta_0.3/seed0/lmax1p00/cifar100_beta_0.3_js_client_lmax1p00_tau0p85_tkd1p00_canonical_nofeat_seed0_r500.pkl
CIFAR-100,beta_0.3,172,0.11486859470605851,0.12132904874781766,/home/minss/fl/DXFL/logs/lambda/adaptive/logs_js_client_lmax_crosscheck_canonical_no_feature/cifar100/beta_0.3/seed0/lmax1p00/cifar100_beta_0.3_js_client_lmax1p00_tau0p85_tkd1p00_canonical_nofeat_seed0_r500.pkl
CIFAR-100,beta_0.3,173,0.11572873517870903,0.11998973933358985,/home/minss/fl/DXFL/logs/lambda/adaptive/logs_js_client_lmax_crosscheck_canonical_no_feature/cifar100/beta_0.3/seed0/lmax1p00/cifar100_beta_0.3_js_client_lmax1p00_tau0p85_tkd1p00_canonical_nofeat_seed0_r500.pkl
CIFAR-100,beta_0.3,174,0.13126601949334143,0.11935158732036749,/home/minss/fl/DXFL/logs/lambda/adaptive/logs_js_client_lmax_crosscheck_canonical_no_feature/cifar100/beta_0.3/seed0/lmax1p00/cifar100_beta_0.3_js_client_lmax1p00_tau0p85_tkd1p00_canonical_nofeat_seed0_r500.pkl
CIFAR-100,beta_0.3,175,0.1262700580060482,0.1192900280902783,/home/minss/fl/DXFL/logs/lambda/adaptive/logs_js_client_lmax_crosscheck_canonical_no_feature/cifar100/beta_0.3/seed0/lmax1p00/cifar100_beta_0.3_js_client_lmax1p00_tau0p85_tkd1p00_canonical_nofeat_seed0_r500.pkl
CIFAR-100,beta_0.3,176,0.11598437130451203,0.1208950088173151,/home/minss/fl/DXFL/logs/lambda/adaptive/logs_js_client_lmax_crosscheck_canonical_no_feature/cifar100/beta_0.3/seed0/lmax1p00/cifar100_beta_0.3_js_client_lmax1p00_tau0p85_tkd1p00_canonical_nofeat_seed0_r500.pkl
CIFAR-100,beta_0.3,177,0.12871522977948188,0.12181078953047593,/home/minss/fl/DXFL/logs/lambda/adaptive/logs_js_client_lmax_crosscheck_canonical_no_feature/cifar100/beta_0.3/seed0/lmax1p00/cifar100_beta_0.3_js_client_lmax1p00_tau0p85_tkd1p00_canonical_nofeat_seed0_r500.pkl
CIFAR-100,beta_0.3,178,0.11403890363872052,0.12198203347623347,/home/minss/fl/DXFL/logs/lambda/adaptive/logs_js_client_lmax_crosscheck_canonical_no_feature/cifar100/beta_0.3/seed0/lmax1p00/cifar100_beta_0.3_js_client_lmax1p00_tau0p85_tkd1p00_canonical_nofeat_seed0_r500.pkl
CIFAR-100,beta_0.3,179,0.1047369010746479,0.12055441829065482,/home/minss/fl/DXFL/logs/lambda/adaptive/logs_js_client_lmax_crosscheck_canonical_no_feature/cifar100/beta_0.3/seed0/lmax1p00/cifar100_beta_0.3_js_client_lmax1p00_tau0p85_tkd1p00_canonical_nofeat_seed0_r500.pkl
CIFAR-100,beta_0.3,180,0.10856655910611153,0.12095802394052346,/home/minss/fl/DXFL/logs/lambda/adaptive/logs_js_client_lmax_crosscheck_canonical_no_feature/cifar100/beta_0.3/seed0/lmax1p00/cifar100_beta_0.3_js_client_lmax1p00_tau0p85_tkd1p00_canonical_nofeat_seed0_r500.pkl
CIFAR-100,beta_0.3,181,0.12104349434375763,0.12198293986419836,/home/minss/fl/DXFL/logs/lambda/adaptive/logs_js_client_lmax_crosscheck_canonical_no_feature/cifar100/beta_0.3/seed0/lmax1p00/cifar100_beta_0.3_js_client_lmax1p00_tau0p85_tkd1p00_canonical_nofeat_seed0_r500.pkl
CIFAR-100,beta_0.3,182,0.1137736789882183,0.12147527364393076,/home/minss/fl/DXFL/logs/lambda/adaptive/logs_js_client_lmax_crosscheck_canonical_no_feature/cifar100/beta_0.3/seed0/lmax1p00/cifar100_beta_0.3_js_client_lmax1p00_tau0p85_tkd1p00_canonical_nofeat_seed0_r500.pkl
CIFAR-100,beta_0.3,183,0.12561710625886918,0.12185403811434906,/home/minss/fl/DXFL/logs/lambda/adaptive/logs_js_client_lmax_crosscheck_canonical_no_feature/cifar100/beta_0.3/seed0/lmax1p00/cifar100_beta_0.3_js_client_lmax1p00_tau0p85_tkd1p00_canonical_nofeat_seed0_r500.pkl
CIFAR-100,beta_0.3,184,0.13266276940703392,0.12293728443483512,/home/minss/fl/DXFL/logs/lambda/adaptive/logs_js_client_lmax_crosscheck_canonical_no_feature/cifar100/beta_0.3/seed0/lmax1p00/cifar100_beta_0.3_js_client_lmax1p00_tau0p85_tkd1p00_canonical_nofeat_seed0_r500.pkl
CIFAR-100,beta_0.3,185,0.13337904140353202,0.1229497198512157,/home/minss/fl/DXFL/logs/lambda/adaptive/logs_js_client_lmax_crosscheck_canonical_no_feature/cifar100/beta_0.3/seed0/lmax1p00/cifar100_beta_0.3_js_client_lmax1p00_tau0p85_tkd1p00_canonical_nofeat_seed0_r500.pkl
CIFAR-100,beta_0.3,186,0.12166481167078018,0.12405672763784727,/home/minss/fl/DXFL/logs/lambda/adaptive/logs_js_client_lmax_crosscheck_canonical_no_feature/cifar100/beta_0.3/seed0/lmax1p00/cifar100_beta_0.3_js_client_lmax1p00_tau0p85_tkd1p00_canonical_nofeat_seed0_r500.pkl
CIFAR-100,beta_0.3,187,0.12092267945408822,0.1264044559498628,/home/minss/fl/DXFL/logs/lambda/adaptive/logs_js_client_lmax_crosscheck_canonical_no_feature/cifar100/beta_0.3/seed0/lmax1p00/cifar100_beta_0.3_js_client_lmax1p00_tau0p85_tkd1p00_canonical_nofeat_seed0_r500.pkl
CIFAR-100,beta_0.3,188,0.13110247403383254,0.1281208665172259,/home/minss/fl/DXFL/logs/lambda/adaptive/logs_js_client_lmax_crosscheck_canonical_no_feature/cifar100/beta_0.3/seed0/lmax1p00/cifar100_beta_0.3_js_client_lmax1p00_tau0p85_tkd1p00_canonical_nofeat_seed0_r500.pkl
CIFAR-100,beta_0.3,189,0.12365102618932725,0.12939462363719942,/home/minss/fl/DXFL/logs/lambda/adaptive/logs_js_client_lmax_crosscheck_canonical_no_feature/cifar100/beta_0.3/seed0/lmax1p00/cifar100_beta_0.3_js_client_lmax1p00_tau0p85_tkd1p00_canonical_nofeat_seed0_r500.pkl
CIFAR-100,beta_0.3,190,0.1319515250623226,0.13154248411456745,/home/minss/fl/DXFL/logs/lambda/adaptive/logs_js_client_lmax_crosscheck_canonical_no_feature/cifar100/beta_0.3/seed0/lmax1p00/cifar100_beta_0.3_js_client_lmax1p00_tau0p85_tkd1p00_canonical_nofeat_seed0_r500.pkl
CIFAR-100,beta_0.3,191,0.13223306611180305,0.13252454911669095,/home/minss/fl/DXFL/logs/lambda/adaptive/logs_js_client_lmax_crosscheck_canonical_no_feature/cifar100/beta_0.3/seed0/lmax1p00/cifar100_beta_0.3_js_client_lmax1p00_tau0p85_tkd1p00_canonical_nofeat_seed0_r500.pkl
CIFAR-100,beta_0.3,192,0.12890176102519035,0.13210556536912918,/home/minss/fl/DXFL/logs/lambda/adaptive/logs_js_client_lmax_crosscheck_canonical_no_feature/cifar100/beta_0.3/seed0/lmax1p00/cifar100_beta_0.3_js_client_lmax1p00_tau0p85_tkd1p00_canonical_nofeat_seed0_r500.pkl
CIFAR-100,beta_0.3,193,0.13064402043819429,0.13142753000060717,/home/minss/fl/DXFL/logs/lambda/adaptive/logs_js_client_lmax_crosscheck_canonical_no_feature/cifar100/beta_0.3/seed0/lmax1p00/cifar100_beta_0.3_js_client_lmax1p00_tau0p85_tkd1p00_canonical_nofeat_seed0_r500.pkl
CIFAR-100,beta_0.3,194,0.1399528257548809,0.13229379663864774,/home/minss/fl/DXFL/logs/lambda/adaptive/logs_js_client_lmax_crosscheck_canonical_no_feature/cifar100/beta_0.3/seed0/lmax1p00/cifar100_beta_0.3_js_client_lmax1p00_tau0p85_tkd1p00_canonical_nofeat_seed0_r500.pkl
CIFAR-100,beta_0.3,195,0.13431271761655808,0.13309941147764523,/home/minss/fl/DXFL/logs/lambda/adaptive/logs_js_client_lmax_crosscheck_canonical_no_feature/cifar100/beta_0.3/seed0/lmax1p00/cifar100_beta_0.3_js_client_lmax1p00_tau0p85_tkd1p00_canonical_nofeat_seed0_r500.pkl
CIFAR-100,beta_0.3,196,0.14014985114336015,0.13333189884821575,/home/minss/fl/DXFL/logs/lambda/adaptive/logs_js_client_lmax_crosscheck_canonical_no_feature/cifar100/beta_0.3/seed0/lmax1p00/cifar100_beta_0.3_js_client_lmax1p00_tau0p85_tkd1p00_canonical_nofeat_seed0_r500.pkl
CIFAR-100,beta_0.3,197,0.14599158614873886,0.13418769896030425,/home/minss/fl/DXFL/logs/lambda/adaptive/logs_js_client_lmax_crosscheck_canonical_no_feature/cifar100/beta_0.3/seed0/lmax1p00/cifar100_beta_0.3_js_client_lmax1p00_tau0p85_tkd1p00_canonical_nofeat_seed0_r500.pkl
CIFAR-100,beta_0.3,198,0.1403480812907219,0.1345074454943339,/home/minss/fl/DXFL/logs/lambda/adaptive/logs_js_client_lmax_crosscheck_canonical_no_feature/cifar100/beta_0.3/seed0/lmax1p00/cifar100_beta_0.3_js_client_lmax1p00_tau0p85_tkd1p00_canonical_nofeat_seed0_r500.pkl
CIFAR-100,beta_0.3,199,0.12637801319360734,0.13568465178211528,/home/minss/fl/DXFL/logs/lambda/adaptive/logs_js_client_lmax_crosscheck_canonical_no_feature/cifar100/beta_0.3/seed0/lmax1p00/cifar100_beta_0.3_js_client_lmax1p00_tau0p85_tkd1p00_canonical_nofeat_seed0_r500.pkl
CIFAR-100,beta_0.3,200,0.12320851087570191,0.13660492608944572,/home/minss/fl/DXFL/logs/lambda/adaptive/logs_js_client_lmax_crosscheck_canonical_no_feature/cifar100/beta_0.3/seed0/lmax1p00/cifar100_beta_0.3_js_client_lmax1p00_tau0p85_tkd1p00_canonical_nofeat_seed0_r500.pkl
CIFAR-100,beta_0.3,201,0.13465881124138832,0.1378317176302274,/home/minss/fl/DXFL/logs/lambda/adaptive/logs_js_client_lmax_crosscheck_canonical_no_feature/cifar100/beta_0.3/seed0/lmax1p00/cifar100_beta_0.3_js_client_lmax1p00_tau0p85_tkd1p00_canonical_nofeat_seed0_r500.pkl
CIFAR-100,beta_0.3,202,0.13300690203905105,0.13801767786343894,/home/minss/fl/DXFL/logs/lambda/adaptive/logs_js_client_lmax_crosscheck_canonical_no_feature/cifar100/beta_0.3/seed0/lmax1p00/cifar100_beta_0.3_js_client_lmax1p00_tau0p85_tkd1p00_canonical_nofeat_seed0_r500.pkl
CIFAR-100,beta_0.3,203,0.13458978459239007,0.13768371015787123,/home/minss/fl/DXFL/logs/lambda/adaptive/logs_js_client_lmax_crosscheck_canonical_no_feature/cifar100/beta_0.3/seed0/lmax1p00/cifar100_beta_0.3_js_client_lmax1p00_tau0p85_tkd1p00_canonical_nofeat_seed0_r500.pkl
CIFAR-100,beta_0.3,204,0.13648802787065506,0.13730790019035338,/home/minss/fl/DXFL/logs/lambda/adaptive/logs_js_client_lmax_crosscheck_canonical_no_feature/cifar100/beta_0.3/seed0/lmax1p00/cifar100_beta_0.3_js_client_lmax1p00_tau0p85_tkd1p00_canonical_nofeat_seed0_r500.pkl
CIFAR-100,beta_0.3,205,0.13674772307276725,0.13766085823376975,/home/minss/fl/DXFL/logs/lambda/adaptive/logs_js_client_lmax_crosscheck_canonical_no_feature/cifar100/beta_0.3/seed0/lmax1p00/cifar100_beta_0.3_js_client_lmax1p00_tau0p85_tkd1p00_canonical_nofeat_seed0_r500.pkl
CIFAR-100,beta_0.3,206,0.14989116042852402,0.1377850775917371,/home/minss/fl/DXFL/logs/lambda/adaptive/logs_js_client_lmax_crosscheck_canonical_no_feature/cifar100/beta_0.3/seed0/lmax1p00/cifar100_beta_0.3_js_client_lmax1p00_tau0p85_tkd1p00_canonical_nofeat_seed0_r500.pkl
CIFAR-100,beta_0.3,207,0.14270587563514708,0.13778359855214756,/home/minss/fl/DXFL/logs/lambda/adaptive/logs_js_client_lmax_crosscheck_canonical_no_feature/cifar100/beta_0.3/seed0/lmax1p00/cifar100_beta_0.3_js_client_lmax1p00_tau0p85_tkd1p00_canonical_nofeat_seed0_r500.pkl
CIFAR-100,beta_0.3,208,0.14904589354991912,0.1399451803664366,/home/minss/fl/DXFL/logs/lambda/adaptive/logs_js_client_lmax_crosscheck_canonical_no_feature/cifar100/beta_0.3/seed0/lmax1p00/cifar100_beta_0.3_js_client_lmax1p00_tau0p85_tkd1p00_canonical_nofeat_seed0_r500.pkl
CIFAR-100,beta_0.3,209,0.14274222925305366,0.1413769435882568,/home/minss/fl/DXFL/logs/lambda/adaptive/logs_js_client_lmax_crosscheck_canonical_no_feature/cifar100/beta_0.3/seed0/lmax1p00/cifar100_beta_0.3_js_client_lmax1p00_tau0p85_tkd1p00_canonical_nofeat_seed0_r500.pkl
CIFAR-100,beta_0.3,210,0.1293032020330429,0.14263358732064563,/home/minss/fl/DXFL/logs/lambda/adaptive/logs_js_client_lmax_crosscheck_canonical_no_feature/cifar100/beta_0.3/seed0/lmax1p00/cifar100_beta_0.3_js_client_lmax1p00_tau0p85_tkd1p00_canonical_nofeat_seed0_r500.pkl
CIFAR-100,beta_0.3,211,0.13451270163059234,0.14456632231672606,/home/minss/fl/DXFL/logs/lambda/adaptive/logs_js_client_lmax_crosscheck_canonical_no_feature/cifar100/beta_0.3/seed0/lmax1p00/cifar100_beta_0.3_js_client_lmax1p00_tau0p85_tkd1p00_canonical_nofeat_seed0_r500.pkl
CIFAR-100,beta_0.3,212,0.15128595679998397,0.14494169488549233,/home/minss/fl/DXFL/logs/lambda/adaptive/logs_js_client_lmax_crosscheck_canonical_no_feature/cifar100/beta_0.3/seed0/lmax1p00/cifar100_beta_0.3_js_client_lmax1p00_tau0p85_tkd1p00_canonical_nofeat_seed0_r500.pkl
CIFAR-100,beta_0.3,213,0.14221137166023254,0.1447571909924348,/home/minss/fl/DXFL/logs/lambda/adaptive/logs_js_client_lmax_crosscheck_canonical_no_feature/cifar100/beta_0.3/seed0/lmax1p00/cifar100_beta_0.3_js_client_lmax1p00_tau0p85_tkd1p00_canonical_nofeat_seed0_r500.pkl
CIFAR-100,beta_0.3,214,0.12635582759976388,0.14465951020518938,/home/minss/fl/DXFL/logs/lambda/adaptive/logs_js_client_lmax_crosscheck_canonical_no_feature/cifar100/beta_0.3/seed0/lmax1p00/cifar100_beta_0.3_js_client_lmax1p00_tau0p85_tkd1p00_canonical_nofeat_seed0_r500.pkl
CIFAR-100,beta_0.3,215,0.1556322380900383,0.14561807662248613,/home/minss/fl/DXFL/logs/lambda/adaptive/logs_js_client_lmax_crosscheck_canonical_no_feature/cifar100/beta_0.3/seed0/lmax1p00/cifar100_beta_0.3_js_client_lmax1p00_tau0p85_tkd1p00_canonical_nofeat_seed0_r500.pkl
CIFAR-100,beta_0.3,216,0.15613525956869126,0.14524492641290032,/home/minss/fl/DXFL/logs/lambda/adaptive/logs_js_client_lmax_crosscheck_canonical_no_feature/cifar100/beta_0.3/seed0/lmax1p00/cifar100_beta_0.3_js_client_lmax1p00_tau0p85_tkd1p00_canonical_nofeat_seed0_r500.pkl
CIFAR-100,beta_0.3,217,0.15185655802488326,0.1442122497657935,/home/minss/fl/DXFL/logs/lambda/adaptive/logs_js_client_lmax_crosscheck_canonical_no_feature/cifar100/beta_0.3/seed0/lmax1p00/cifar100_beta_0.3_js_client_lmax1p00_tau0p85_tkd1p00_canonical_nofeat_seed0_r500.pkl
CIFAR-100,beta_0.3,218,0.16358080953359605,0.14554564192891117,/home/minss/fl/DXFL/logs/lambda/adaptive/logs_js_client_lmax_crosscheck_canonical_no_feature/cifar100/beta_0.3/seed0/lmax1p00/cifar100_beta_0.3_js_client_lmax1p00_tau0p85_tkd1p00_canonical_nofeat_seed0_r500.pkl
CIFAR-100,beta_0.3,219,0.1421186164021492,0.1464374976356824,/home/minss/fl/DXFL/logs/lambda/adaptive/logs_js_client_lmax_crosscheck_canonical_no_feature/cifar100/beta_0.3/seed0/lmax1p00/cifar100_beta_0.3_js_client_lmax1p00_tau0p85_tkd1p00_canonical_nofeat_seed0_r500.pkl
CIFAR-100,beta_0.3,220,0.13398016467690468,0.1460105382899443,/home/minss/fl/DXFL/logs/lambda/adaptive/logs_js_client_lmax_crosscheck_canonical_no_feature/cifar100/beta_0.3/seed0/lmax1p00/cifar100_beta_0.3_js_client_lmax1p00_tau0p85_tkd1p00_canonical_nofeat_seed0_r500.pkl
CIFAR-100,beta_0.3,221,0.14842594861984254,0.1467975252866745,/home/minss/fl/DXFL/logs/lambda/adaptive/logs_js_client_lmax_crosscheck_canonical_no_feature/cifar100/beta_0.3/seed0/lmax1p00/cifar100_beta_0.3_js_client_lmax1p00_tau0p85_tkd1p00_canonical_nofeat_seed0_r500.pkl
CIFAR-100,beta_0.3,222,0.157084371894598,0.14895098313689234,/home/minss/fl/DXFL/logs/lambda/adaptive/logs_js_client_lmax_crosscheck_canonical_no_feature/cifar100/beta_0.3/seed0/lmax1p00/cifar100_beta_0.3_js_client_lmax1p00_tau0p85_tkd1p00_canonical_nofeat_seed0_r500.pkl
CIFAR-100,beta_0.3,223,0.14344864040613176,0.14976670846343043,/home/minss/fl/DXFL/logs/lambda/adaptive/logs_js_client_lmax_crosscheck_canonical_no_feature/cifar100/beta_0.3/seed0/lmax1p00/cifar100_beta_0.3_js_client_lmax1p00_tau0p85_tkd1p00_canonical_nofeat_seed0_r500.pkl
CIFAR-100,beta_0.3,224,0.12725207954645157,0.15008290732900303,/home/minss/fl/DXFL/logs/lambda/adaptive/logs_js_client_lmax_crosscheck_canonical_no_feature/cifar100/beta_0.3/seed0/lmax1p00/cifar100_beta_0.3_js_client_lmax1p00_tau0p85_tkd1p00_canonical_nofeat_seed0_r500.pkl
CIFAR-100,beta_0.3,225,0.1493040844798088,0.14992709572116536,/home/minss/fl/DXFL/logs/lambda/adaptive/logs_js_client_lmax_crosscheck_canonical_no_feature/cifar100/beta_0.3/seed0/lmax1p00/cifar100_beta_0.3_js_client_lmax1p00_tau0p85_tkd1p00_canonical_nofeat_seed0_r500.pkl
CIFAR-100,beta_0.3,226,0.14789053723216056,0.148746211429437,/home/minss/fl/DXFL/logs/lambda/adaptive/logs_js_client_lmax_crosscheck_canonical_no_feature/cifar100/beta_0.3/seed0/lmax1p00/cifar100_beta_0.3_js_client_lmax1p00_tau0p85_tkd1p00_canonical_nofeat_seed0_r500.pkl
CIFAR-100,beta_0.3,227,0.14488156661391258,0.15062717060248057,/home/minss/fl/DXFL/logs/lambda/adaptive/logs_js_client_lmax_crosscheck_canonical_no_feature/cifar100/beta_0.3/seed0/lmax1p00/cifar100_beta_0.3_js_client_lmax1p00_tau0p85_tkd1p00_canonical_nofeat_seed0_r500.pkl
CIFAR-100,beta_0.3,228,0.15401617661118508,0.15258152445157372,/home/minss/fl/DXFL/logs/lambda/adaptive/logs_js_client_lmax_crosscheck_canonical_no_feature/cifar100/beta_0.3/seed0/lmax1p00/cifar100_beta_0.3_js_client_lmax1p00_tau0p85_tkd1p00_canonical_nofeat_seed0_r500.pkl
CIFAR-100,beta_0.3,229,0.15865769535303115,0.1520630370080471,/home/minss/fl/DXFL/logs/lambda/adaptive/logs_js_client_lmax_crosscheck_canonical_no_feature/cifar100/beta_0.3/seed0/lmax1p00/cifar100_beta_0.3_js_client_lmax1p00_tau0p85_tkd1p00_canonical_nofeat_seed0_r500.pkl
CIFAR-100,beta_0.3,230,0.16786811798810958,0.15053098917007446,/home/minss/fl/DXFL/logs/lambda/adaptive/logs_js_client_lmax_crosscheck_canonical_no_feature/cifar100/beta_0.3/seed0/lmax1p00/cifar100_beta_0.3_js_client_lmax1p00_tau0p85_tkd1p00_canonical_nofeat_seed0_r500.pkl
CIFAR-100,beta_0.3,231,0.16087824255228042,0.1511640085776647,/home/minss/fl/DXFL/logs/lambda/adaptive/logs_js_client_lmax_crosscheck_canonical_no_feature/cifar100/beta_0.3/seed0/lmax1p00/cifar100_beta_0.3_js_client_lmax1p00_tau0p85_tkd1p00_canonical_nofeat_seed0_r500.pkl
CIFAR-100,beta_0.3,232,0.14951938390731812,0.1530160242319107,/home/minss/fl/DXFL/logs/lambda/adaptive/logs_js_client_lmax_crosscheck_canonical_no_feature/cifar100/beta_0.3/seed0/lmax1p00/cifar100_beta_0.3_js_client_lmax1p00_tau0p85_tkd1p00_canonical_nofeat_seed0_r500.pkl
CIFAR-100,beta_0.3,233,0.14586754515767097,0.15374694118897123,/home/minss/fl/DXFL/logs/lambda/adaptive/logs_js_client_lmax_crosscheck_canonical_no_feature/cifar100/beta_0.3/seed0/lmax1p00/cifar100_beta_0.3_js_client_lmax1p00_tau0p85_tkd1p00_canonical_nofeat_seed0_r500.pkl
CIFAR-100,beta_0.3,234,0.17033300399780274,0.15549308290084204,/home/minss/fl/DXFL/logs/lambda/adaptive/logs_js_client_lmax_crosscheck_canonical_no_feature/cifar100/beta_0.3/seed0/lmax1p00/cifar100_beta_0.3_js_client_lmax1p00_tau0p85_tkd1p00_canonical_nofeat_seed0_r500.pkl
CIFAR-100,beta_0.3,235,0.16329547241330147,0.1571907375752926,/home/minss/fl/DXFL/logs/lambda/adaptive/logs_js_client_lmax_crosscheck_canonical_no_feature/cifar100/beta_0.3/seed0/lmax1p00/cifar100_beta_0.3_js_client_lmax1p00_tau0p85_tkd1p00_canonical_nofeat_seed0_r500.pkl
CIFAR-100,beta_0.3,236,0.14064863696694374,0.1570477972428004,/home/minss/fl/DXFL/logs/lambda/adaptive/logs_js_client_lmax_crosscheck_canonical_no_feature/cifar100/beta_0.3/seed0/lmax1p00/cifar100_beta_0.3_js_client_lmax1p00_tau0p85_tkd1p00_canonical_nofeat_seed0_r500.pkl
CIFAR-100,beta_0.3,237,0.1341036543250084,0.15764551778634386,/home/minss/fl/DXFL/logs/lambda/adaptive/logs_js_client_lmax_crosscheck_canonical_no_feature/cifar100/beta_0.3/seed0/lmax1p00/cifar100_beta_0.3_js_client_lmax1p00_tau0p85_tkd1p00_canonical_nofeat_seed0_r500.pkl
CIFAR-100,beta_0.3,238,0.1529439315199852,0.1582208746174971,/home/minss/fl/DXFL/logs/lambda/adaptive/logs_js_client_lmax_crosscheck_canonical_no_feature/cifar100/beta_0.3/seed0/lmax1p00/cifar100_beta_0.3_js_client_lmax1p00_tau0p85_tkd1p00_canonical_nofeat_seed0_r500.pkl
CIFAR-100,beta_0.3,239,0.15503231436014175,0.15938505515456197,/home/minss/fl/DXFL/logs/lambda/adaptive/logs_js_client_lmax_crosscheck_canonical_no_feature/cifar100/beta_0.3/seed0/lmax1p00/cifar100_beta_0.3_js_client_lmax1p00_tau0p85_tkd1p00_canonical_nofeat_seed0_r500.pkl
CIFAR-100,beta_0.3,240,0.16026783883571624,0.15994185710946715,/home/minss/fl/DXFL/logs/lambda/adaptive/logs_js_client_lmax_crosscheck_canonical_no_feature/cifar100/beta_0.3/seed0/lmax1p00/cifar100_beta_0.3_js_client_lmax1p00_tau0p85_tkd1p00_canonical_nofeat_seed0_r500.pkl
CIFAR-100,beta_0.3,241,0.174082662910223,0.16086881533265113,/home/minss/fl/DXFL/logs/lambda/adaptive/logs_js_client_lmax_crosscheck_canonical_no_feature/cifar100/beta_0.3/seed0/lmax1p00/cifar100_beta_0.3_js_client_lmax1p00_tau0p85_tkd1p00_canonical_nofeat_seed0_r500.pkl
CIFAR-100,beta_0.3,242,0.17034638673067093,0.1604309193789959,/home/minss/fl/DXFL/logs/lambda/adaptive/logs_js_client_lmax_crosscheck_canonical_no_feature/cifar100/beta_0.3/seed0/lmax1p00/cifar100_beta_0.3_js_client_lmax1p00_tau0p85_tkd1p00_canonical_nofeat_seed0_r500.pkl
CIFAR-100,beta_0.3,243,0.15187207162380217,0.1610344290733337,/home/minss/fl/DXFL/logs/lambda/adaptive/logs_js_client_lmax_crosscheck_canonical_no_feature/cifar100/beta_0.3/seed0/lmax1p00/cifar100_beta_0.3_js_client_lmax1p00_tau0p85_tkd1p00_canonical_nofeat_seed0_r500.pkl
CIFAR-100,beta_0.3,244,0.16762350350618363,0.16274336869517958,/home/minss/fl/DXFL/logs/lambda/adaptive/logs_js_client_lmax_crosscheck_canonical_no_feature/cifar100/beta_0.3/seed0/lmax1p00/cifar100_beta_0.3_js_client_lmax1p00_tau0p85_tkd1p00_canonical_nofeat_seed0_r500.pkl
CIFAR-100,beta_0.3,245,0.1764984704554081,0.16459188853700954,/home/minss/fl/DXFL/logs/lambda/adaptive/logs_js_client_lmax_crosscheck_canonical_no_feature/cifar100/beta_0.3/seed0/lmax1p00/cifar100_beta_0.3_js_client_lmax1p00_tau0p85_tkd1p00_canonical_nofeat_seed0_r500.pkl
CIFAR-100,beta_0.3,246,0.17834095060825347,0.16545041109124817,/home/minss/fl/DXFL/logs/lambda/adaptive/logs_js_client_lmax_crosscheck_canonical_no_feature/cifar100/beta_0.3/seed0/lmax1p00/cifar100_beta_0.3_js_client_lmax1p00_tau0p85_tkd1p00_canonical_nofeat_seed0_r500.pkl
CIFAR-100,beta_0.3,247,0.15787141323089598,0.1661861285070578,/home/minss/fl/DXFL/logs/lambda/adaptive/logs_js_client_lmax_crosscheck_canonical_no_feature/cifar100/beta_0.3/seed0/lmax1p00/cifar100_beta_0.3_js_client_lmax1p00_tau0p85_tkd1p00_canonical_nofeat_seed0_r500.pkl
CIFAR-100,beta_0.3,248,0.1597719185054302,0.16716225042939187,/home/minss/fl/DXFL/logs/lambda/adaptive/logs_js_client_lmax_crosscheck_canonical_no_feature/cifar100/beta_0.3/seed0/lmax1p00/cifar100_beta_0.3_js_client_lmax1p00_tau0p85_tkd1p00_canonical_nofeat_seed0_r500.pkl
CIFAR-100,beta_0.3,249,0.1637645646929741,0.1664986232916514,/home/minss/fl/DXFL/logs/lambda/adaptive/logs_js_client_lmax_crosscheck_canonical_no_feature/cifar100/beta_0.3/seed0/lmax1p00/cifar100_beta_0.3_js_client_lmax1p00_tau0p85_tkd1p00_canonical_nofeat_seed0_r500.pkl
CIFAR-100,beta_0.3,250,0.17234811782836915,0.16634615659713747,/home/minss/fl/DXFL/logs/lambda/adaptive/logs_js_client_lmax_crosscheck_canonical_no_feature/cifar100/beta_0.3/seed0/lmax1p00/cifar100_beta_0.3_js_client_lmax1p00_tau0p85_tkd1p00_canonical_nofeat_seed0_r500.pkl
CIFAR-100,beta_0.3,251,0.16628273129463195,0.16674408306678135,/home/minss/fl/DXFL/logs/lambda/adaptive/logs_js_client_lmax_crosscheck_canonical_no_feature/cifar100/beta_0.3/seed0/lmax1p00/cifar100_beta_0.3_js_client_lmax1p00_tau0p85_tkd1p00_canonical_nofeat_seed0_r500.pkl
CIFAR-100,beta_0.3,252,0.16183145195245743,0.16471822475393613,/home/minss/fl/DXFL/logs/lambda/adaptive/logs_js_client_lmax_crosscheck_canonical_no_feature/cifar100/beta_0.3/seed0/lmax1p00/cifar100_beta_0.3_js_client_lmax1p00_tau0p85_tkd1p00_canonical_nofeat_seed0_r500.pkl
CIFAR-100,beta_0.3,253,0.16582176983356475,0.1637515537937482,/home/minss/fl/DXFL/logs/lambda/adaptive/logs_js_client_lmax_crosscheck_canonical_no_feature/cifar100/beta_0.3/seed0/lmax1p00/cifar100_beta_0.3_js_client_lmax1p00_tau0p85_tkd1p00_canonical_nofeat_seed0_r500.pkl
CIFAR-100,beta_0.3,254,0.16606807559728623,0.16304278656840324,/home/minss/fl/DXFL/logs/lambda/adaptive/logs_js_client_lmax_crosscheck_canonical_no_feature/cifar100/beta_0.3/seed0/lmax1p00/cifar100_beta_0.3_js_client_lmax1p00_tau0p85_tkd1p00_canonical_nofeat_seed0_r500.pkl
CIFAR-100,beta_0.3,255,0.17490966767072677,0.16414191618561744,/home/minss/fl/DXFL/logs/lambda/adaptive/logs_js_client_lmax_crosscheck_canonical_no_feature/cifar100/beta_0.3/seed0/lmax1p00/cifar100_beta_0.3_js_client_lmax1p00_tau0p85_tkd1p00_canonical_nofeat_seed0_r500.pkl
CIFAR-100,beta_0.3,256,0.16412825584411622,0.1630802643795808,/home/minss/fl/DXFL/logs/lambda/adaptive/logs_js_client_lmax_crosscheck_canonical_no_feature/cifar100/beta_0.3/seed0/lmax1p00/cifar100_beta_0.3_js_client_lmax1p00_tau0p85_tkd1p00_canonical_nofeat_seed0_r500.pkl
CIFAR-100,beta_0.3,257,0.16805938631296158,0.1620918410023053,/home/minss/fl/DXFL/logs/lambda/adaptive/logs_js_client_lmax_crosscheck_canonical_no_feature/cifar100/beta_0.3/seed0/lmax1p00/cifar100_beta_0.3_js_client_lmax1p00_tau0p85_tkd1p00_canonical_nofeat_seed0_r500.pkl
CIFAR-100,beta_0.3,258,0.15784096866846084,0.16017413665850955,/home/minss/fl/DXFL/logs/lambda/adaptive/logs_js_client_lmax_crosscheck_canonical_no_feature/cifar100/beta_0.3/seed0/lmax1p00/cifar100_beta_0.3_js_client_lmax1p00_tau0p85_tkd1p00_canonical_nofeat_seed0_r500.pkl
CIFAR-100,beta_0.3,259,0.13723562881350518,0.15850092868010202,/home/minss/fl/DXFL/logs/lambda/adaptive/logs_js_client_lmax_crosscheck_canonical_no_feature/cifar100/beta_0.3/seed0/lmax1p00/cifar100_beta_0.3_js_client_lmax1p00_tau0p85_tkd1p00_canonical_nofeat_seed0_r500.pkl
CIFAR-100,beta_0.3,260,0.16199840605258942,0.15793149282534916,/home/minss/fl/DXFL/logs/lambda/adaptive/logs_js_client_lmax_crosscheck_canonical_no_feature/cifar100/beta_0.3/seed0/lmax1p00/cifar100_beta_0.3_js_client_lmax1p00_tau0p85_tkd1p00_canonical_nofeat_seed0_r500.pkl
CIFAR-100,beta_0.3,261,0.16770944222807885,0.15792723486820856,/home/minss/fl/DXFL/logs/lambda/adaptive/logs_js_client_lmax_crosscheck_canonical_no_feature/cifar100/beta_0.3/seed0/lmax1p00/cifar100_beta_0.3_js_client_lmax1p00_tau0p85_tkd1p00_canonical_nofeat_seed0_r500.pkl
CIFAR-100,beta_0.3,262,0.17435835748910905,0.156435477634271,/home/minss/fl/DXFL/logs/lambda/adaptive/logs_js_client_lmax_crosscheck_canonical_no_feature/cifar100/beta_0.3/seed0/lmax1p00/cifar100_beta_0.3_js_client_lmax1p00_tau0p85_tkd1p00_canonical_nofeat_seed0_r500.pkl
CIFAR-100,beta_0.3,263,0.14384714141488075,0.15520175824562707,/home/minss/fl/DXFL/logs/lambda/adaptive/logs_js_client_lmax_crosscheck_canonical_no_feature/cifar100/beta_0.3/seed0/lmax1p00/cifar100_beta_0.3_js_client_lmax1p00_tau0p85_tkd1p00_canonical_nofeat_seed0_r500.pkl
CIFAR-100,beta_0.3,264,0.14893821403384208,0.1553150282303492,/home/minss/fl/DXFL/logs/lambda/adaptive/logs_js_client_lmax_crosscheck_canonical_no_feature/cifar100/beta_0.3/seed0/lmax1p00/cifar100_beta_0.3_js_client_lmax1p00_tau0p85_tkd1p00_canonical_nofeat_seed0_r500.pkl
CIFAR-100,beta_0.3,265,0.1435825526714325,0.1549276489019394,/home/minss/fl/DXFL/logs/lambda/adaptive/logs_js_client_lmax_crosscheck_canonical_no_feature/cifar100/beta_0.3/seed0/lmax1p00/cifar100_beta_0.3_js_client_lmax1p00_tau0p85_tkd1p00_canonical_nofeat_seed0_r500.pkl
CIFAR-100,beta_0.3,266,0.14118461161851883,0.1549941337108612,/home/minss/fl/DXFL/logs/lambda/adaptive/logs_js_client_lmax_crosscheck_canonical_no_feature/cifar100/beta_0.3/seed0/lmax1p00/cifar100_beta_0.3_js_client_lmax1p00_tau0p85_tkd1p00_canonical_nofeat_seed0_r500.pkl
CIFAR-100,beta_0.3,267,0.15328991413116455,0.15607912123203277,/home/minss/fl/DXFL/logs/lambda/adaptive/logs_js_client_lmax_crosscheck_canonical_no_feature/cifar100/beta_0.3/seed0/lmax1p00/cifar100_beta_0.3_js_client_lmax1p00_tau0p85_tkd1p00_canonical_nofeat_seed0_r500.pkl
CIFAR-100,beta_0.3,268,0.1657579004764557,0.15594542860984803,/home/minss/fl/DXFL/logs/lambda/adaptive/logs_js_client_lmax_crosscheck_canonical_no_feature/cifar100/beta_0.3/seed0/lmax1p00/cifar100_beta_0.3_js_client_lmax1p00_tau0p85_tkd1p00_canonical_nofeat_seed0_r500.pkl
CIFAR-100,beta_0.3,269,0.1436917170882225,0.1547929755349954,/home/minss/fl/DXFL/logs/lambda/adaptive/logs_js_client_lmax_crosscheck_canonical_no_feature/cifar100/beta_0.3/seed0/lmax1p00/cifar100_beta_0.3_js_client_lmax1p00_tau0p85_tkd1p00_canonical_nofeat_seed0_r500.pkl
CIFAR-100,beta_0.3,270,0.15640387684106827,0.15365636030832927,/home/minss/fl/DXFL/logs/lambda/adaptive/logs_js_client_lmax_crosscheck_canonical_no_feature/cifar100/beta_0.3/seed0/lmax1p00/cifar100_beta_0.3_js_client_lmax1p00_tau0p85_tkd1p00_canonical_nofeat_seed0_r500.pkl
CIFAR-100,beta_0.3,271,0.16582730561494827,0.1542069011926651,/home/minss/fl/DXFL/logs/lambda/adaptive/logs_js_client_lmax_crosscheck_canonical_no_feature/cifar100/beta_0.3/seed0/lmax1p00/cifar100_beta_0.3_js_client_lmax1p00_tau0p85_tkd1p00_canonical_nofeat_seed0_r500.pkl
CIFAR-100,beta_0.3,272,0.1622486963868141,0.15520201737682024,/home/minss/fl/DXFL/logs/lambda/adaptive/logs_js_client_lmax_crosscheck_canonical_no_feature/cifar100/beta_0.3/seed0/lmax1p00/cifar100_beta_0.3_js_client_lmax1p00_tau0p85_tkd1p00_canonical_nofeat_seed0_r500.pkl
CIFAR-100,beta_0.3,273,0.15883824080228806,0.15574785694479942,/home/minss/fl/DXFL/logs/lambda/adaptive/logs_js_client_lmax_crosscheck_canonical_no_feature/cifar100/beta_0.3/seed0/lmax1p00/cifar100_beta_0.3_js_client_lmax1p00_tau0p85_tkd1p00_canonical_nofeat_seed0_r500.pkl
CIFAR-100,beta_0.3,274,0.15351044163107871,0.1569823629160722,/home/minss/fl/DXFL/logs/lambda/adaptive/logs_js_client_lmax_crosscheck_canonical_no_feature/cifar100/beta_0.3/seed0/lmax1p00/cifar100_beta_0.3_js_client_lmax1p00_tau0p85_tkd1p00_canonical_nofeat_seed0_r500.pkl
CIFAR-100,beta_0.3,275,0.1599930167198181,0.15728889544804892,/home/minss/fl/DXFL/logs/lambda/adaptive/logs_js_client_lmax_crosscheck_canonical_no_feature/cifar100/beta_0.3/seed0/lmax1p00/cifar100_beta_0.3_js_client_lmax1p00_tau0p85_tkd1p00_canonical_nofeat_seed0_r500.pkl
CIFAR-100,beta_0.3,276,0.15042264610528946,0.15573799595236776,/home/minss/fl/DXFL/logs/lambda/adaptive/logs_js_client_lmax_crosscheck_canonical_no_feature/cifar100/beta_0.3/seed0/lmax1p00/cifar100_beta_0.3_js_client_lmax1p00_tau0p85_tkd1p00_canonical_nofeat_seed0_r500.pkl
CIFAR-100,beta_0.3,277,0.15730912908911704,0.15593824014067648,/home/minss/fl/DXFL/logs/lambda/adaptive/logs_js_client_lmax_crosscheck_canonical_no_feature/cifar100/beta_0.3/seed0/lmax1p00/cifar100_beta_0.3_js_client_lmax1p00_tau0p85_tkd1p00_canonical_nofeat_seed0_r500.pkl
CIFAR-100,beta_0.3,278,0.15210525467991828,0.15595574781298635,/home/minss/fl/DXFL/logs/lambda/adaptive/logs_js_client_lmax_crosscheck_canonical_no_feature/cifar100/beta_0.3/seed0/lmax1p00/cifar100_beta_0.3_js_client_lmax1p00_tau0p85_tkd1p00_canonical_nofeat_seed0_r500.pkl
CIFAR-100,beta_0.3,279,0.16386495679616928,0.1555668729543686,/home/minss/fl/DXFL/logs/lambda/adaptive/logs_js_client_lmax_crosscheck_canonical_no_feature/cifar100/beta_0.3/seed0/lmax1p00/cifar100_beta_0.3_js_client_lmax1p00_tau0p85_tkd1p00_canonical_nofeat_seed0_r500.pkl
CIFAR-100,beta_0.3,280,0.15177014619112014,0.15534734273950263,/home/minss/fl/DXFL/logs/lambda/adaptive/logs_js_client_lmax_crosscheck_canonical_no_feature/cifar100/beta_0.3/seed0/lmax1p00/cifar100_beta_0.3_js_client_lmax1p00_tau0p85_tkd1p00_canonical_nofeat_seed0_r500.pkl
CIFAR-100,beta_0.3,281,0.15970220118761064,0.1547212780018648,/home/minss/fl/DXFL/logs/lambda/adaptive/logs_js_client_lmax_crosscheck_canonical_no_feature/cifar100/beta_0.3/seed0/lmax1p00/cifar100_beta_0.3_js_client_lmax1p00_tau0p85_tkd1p00_canonical_nofeat_seed0_r500.pkl
CIFAR-100,beta_0.3,282,0.15788790211081505,0.15513600190480553,/home/minss/fl/DXFL/logs/lambda/adaptive/logs_js_client_lmax_crosscheck_canonical_no_feature/cifar100/beta_0.3/seed0/lmax1p00/cifar100_beta_0.3_js_client_lmax1p00_tau0p85_tkd1p00_canonical_nofeat_seed0_r500.pkl
CIFAR-100,beta_0.3,283,0.14249440804123878,0.1550902036825816,/home/minss/fl/DXFL/logs/lambda/adaptive/logs_js_client_lmax_crosscheck_canonical_no_feature/cifar100/beta_0.3/seed0/lmax1p00/cifar100_beta_0.3_js_client_lmax1p00_tau0p85_tkd1p00_canonical_nofeat_seed0_r500.pkl
CIFAR-100,beta_0.3,284,0.14669537991285325,0.15657668193181357,/home/minss/fl/DXFL/logs/lambda/adaptive/logs_js_client_lmax_crosscheck_canonical_no_feature/cifar100/beta_0.3/seed0/lmax1p00/cifar100_beta_0.3_js_client_lmax1p00_tau0p85_tkd1p00_canonical_nofeat_seed0_r500.pkl
CIFAR-100,beta_0.3,285,0.1566664919257164,0.15716349785526593,/home/minss/fl/DXFL/logs/lambda/adaptive/logs_js_client_lmax_crosscheck_canonical_no_feature/cifar100/beta_0.3/seed0/lmax1p00/cifar100_beta_0.3_js_client_lmax1p00_tau0p85_tkd1p00_canonical_nofeat_seed0_r500.pkl
CIFAR-100,beta_0.3,286,0.15999418273568153,0.15787157177925107,/home/minss/fl/DXFL/logs/lambda/adaptive/logs_js_client_lmax_crosscheck_canonical_no_feature/cifar100/beta_0.3/seed0/lmax1p00/cifar100_beta_0.3_js_client_lmax1p00_tau0p85_tkd1p00_canonical_nofeat_seed0_r500.pkl
CIFAR-100,beta_0.3,287,0.15895574316382408,0.1572618940969308,/home/minss/fl/DXFL/logs/lambda/adaptive/logs_js_client_lmax_crosscheck_canonical_no_feature/cifar100/beta_0.3/seed0/lmax1p00/cifar100_beta_0.3_js_client_lmax1p00_tau0p85_tkd1p00_canonical_nofeat_seed0_r500.pkl
CIFAR-100,beta_0.3,288,0.1494472697377205,0.1575435881316662,/home/minss/fl/DXFL/logs/lambda/adaptive/logs_js_client_lmax_crosscheck_canonical_no_feature/cifar100/beta_0.3/seed0/lmax1p00/cifar100_beta_0.3_js_client_lmax1p00_tau0p85_tkd1p00_canonical_nofeat_seed0_r500.pkl
CIFAR-100,beta_0.3,289,0.15973130017518997,0.15610576088229813,/home/minss/fl/DXFL/logs/lambda/adaptive/logs_js_client_lmax_crosscheck_canonical_no_feature/cifar100/beta_0.3/seed0/lmax1p00/cifar100_beta_0.3_js_client_lmax1p00_tau0p85_tkd1p00_canonical_nofeat_seed0_r500.pkl
CIFAR-100,beta_0.3,290,0.15930604338645935,0.15566994031270345,/home/minss/fl/DXFL/logs/lambda/adaptive/logs_js_client_lmax_crosscheck_canonical_no_feature/cifar100/beta_0.3/seed0/lmax1p00/cifar100_beta_0.3_js_client_lmax1p00_tau0p85_tkd1p00_canonical_nofeat_seed0_r500.pkl
CIFAR-100,beta_0.3,291,0.17271981984376908,0.15663469448685644,/home/minss/fl/DXFL/logs/lambda/adaptive/logs_js_client_lmax_crosscheck_canonical_no_feature/cifar100/beta_0.3/seed0/lmax1p00/cifar100_beta_0.3_js_client_lmax1p00_tau0p85_tkd1p00_canonical_nofeat_seed0_r500.pkl
CIFAR-100,beta_0.3,292,0.1661113679409027,0.1586058029035727,/home/minss/fl/DXFL/logs/lambda/adaptive/logs_js_client_lmax_crosscheck_canonical_no_feature/cifar100/beta_0.3/seed0/lmax1p00/cifar100_beta_0.3_js_client_lmax1p00_tau0p85_tkd1p00_canonical_nofeat_seed0_r500.pkl
CIFAR-100,beta_0.3,293,0.16272636353969575,0.1590413250029087,/home/minss/fl/DXFL/logs/lambda/adaptive/logs_js_client_lmax_crosscheck_canonical_no_feature/cifar100/beta_0.3/seed0/lmax1p00/cifar100_beta_0.3_js_client_lmax1p00_tau0p85_tkd1p00_canonical_nofeat_seed0_r500.pkl
CIFAR-100,beta_0.3,294,0.15471979156136512,0.15936969826618833,/home/minss/fl/DXFL/logs/lambda/adaptive/logs_js_client_lmax_crosscheck_canonical_no_feature/cifar100/beta_0.3/seed0/lmax1p00/cifar100_beta_0.3_js_client_lmax1p00_tau0p85_tkd1p00_canonical_nofeat_seed0_r500.pkl
CIFAR-100,beta_0.3,295,0.15599555671215057,0.15933860604961714,/home/minss/fl/DXFL/logs/lambda/adaptive/logs_js_client_lmax_crosscheck_canonical_no_feature/cifar100/beta_0.3/seed0/lmax1p00/cifar100_beta_0.3_js_client_lmax1p00_tau0p85_tkd1p00_canonical_nofeat_seed0_r500.pkl
CIFAR-100,beta_0.3,296,0.13813479244709015,0.16022265424331028,/home/minss/fl/DXFL/logs/lambda/adaptive/logs_js_client_lmax_crosscheck_canonical_no_feature/cifar100/beta_0.3/seed0/lmax1p00/cifar100_beta_0.3_js_client_lmax1p00_tau0p85_tkd1p00_canonical_nofeat_seed0_r500.pkl
CIFAR-100,beta_0.3,297,0.15135059356689454,0.16017052138845123,/home/minss/fl/DXFL/logs/lambda/adaptive/logs_js_client_lmax_crosscheck_canonical_no_feature/cifar100/beta_0.3/seed0/lmax1p00/cifar100_beta_0.3_js_client_lmax1p00_tau0p85_tkd1p00_canonical_nofeat_seed0_r500.pkl
CIFAR-100,beta_0.3,298,0.15696572065353392,0.16042250211040177,/home/minss/fl/DXFL/logs/lambda/adaptive/logs_js_client_lmax_crosscheck_canonical_no_feature/cifar100/beta_0.3/seed0/lmax1p00/cifar100_beta_0.3_js_client_lmax1p00_tau0p85_tkd1p00_canonical_nofeat_seed0_r500.pkl
CIFAR-100,beta_0.3,299,0.1762620061635971,0.1588248063623905,/home/minss/fl/DXFL/logs/lambda/adaptive/logs_js_client_lmax_crosscheck_canonical_no_feature/cifar100/beta_0.3/seed0/lmax1p00/cifar100_beta_0.3_js_client_lmax1p00_tau0p85_tkd1p00_canonical_nofeat_seed0_r500.pkl
CIFAR-100,beta_0.3,300,0.16319932341575621,0.15755647882819174,/home/minss/fl/DXFL/logs/lambda/adaptive/logs_js_client_lmax_crosscheck_canonical_no_feature/cifar100/beta_0.3/seed0/lmax1p00/cifar100_beta_0.3_js_client_lmax1p00_tau0p85_tkd1p00_canonical_nofeat_seed0_r500.pkl
CIFAR-100,beta_0.3,301,0.16491978168487548,0.1574224881827831,/home/minss/fl/DXFL/logs/lambda/adaptive/logs_js_client_lmax_crosscheck_canonical_no_feature/cifar100/beta_0.3/seed0/lmax1p00/cifar100_beta_0.3_js_client_lmax1p00_tau0p85_tkd1p00_canonical_nofeat_seed0_r500.pkl
CIFAR-100,beta_0.3,302,0.1584893599152565,0.1583153759439786,/home/minss/fl/DXFL/logs/lambda/adaptive/logs_js_client_lmax_crosscheck_canonical_no_feature/cifar100/beta_0.3/seed0/lmax1p00/cifar100_beta_0.3_js_client_lmax1p00_tau0p85_tkd1p00_canonical_nofeat_seed0_r500.pkl
CIFAR-100,beta_0.3,303,0.16270799264311792,0.15741641273101167,/home/minss/fl/DXFL/logs/lambda/adaptive/logs_js_client_lmax_crosscheck_canonical_no_feature/cifar100/beta_0.3/seed0/lmax1p00/cifar100_beta_0.3_js_client_lmax1p00_tau0p85_tkd1p00_canonical_nofeat_seed0_r500.pkl
CIFAR-100,beta_0.3,304,0.15894930735230445,0.15880905856688815,/home/minss/fl/DXFL/logs/lambda/adaptive/logs_js_client_lmax_crosscheck_canonical_no_feature/cifar100/beta_0.3/seed0/lmax1p00/cifar100_beta_0.3_js_client_lmax1p00_tau0p85_tkd1p00_canonical_nofeat_seed0_r500.pkl
CIFAR-100,beta_0.3,305,0.1630857542157173,0.15840326885382333,/home/minss/fl/DXFL/logs/lambda/adaptive/logs_js_client_lmax_crosscheck_canonical_no_feature/cifar100/beta_0.3/seed0/lmax1p00/cifar100_beta_0.3_js_client_lmax1p00_tau0p85_tkd1p00_canonical_nofeat_seed0_r500.pkl
CIFAR-100,beta_0.3,306,0.1487543836236,0.1588274092475573,/home/minss/fl/DXFL/logs/lambda/adaptive/logs_js_client_lmax_crosscheck_canonical_no_feature/cifar100/beta_0.3/seed0/lmax1p00/cifar100_beta_0.3_js_client_lmax1p00_tau0p85_tkd1p00_canonical_nofeat_seed0_r500.pkl
CIFAR-100,beta_0.3,307,0.1470864549279213,0.15703466936945915,/home/minss/fl/DXFL/logs/lambda/adaptive/logs_js_client_lmax_crosscheck_canonical_no_feature/cifar100/beta_0.3/seed0/lmax1p00/cifar100_beta_0.3_js_client_lmax1p00_tau0p85_tkd1p00_canonical_nofeat_seed0_r500.pkl
CIFAR-100,beta_0.3,308,0.16071650385856628,0.15585737466812133,/home/minss/fl/DXFL/logs/lambda/adaptive/logs_js_client_lmax_crosscheck_canonical_no_feature/cifar100/beta_0.3/seed0/lmax1p00/cifar100_beta_0.3_js_client_lmax1p00_tau0p85_tkd1p00_canonical_nofeat_seed0_r500.pkl
CIFAR-100,beta_0.3,309,0.16811310797929763,0.15495259344577791,/home/minss/fl/DXFL/logs/lambda/adaptive/logs_js_client_lmax_crosscheck_canonical_no_feature/cifar100/beta_0.3/seed0/lmax1p00/cifar100_beta_0.3_js_client_lmax1p00_tau0p85_tkd1p00_canonical_nofeat_seed0_r500.pkl
CIFAR-100,beta_0.3,310,0.14251110851764678,0.15411033913493158,/home/minss/fl/DXFL/logs/lambda/adaptive/logs_js_client_lmax_crosscheck_canonical_no_feature/cifar100/beta_0.3/seed0/lmax1p00/cifar100_beta_0.3_js_client_lmax1p00_tau0p85_tkd1p00_canonical_nofeat_seed0_r500.pkl
CIFAR-100,beta_0.3,311,0.1590244799852371,0.1543407079577446,/home/minss/fl/DXFL/logs/lambda/adaptive/logs_js_client_lmax_crosscheck_canonical_no_feature/cifar100/beta_0.3/seed0/lmax1p00/cifar100_beta_0.3_js_client_lmax1p00_tau0p85_tkd1p00_canonical_nofeat_seed0_r500.pkl
CIFAR-100,beta_0.3,312,0.14526374787092208,0.1546532426774502,/home/minss/fl/DXFL/logs/lambda/adaptive/logs_js_client_lmax_crosscheck_canonical_no_feature/cifar100/beta_0.3/seed0/lmax1p00/cifar100_beta_0.3_js_client_lmax1p00_tau0p85_tkd1p00_canonical_nofeat_seed0_r500.pkl
CIFAR-100,beta_0.3,313,0.16332782655954362,0.15385119686524074,/home/minss/fl/DXFL/logs/lambda/adaptive/logs_js_client_lmax_crosscheck_canonical_no_feature/cifar100/beta_0.3/seed0/lmax1p00/cifar100_beta_0.3_js_client_lmax1p00_tau0p85_tkd1p00_canonical_nofeat_seed0_r500.pkl
CIFAR-100,beta_0.3,314,0.14937090799212455,0.1538118081788222,/home/minss/fl/DXFL/logs/lambda/adaptive/logs_js_client_lmax_crosscheck_canonical_no_feature/cifar100/beta_0.3/seed0/lmax1p00/cifar100_beta_0.3_js_client_lmax1p00_tau0p85_tkd1p00_canonical_nofeat_seed0_r500.pkl
CIFAR-100,beta_0.3,315,0.14553990289568902,0.15397622630000116,/home/minss/fl/DXFL/logs/lambda/adaptive/logs_js_client_lmax_crosscheck_canonical_no_feature/cifar100/beta_0.3/seed0/lmax1p00/cifar100_beta_0.3_js_client_lmax1p00_tau0p85_tkd1p00_canonical_nofeat_seed0_r500.pkl
CIFAR-100,beta_0.3,316,0.1513480633497238,0.15415962810317677,/home/minss/fl/DXFL/logs/lambda/adaptive/logs_js_client_lmax_crosscheck_canonical_no_feature/cifar100/beta_0.3/seed0/lmax1p00/cifar100_beta_0.3_js_client_lmax1p00_tau0p85_tkd1p00_canonical_nofeat_seed0_r500.pkl
CIFAR-100,beta_0.3,317,0.14585554525256156,0.1542942568163077,/home/minss/fl/DXFL/logs/lambda/adaptive/logs_js_client_lmax_crosscheck_canonical_no_feature/cifar100/beta_0.3/seed0/lmax1p00/cifar100_beta_0.3_js_client_lmax1p00_tau0p85_tkd1p00_canonical_nofeat_seed0_r500.pkl
CIFAR-100,beta_0.3,318,0.16616352498531342,0.15636829709013303,/home/minss/fl/DXFL/logs/lambda/adaptive/logs_js_client_lmax_crosscheck_canonical_no_feature/cifar100/beta_0.3/seed0/lmax1p00/cifar100_beta_0.3_js_client_lmax1p00_tau0p85_tkd1p00_canonical_nofeat_seed0_r500.pkl
CIFAR-100,beta_0.3,319,0.16363732814788817,0.15776894643902778,/home/minss/fl/DXFL/logs/lambda/adaptive/logs_js_client_lmax_crosscheck_canonical_no_feature/cifar100/beta_0.3/seed0/lmax1p00/cifar100_beta_0.3_js_client_lmax1p00_tau0p85_tkd1p00_canonical_nofeat_seed0_r500.pkl
CIFAR-100,beta_0.3,320,0.1510550670325756,0.15996499791741373,/home/minss/fl/DXFL/logs/lambda/adaptive/logs_js_client_lmax_crosscheck_canonical_no_feature/cifar100/beta_0.3/seed0/lmax1p00/cifar100_beta_0.3_js_client_lmax1p00_tau0p85_tkd1p00_canonical_nofeat_seed0_r500.pkl
CIFAR-100,beta_0.3,321,0.148163553327322,0.15942001665631933,/home/minss/fl/DXFL/logs/lambda/adaptive/logs_js_client_lmax_crosscheck_canonical_no_feature/cifar100/beta_0.3/seed0/lmax1p00/cifar100_beta_0.3_js_client_lmax1p00_tau0p85_tkd1p00_canonical_nofeat_seed0_r500.pkl
CIFAR-100,beta_0.3,322,0.14955272674560546,0.15997430443763735,/home/minss/fl/DXFL/logs/lambda/adaptive/logs_js_client_lmax_crosscheck_canonical_no_feature/cifar100/beta_0.3/seed0/lmax1p00/cifar100_beta_0.3_js_client_lmax1p00_tau0p85_tkd1p00_canonical_nofeat_seed0_r500.pkl
CIFAR-100,beta_0.3,323,0.16346753090620042,0.16196108842889473,/home/minss/fl/DXFL/logs/lambda/adaptive/logs_js_client_lmax_crosscheck_canonical_no_feature/cifar100/beta_0.3/seed0/lmax1p00/cifar100_beta_0.3_js_client_lmax1p00_tau0p85_tkd1p00_canonical_nofeat_seed0_r500.pkl
CIFAR-100,beta_0.3,324,0.1701325386762619,0.16289352064331375,/home/minss/fl/DXFL/logs/lambda/adaptive/logs_js_client_lmax_crosscheck_canonical_no_feature/cifar100/beta_0.3/seed0/lmax1p00/cifar100_beta_0.3_js_client_lmax1p00_tau0p85_tkd1p00_canonical_nofeat_seed0_r500.pkl
CIFAR-100,beta_0.3,325,0.1736217126250267,0.16354171464840572,/home/minss/fl/DXFL/logs/lambda/adaptive/logs_js_client_lmax_crosscheck_canonical_no_feature/cifar100/beta_0.3/seed0/lmax1p00/cifar100_beta_0.3_js_client_lmax1p00_tau0p85_tkd1p00_canonical_nofeat_seed0_r500.pkl
CIFAR-100,beta_0.3,326,0.18003422021865845,0.1635552974541982,/home/minss/fl/DXFL/logs/lambda/adaptive/logs_js_client_lmax_crosscheck_canonical_no_feature/cifar100/beta_0.3/seed0/lmax1p00/cifar100_beta_0.3_js_client_lmax1p00_tau0p85_tkd1p00_canonical_nofeat_seed0_r500.pkl
CIFAR-100,beta_0.3,327,0.17820452004671097,0.1634990245600541,/home/minss/fl/DXFL/logs/lambda/adaptive/logs_js_client_lmax_crosscheck_canonical_no_feature/cifar100/beta_0.3/seed0/lmax1p00/cifar100_beta_0.3_js_client_lmax1p00_tau0p85_tkd1p00_canonical_nofeat_seed0_r500.pkl
CIFAR-100,beta_0.3,328,0.15515310764312745,0.16354341343045234,/home/minss/fl/DXFL/logs/lambda/adaptive/logs_js_client_lmax_crosscheck_canonical_no_feature/cifar100/beta_0.3/seed0/lmax1p00/cifar100_beta_0.3_js_client_lmax1p00_tau0p85_tkd1p00_canonical_nofeat_seed0_r500.pkl
CIFAR-100,beta_0.3,329,0.157685224711895,0.16383662700653076,/home/minss/fl/DXFL/logs/lambda/adaptive/logs_js_client_lmax_crosscheck_canonical_no_feature/cifar100/beta_0.3/seed0/lmax1p00/cifar100_beta_0.3_js_client_lmax1p00_tau0p85_tkd1p00_canonical_nofeat_seed0_r500.pkl
CIFAR-100,beta_0.3,330,0.17534166276454927,0.16432450036207832,/home/minss/fl/DXFL/logs/lambda/adaptive/logs_js_client_lmax_crosscheck_canonical_no_feature/cifar100/beta_0.3/seed0/lmax1p00/cifar100_beta_0.3_js_client_lmax1p00_tau0p85_tkd1p00_canonical_nofeat_seed0_r500.pkl
CIFAR-100,beta_0.3,331,0.16533454656600952,0.163934785425663,/home/minss/fl/DXFL/logs/lambda/adaptive/logs_js_client_lmax_crosscheck_canonical_no_feature/cifar100/beta_0.3/seed0/lmax1p00/cifar100_beta_0.3_js_client_lmax1p00_tau0p85_tkd1p00_canonical_nofeat_seed0_r500.pkl
CIFAR-100,beta_0.3,332,0.15557845532894135,0.1620234389603138,/home/minss/fl/DXFL/logs/lambda/adaptive/logs_js_client_lmax_crosscheck_canonical_no_feature/cifar100/beta_0.3/seed0/lmax1p00/cifar100_beta_0.3_js_client_lmax1p00_tau0p85_tkd1p00_canonical_nofeat_seed0_r500.pkl
CIFAR-100,beta_0.3,333,0.1663672670722008,0.16080102935433388,/home/minss/fl/DXFL/logs/lambda/adaptive/logs_js_client_lmax_crosscheck_canonical_no_feature/cifar100/beta_0.3/seed0/lmax1p00/cifar100_beta_0.3_js_client_lmax1p00_tau0p85_tkd1p00_canonical_nofeat_seed0_r500.pkl
CIFAR-100,beta_0.3,334,0.16279323473572732,0.1607059830923875,/home/minss/fl/DXFL/logs/lambda/adaptive/logs_js_client_lmax_crosscheck_canonical_no_feature/cifar100/beta_0.3/seed0/lmax1p00/cifar100_beta_0.3_js_client_lmax1p00_tau0p85_tkd1p00_canonical_nofeat_seed0_r500.pkl
CIFAR-100,beta_0.3,335,0.15172090008854866,0.16007495954632758,/home/minss/fl/DXFL/logs/lambda/adaptive/logs_js_client_lmax_crosscheck_canonical_no_feature/cifar100/beta_0.3/seed0/lmax1p00/cifar100_beta_0.3_js_client_lmax1p00_tau0p85_tkd1p00_canonical_nofeat_seed0_r500.pkl
CIFAR-100,beta_0.3,336,0.15256175696849822,0.15960026398301125,/home/minss/fl/DXFL/logs/lambda/adaptive/logs_js_client_lmax_crosscheck_canonical_no_feature/cifar100/beta_0.3/seed0/lmax1p00/cifar100_beta_0.3_js_client_lmax1p00_tau0p85_tkd1p00_canonical_nofeat_seed0_r500.pkl
CIFAR-100,beta_0.3,337,0.15687082707881927,0.16029079233606655,/home/minss/fl/DXFL/logs/lambda/adaptive/logs_js_client_lmax_crosscheck_canonical_no_feature/cifar100/beta_0.3/seed0/lmax1p00/cifar100_beta_0.3_js_client_lmax1p00_tau0p85_tkd1p00_canonical_nofeat_seed0_r500.pkl
CIFAR-100,beta_0.3,338,0.1576218068599701,0.16054424439867337,/home/minss/fl/DXFL/logs/lambda/adaptive/logs_js_client_lmax_crosscheck_canonical_no_feature/cifar100/beta_0.3/seed0/lmax1p00/cifar100_beta_0.3_js_client_lmax1p00_tau0p85_tkd1p00_canonical_nofeat_seed0_r500.pkl
CIFAR-100,beta_0.3,339,0.14146234169602395,0.16101404691735902,/home/minss/fl/DXFL/logs/lambda/adaptive/logs_js_client_lmax_crosscheck_canonical_no_feature/cifar100/beta_0.3/seed0/lmax1p00/cifar100_beta_0.3_js_client_lmax1p00_tau0p85_tkd1p00_canonical_nofeat_seed0_r500.pkl
CIFAR-100,beta_0.3,340,0.1552855685353279,0.1619847719371319,/home/minss/fl/DXFL/logs/lambda/adaptive/logs_js_client_lmax_crosscheck_canonical_no_feature/cifar100/beta_0.3/seed0/lmax1p00/cifar100_beta_0.3_js_client_lmax1p00_tau0p85_tkd1p00_canonical_nofeat_seed0_r500.pkl
CIFAR-100,beta_0.3,341,0.17860852628946305,0.16156756763656938,/home/minss/fl/DXFL/logs/lambda/adaptive/logs_js_client_lmax_crosscheck_canonical_no_feature/cifar100/beta_0.3/seed0/lmax1p00/cifar100_beta_0.3_js_client_lmax1p00_tau0p85_tkd1p00_canonical_nofeat_seed0_r500.pkl
CIFAR-100,beta_0.3,342,0.16873916685581208,0.16134373575448993,/home/minss/fl/DXFL/logs/lambda/adaptive/logs_js_client_lmax_crosscheck_canonical_no_feature/cifar100/beta_0.3/seed0/lmax1p00/cifar100_beta_0.3_js_client_lmax1p00_tau0p85_tkd1p00_canonical_nofeat_seed0_r500.pkl
CIFAR-100,beta_0.3,343,0.14803267419338226,0.16141027465462685,/home/minss/fl/DXFL/logs/lambda/adaptive/logs_js_client_lmax_crosscheck_canonical_no_feature/cifar100/beta_0.3/seed0/lmax1p00/cifar100_beta_0.3_js_client_lmax1p00_tau0p85_tkd1p00_canonical_nofeat_seed0_r500.pkl
CIFAR-100,beta_0.3,344,0.16804315000772477,0.16179782872398696,/home/minss/fl/DXFL/logs/lambda/adaptive/logs_js_client_lmax_crosscheck_canonical_no_feature/cifar100/beta_0.3/seed0/lmax1p00/cifar100_beta_0.3_js_client_lmax1p00_tau0p85_tkd1p00_canonical_nofeat_seed0_r500.pkl
CIFAR-100,beta_0.3,345,0.17914344370365143,0.16279693230986594,/home/minss/fl/DXFL/logs/lambda/adaptive/logs_js_client_lmax_crosscheck_canonical_no_feature/cifar100/beta_0.3/seed0/lmax1p00/cifar100_beta_0.3_js_client_lmax1p00_tau0p85_tkd1p00_canonical_nofeat_seed0_r500.pkl
CIFAR-100,beta_0.3,346,0.17238158434629441,0.16276712333162624,/home/minss/fl/DXFL/logs/lambda/adaptive/logs_js_client_lmax_crosscheck_canonical_no_feature/cifar100/beta_0.3/seed0/lmax1p00/cifar100_beta_0.3_js_client_lmax1p00_tau0p85_tkd1p00_canonical_nofeat_seed0_r500.pkl
CIFAR-100,beta_0.3,347,0.17013933062553405,0.16300366714596748,/home/minss/fl/DXFL/logs/lambda/adaptive/logs_js_client_lmax_crosscheck_canonical_no_feature/cifar100/beta_0.3/seed0/lmax1p00/cifar100_beta_0.3_js_client_lmax1p00_tau0p85_tkd1p00_canonical_nofeat_seed0_r500.pkl
CIFAR-100,beta_0.3,348,0.16010920256376265,0.1625967402756214,/home/minss/fl/DXFL/logs/lambda/adaptive/logs_js_client_lmax_crosscheck_canonical_no_feature/cifar100/beta_0.3/seed0/lmax1p00/cifar100_beta_0.3_js_client_lmax1p00_tau0p85_tkd1p00_canonical_nofeat_seed0_r500.pkl
CIFAR-100,beta_0.3,349,0.15943575650453568,0.16086644594868021,/home/minss/fl/DXFL/logs/lambda/adaptive/logs_js_client_lmax_crosscheck_canonical_no_feature/cifar100/beta_0.3/seed0/lmax1p00/cifar100_beta_0.3_js_client_lmax1p00_tau0p85_tkd1p00_canonical_nofeat_seed0_r500.pkl
CIFAR-100,beta_0.3,350,0.15271898359060287,0.16109643712639807,/home/minss/fl/DXFL/logs/lambda/adaptive/logs_js_client_lmax_crosscheck_canonical_no_feature/cifar100/beta_0.3/seed0/lmax1p00/cifar100_beta_0.3_js_client_lmax1p00_tau0p85_tkd1p00_canonical_nofeat_seed0_r500.pkl
CIFAR-100,beta_0.3,351,0.1583750680088997,0.1619571207463741,/home/minss/fl/DXFL/logs/lambda/adaptive/logs_js_client_lmax_crosscheck_canonical_no_feature/cifar100/beta_0.3/seed0/lmax1p00/cifar100_beta_0.3_js_client_lmax1p00_tau0p85_tkd1p00_canonical_nofeat_seed0_r500.pkl
CIFAR-100,beta_0.3,352,0.1718573808670044,0.16278740023573235,/home/minss/fl/DXFL/logs/lambda/adaptive/logs_js_client_lmax_crosscheck_canonical_no_feature/cifar100/beta_0.3/seed0/lmax1p00/cifar100_beta_0.3_js_client_lmax1p00_tau0p85_tkd1p00_canonical_nofeat_seed0_r500.pkl
CIFAR-100,beta_0.3,353,0.15717467218637465,0.16271748945116996,/home/minss/fl/DXFL/logs/lambda/adaptive/logs_js_client_lmax_crosscheck_canonical_no_feature/cifar100/beta_0.3/seed0/lmax1p00/cifar100_beta_0.3_js_client_lmax1p00_tau0p85_tkd1p00_canonical_nofeat_seed0_r500.pkl
CIFAR-100,beta_0.3,354,0.14501049891114234,0.16334377641479175,/home/minss/fl/DXFL/logs/lambda/adaptive/logs_js_client_lmax_crosscheck_canonical_no_feature/cifar100/beta_0.3/seed0/lmax1p00/cifar100_beta_0.3_js_client_lmax1p00_tau0p85_tkd1p00_canonical_nofeat_seed0_r500.pkl
CIFAR-100,beta_0.3,355,0.14918166548013687,0.16263142958283427,/home/minss/fl/DXFL/logs/lambda/adaptive/logs_js_client_lmax_crosscheck_canonical_no_feature/cifar100/beta_0.3/seed0/lmax1p00/cifar100_beta_0.3_js_client_lmax1p00_tau0p85_tkd1p00_canonical_nofeat_seed0_r500.pkl
CIFAR-100,beta_0.3,356,0.15265411138534546,0.16276176735758785,/home/minss/fl/DXFL/logs/lambda/adaptive/logs_js_client_lmax_crosscheck_canonical_no_feature/cifar100/beta_0.3/seed0/lmax1p00/cifar100_beta_0.3_js_client_lmax1p00_tau0p85_tkd1p00_canonical_nofeat_seed0_r500.pkl
CIFAR-100,beta_0.3,357,0.17218903452157974,0.16284098342061043,/home/minss/fl/DXFL/logs/lambda/adaptive/logs_js_client_lmax_crosscheck_canonical_no_feature/cifar100/beta_0.3/seed0/lmax1p00/cifar100_beta_0.3_js_client_lmax1p00_tau0p85_tkd1p00_canonical_nofeat_seed0_r500.pkl
CIFAR-100,beta_0.3,358,0.1609429284930229,0.16383771275480585,/home/minss/fl/DXFL/logs/lambda/adaptive/logs_js_client_lmax_crosscheck_canonical_no_feature/cifar100/beta_0.3/seed0/lmax1p00/cifar100_beta_0.3_js_client_lmax1p00_tau0p85_tkd1p00_canonical_nofeat_seed0_r500.pkl
CIFAR-100,beta_0.3,359,0.18049734234809875,0.16432500516374904,/home/minss/fl/DXFL/logs/lambda/adaptive/logs_js_client_lmax_crosscheck_canonical_no_feature/cifar100/beta_0.3/seed0/lmax1p00/cifar100_beta_0.3_js_client_lmax1p00_tau0p85_tkd1p00_canonical_nofeat_seed0_r500.pkl
CIFAR-100,beta_0.3,360,0.178094781935215,0.16436344141761458,/home/minss/fl/DXFL/logs/lambda/adaptive/logs_js_client_lmax_crosscheck_canonical_no_feature/cifar100/beta_0.3/seed0/lmax1p00/cifar100_beta_0.3_js_client_lmax1p00_tau0p85_tkd1p00_canonical_nofeat_seed0_r500.pkl
CIFAR-100,beta_0.3,361,0.18177588880062104,0.16482634479800856,/home/minss/fl/DXFL/logs/lambda/adaptive/logs_js_client_lmax_crosscheck_canonical_no_feature/cifar100/beta_0.3/seed0/lmax1p00/cifar100_beta_0.3_js_client_lmax1p00_tau0p85_tkd1p00_canonical_nofeat_seed0_r500.pkl
CIFAR-100,beta_0.3,362,0.15945412814617158,0.16430853043993313,/home/minss/fl/DXFL/logs/lambda/adaptive/logs_js_client_lmax_crosscheck_canonical_no_feature/cifar100/beta_0.3/seed0/lmax1p00/cifar100_beta_0.3_js_client_lmax1p00_tau0p85_tkd1p00_canonical_nofeat_seed0_r500.pkl
CIFAR-100,beta_0.3,363,0.16206426918506622,0.16491210276881854,/home/minss/fl/DXFL/logs/lambda/adaptive/logs_js_client_lmax_crosscheck_canonical_no_feature/cifar100/beta_0.3/seed0/lmax1p00/cifar100_beta_0.3_js_client_lmax1p00_tau0p85_tkd1p00_canonical_nofeat_seed0_r500.pkl
CIFAR-100,beta_0.3,364,0.16062399744987488,0.16592678134640057,/home/minss/fl/DXFL/logs/lambda/adaptive/logs_js_client_lmax_crosscheck_canonical_no_feature/cifar100/beta_0.3/seed0/lmax1p00/cifar100_beta_0.3_js_client_lmax1p00_tau0p85_tkd1p00_canonical_nofeat_seed0_r500.pkl
CIFAR-100,beta_0.3,365,0.1676699236035347,0.16508024618029596,/home/minss/fl/DXFL/logs/lambda/adaptive/logs_js_client_lmax_crosscheck_canonical_no_feature/cifar100/beta_0.3/seed0/lmax1p00/cifar100_beta_0.3_js_client_lmax1p00_tau0p85_tkd1p00_canonical_nofeat_seed0_r500.pkl
CIFAR-100,beta_0.3,366,0.16568445414304733,0.16415055289864539,/home/minss/fl/DXFL/logs/lambda/adaptive/logs_js_client_lmax_crosscheck_canonical_no_feature/cifar100/beta_0.3/seed0/lmax1p00/cifar100_beta_0.3_js_client_lmax1p00_tau0p85_tkd1p00_canonical_nofeat_seed0_r500.pkl
CIFAR-100,beta_0.3,367,0.1724339246749878,0.16462130680680273,/home/minss/fl/DXFL/logs/lambda/adaptive/logs_js_client_lmax_crosscheck_canonical_no_feature/cifar100/beta_0.3/seed0/lmax1p00/cifar100_beta_0.3_js_client_lmax1p00_tau0p85_tkd1p00_canonical_nofeat_seed0_r500.pkl
CIFAR-100,beta_0.3,368,0.1641182228922844,0.1651743692656358,/home/minss/fl/DXFL/logs/lambda/adaptive/logs_js_client_lmax_crosscheck_canonical_no_feature/cifar100/beta_0.3/seed0/lmax1p00/cifar100_beta_0.3_js_client_lmax1p00_tau0p85_tkd1p00_canonical_nofeat_seed0_r500.pkl
CIFAR-100,beta_0.3,369,0.13724328354001045,0.1652129670480887,/home/minss/fl/DXFL/logs/lambda/adaptive/logs_js_client_lmax_crosscheck_canonical_no_feature/cifar100/beta_0.3/seed0/lmax1p00/cifar100_beta_0.3_js_client_lmax1p00_tau0p85_tkd1p00_canonical_nofeat_seed0_r500.pkl
CIFAR-100,beta_0.3,370,0.15823525041341782,0.1661191343764464,/home/minss/fl/DXFL/logs/lambda/adaptive/logs_js_client_lmax_crosscheck_canonical_no_feature/cifar100/beta_0.3/seed0/lmax1p00/cifar100_beta_0.3_js_client_lmax1p00_tau0p85_tkd1p00_canonical_nofeat_seed0_r500.pkl
CIFAR-100,beta_0.3,371,0.16787429004907609,0.16747247333327928,/home/minss/fl/DXFL/logs/lambda/adaptive/logs_js_client_lmax_crosscheck_canonical_no_feature/cifar100/beta_0.3/seed0/lmax1p00/cifar100_beta_0.3_js_client_lmax1p00_tau0p85_tkd1p00_canonical_nofeat_seed0_r500.pkl
CIFAR-100,beta_0.3,372,0.15949100703001023,0.16811362490057943,/home/minss/fl/DXFL/logs/lambda/adaptive/logs_js_client_lmax_crosscheck_canonical_no_feature/cifar100/beta_0.3/seed0/lmax1p00/cifar100_beta_0.3_js_client_lmax1p00_tau0p85_tkd1p00_canonical_nofeat_seed0_r500.pkl
CIFAR-100,beta_0.3,373,0.14699752926826476,0.16629275992512701,/home/minss/fl/DXFL/logs/lambda/adaptive/logs_js_client_lmax_crosscheck_canonical_no_feature/cifar100/beta_0.3/seed0/lmax1p00/cifar100_beta_0.3_js_client_lmax1p00_tau0p85_tkd1p00_canonical_nofeat_seed0_r500.pkl
CIFAR-100,beta_0.3,374,0.18755865097045898,0.1656724451482296,/home/minss/fl/DXFL/logs/lambda/adaptive/logs_js_client_lmax_crosscheck_canonical_no_feature/cifar100/beta_0.3/seed0/lmax1p00/cifar100_beta_0.3_js_client_lmax1p00_tau0p85_tkd1p00_canonical_nofeat_seed0_r500.pkl
CIFAR-100,beta_0.3,375,0.18639071881771088,0.16431177819768586,/home/minss/fl/DXFL/logs/lambda/adaptive/logs_js_client_lmax_crosscheck_canonical_no_feature/cifar100/beta_0.3/seed0/lmax1p00/cifar100_beta_0.3_js_client_lmax1p00_tau0p85_tkd1p00_canonical_nofeat_seed0_r500.pkl
CIFAR-100,beta_0.3,376,0.18235485553741454,0.16333425492048265,/home/minss/fl/DXFL/logs/lambda/adaptive/logs_js_client_lmax_crosscheck_canonical_no_feature/cifar100/beta_0.3/seed0/lmax1p00/cifar100_beta_0.3_js_client_lmax1p00_tau0p85_tkd1p00_canonical_nofeat_seed0_r500.pkl
CIFAR-100,beta_0.3,377,0.17304663807153703,0.1643643169105053,/home/minss/fl/DXFL/logs/lambda/adaptive/logs_js_client_lmax_crosscheck_canonical_no_feature/cifar100/beta_0.3/seed0/lmax1p00/cifar100_beta_0.3_js_client_lmax1p00_tau0p85_tkd1p00_canonical_nofeat_seed0_r500.pkl
CIFAR-100,beta_0.3,378,0.1823643535375595,0.16421626622478167,/home/minss/fl/DXFL/logs/lambda/adaptive/logs_js_client_lmax_crosscheck_canonical_no_feature/cifar100/beta_0.3/seed0/lmax1p00/cifar100_beta_0.3_js_client_lmax1p00_tau0p85_tkd1p00_canonical_nofeat_seed0_r500.pkl
CIFAR-100,beta_0.3,379,0.1702412709593773,0.16303563088178635,/home/minss/fl/DXFL/logs/lambda/adaptive/logs_js_client_lmax_crosscheck_canonical_no_feature/cifar100/beta_0.3/seed0/lmax1p00/cifar100_beta_0.3_js_client_lmax1p00_tau0p85_tkd1p00_canonical_nofeat_seed0_r500.pkl
CIFAR-100,beta_0.3,380,0.14035694897174836,0.16309883852799736,/home/minss/fl/DXFL/logs/lambda/adaptive/logs_js_client_lmax_crosscheck_canonical_no_feature/cifar100/beta_0.3/seed0/lmax1p00/cifar100_beta_0.3_js_client_lmax1p00_tau0p85_tkd1p00_canonical_nofeat_seed0_r500.pkl
CIFAR-100,beta_0.3,381,0.15637973248958587,0.16416007081667583,/home/minss/fl/DXFL/logs/lambda/adaptive/logs_js_client_lmax_crosscheck_canonical_no_feature/cifar100/beta_0.3/seed0/lmax1p00/cifar100_beta_0.3_js_client_lmax1p00_tau0p85_tkd1p00_canonical_nofeat_seed0_r500.pkl
CIFAR-100,beta_0.3,382,0.15202392041683196,0.16284353266159696,/home/minss/fl/DXFL/logs/lambda/adaptive/logs_js_client_lmax_crosscheck_canonical_no_feature/cifar100/beta_0.3/seed0/lmax1p00/cifar100_beta_0.3_js_client_lmax1p00_tau0p85_tkd1p00_canonical_nofeat_seed0_r500.pkl
CIFAR-100,beta_0.3,383,0.14945537373423576,0.16150060032804808,/home/minss/fl/DXFL/logs/lambda/adaptive/logs_js_client_lmax_crosscheck_canonical_no_feature/cifar100/beta_0.3/seed0/lmax1p00/cifar100_beta_0.3_js_client_lmax1p00_tau0p85_tkd1p00_canonical_nofeat_seed0_r500.pkl
CIFAR-100,beta_0.3,384,0.15269421339035033,0.1597803797821204,/home/minss/fl/DXFL/logs/lambda/adaptive/logs_js_client_lmax_crosscheck_canonical_no_feature/cifar100/beta_0.3/seed0/lmax1p00/cifar100_beta_0.3_js_client_lmax1p00_tau0p85_tkd1p00_canonical_nofeat_seed0_r500.pkl
CIFAR-100,beta_0.3,385,0.15601449012756347,0.15879856909314793,/home/minss/fl/DXFL/logs/lambda/adaptive/logs_js_client_lmax_crosscheck_canonical_no_feature/cifar100/beta_0.3/seed0/lmax1p00/cifar100_beta_0.3_js_client_lmax1p00_tau0p85_tkd1p00_canonical_nofeat_seed0_r500.pkl
CIFAR-100,beta_0.3,386,0.15016475990414618,0.15688336178660395,/home/minss/fl/DXFL/logs/lambda/adaptive/logs_js_client_lmax_crosscheck_canonical_no_feature/cifar100/beta_0.3/seed0/lmax1p00/cifar100_beta_0.3_js_client_lmax1p00_tau0p85_tkd1p00_canonical_nofeat_seed0_r500.pkl
CIFAR-100,beta_0.3,387,0.16043912172317504,0.15657419944802917,/home/minss/fl/DXFL/logs/lambda/adaptive/logs_js_client_lmax_crosscheck_canonical_no_feature/cifar100/beta_0.3/seed0/lmax1p00/cifar100_beta_0.3_js_client_lmax1p00_tau0p85_tkd1p00_canonical_nofeat_seed0_r500.pkl
CIFAR-100,beta_0.3,388,0.16291601359844207,0.15843585337201752,/home/minss/fl/DXFL/logs/lambda/adaptive/logs_js_client_lmax_crosscheck_canonical_no_feature/cifar100/beta_0.3/seed0/lmax1p00/cifar100_beta_0.3_js_client_lmax1p00_tau0p85_tkd1p00_canonical_nofeat_seed0_r500.pkl
CIFAR-100,beta_0.3,389,0.16781057864427568,0.15872793778777122,/home/minss/fl/DXFL/logs/lambda/adaptive/logs_js_client_lmax_crosscheck_canonical_no_feature/cifar100/beta_0.3/seed0/lmax1p00/cifar100_beta_0.3_js_client_lmax1p00_tau0p85_tkd1p00_canonical_nofeat_seed0_r500.pkl
CIFAR-100,beta_0.3,390,0.1662467338144779,0.1597362759212653,/home/minss/fl/DXFL/logs/lambda/adaptive/logs_js_client_lmax_crosscheck_canonical_no_feature/cifar100/beta_0.3/seed0/lmax1p00/cifar100_beta_0.3_js_client_lmax1p00_tau0p85_tkd1p00_canonical_nofeat_seed0_r500.pkl
CIFAR-100,beta_0.3,391,0.1565515473484993,0.16070380717515947,/home/minss/fl/DXFL/logs/lambda/adaptive/logs_js_client_lmax_crosscheck_canonical_no_feature/cifar100/beta_0.3/seed0/lmax1p00/cifar100_beta_0.3_js_client_lmax1p00_tau0p85_tkd1p00_canonical_nofeat_seed0_r500.pkl
CIFAR-100,beta_0.3,392,0.15831947773694993,0.16032073746124903,/home/minss/fl/DXFL/logs/lambda/adaptive/logs_js_client_lmax_crosscheck_canonical_no_feature/cifar100/beta_0.3/seed0/lmax1p00/cifar100_beta_0.3_js_client_lmax1p00_tau0p85_tkd1p00_canonical_nofeat_seed0_r500.pkl
CIFAR-100,beta_0.3,393,0.15363624393939973,0.1595515285929044,/home/minss/fl/DXFL/logs/lambda/adaptive/logs_js_client_lmax_crosscheck_canonical_no_feature/cifar100/beta_0.3/seed0/lmax1p00/cifar100_beta_0.3_js_client_lmax1p00_tau0p85_tkd1p00_canonical_nofeat_seed0_r500.pkl
CIFAR-100,beta_0.3,394,0.1656038358807564,0.1600477543969949,/home/minss/fl/DXFL/logs/lambda/adaptive/logs_js_client_lmax_crosscheck_canonical_no_feature/cifar100/beta_0.3/seed0/lmax1p00/cifar100_beta_0.3_js_client_lmax1p00_tau0p85_tkd1p00_canonical_nofeat_seed0_r500.pkl
CIFAR-100,beta_0.3,395,0.16828175783157348,0.16058913871645927,/home/minss/fl/DXFL/logs/lambda/adaptive/logs_js_client_lmax_crosscheck_canonical_no_feature/cifar100/beta_0.3/seed0/lmax1p00/cifar100_beta_0.3_js_client_lmax1p00_tau0p85_tkd1p00_canonical_nofeat_seed0_r500.pkl
CIFAR-100,beta_0.3,396,0.1607609987258911,0.16033210560679437,/home/minss/fl/DXFL/logs/lambda/adaptive/logs_js_client_lmax_crosscheck_canonical_no_feature/cifar100/beta_0.3/seed0/lmax1p00/cifar100_beta_0.3_js_client_lmax1p00_tau0p85_tkd1p00_canonical_nofeat_seed0_r500.pkl
CIFAR-100,beta_0.3,397,0.16714899241924286,0.1603046009441217,/home/minss/fl/DXFL/logs/lambda/adaptive/logs_js_client_lmax_crosscheck_canonical_no_feature/cifar100/beta_0.3/seed0/lmax1p00/cifar100_beta_0.3_js_client_lmax1p00_tau0p85_tkd1p00_canonical_nofeat_seed0_r500.pkl
CIFAR-100,beta_0.3,398,0.1639683425426483,0.15985778947671256,/home/minss/fl/DXFL/logs/lambda/adaptive/logs_js_client_lmax_crosscheck_canonical_no_feature/cifar100/beta_0.3/seed0/lmax1p00/cifar100_beta_0.3_js_client_lmax1p00_tau0p85_tkd1p00_canonical_nofeat_seed0_r500.pkl
CIFAR-100,beta_0.3,399,0.14694816768169403,0.16040850460529327,/home/minss/fl/DXFL/logs/lambda/adaptive/logs_js_client_lmax_crosscheck_canonical_no_feature/cifar100/beta_0.3/seed0/lmax1p00/cifar100_beta_0.3_js_client_lmax1p00_tau0p85_tkd1p00_canonical_nofeat_seed0_r500.pkl
CIFAR-100,beta_0.3,400,0.1444763571023941,0.16118045767148337,/home/minss/fl/DXFL/logs/lambda/adaptive/logs_js_client_lmax_crosscheck_canonical_no_feature/cifar100/beta_0.3/seed0/lmax1p00/cifar100_beta_0.3_js_client_lmax1p00_tau0p85_tkd1p00_canonical_nofeat_seed0_r500.pkl
CIFAR-100,beta_0.3,401,0.15760814696550368,0.16230409244696298,/home/minss/fl/DXFL/logs/lambda/adaptive/logs_js_client_lmax_crosscheck_canonical_no_feature/cifar100/beta_0.3/seed0/lmax1p00/cifar100_beta_0.3_js_client_lmax1p00_tau0p85_tkd1p00_canonical_nofeat_seed0_r500.pkl
CIFAR-100,beta_0.3,402,0.16855988651514053,0.16277261286973954,/home/minss/fl/DXFL/logs/lambda/adaptive/logs_js_client_lmax_crosscheck_canonical_no_feature/cifar100/beta_0.3/seed0/lmax1p00/cifar100_beta_0.3_js_client_lmax1p00_tau0p85_tkd1p00_canonical_nofeat_seed0_r500.pkl
CIFAR-100,beta_0.3,403,0.15906051695346832,0.16299477964639664,/home/minss/fl/DXFL/logs/lambda/adaptive/logs_js_client_lmax_crosscheck_canonical_no_feature/cifar100/beta_0.3/seed0/lmax1p00/cifar100_beta_0.3_js_client_lmax1p00_tau0p85_tkd1p00_canonical_nofeat_seed0_r500.pkl
CIFAR-100,beta_0.3,404,0.16739800870418547,0.16396566073099772,/home/minss/fl/DXFL/logs/lambda/adaptive/logs_js_client_lmax_crosscheck_canonical_no_feature/cifar100/beta_0.3/seed0/lmax1p00/cifar100_beta_0.3_js_client_lmax1p00_tau0p85_tkd1p00_canonical_nofeat_seed0_r500.pkl
CIFAR-100,beta_0.3,405,0.15954456180334092,0.16434434374173482,/home/minss/fl/DXFL/logs/lambda/adaptive/logs_js_client_lmax_crosscheck_canonical_no_feature/cifar100/beta_0.3/seed0/lmax1p00/cifar100_beta_0.3_js_client_lmax1p00_tau0p85_tkd1p00_canonical_nofeat_seed0_r500.pkl
CIFAR-100,beta_0.3,406,0.16481227427721024,0.16423168644309044,/home/minss/fl/DXFL/logs/lambda/adaptive/logs_js_client_lmax_crosscheck_canonical_no_feature/cifar100/beta_0.3/seed0/lmax1p00/cifar100_beta_0.3_js_client_lmax1p00_tau0p85_tkd1p00_canonical_nofeat_seed0_r500.pkl
CIFAR-100,beta_0.3,407,0.16989877372980117,0.1653911490738392,/home/minss/fl/DXFL/logs/lambda/adaptive/logs_js_client_lmax_crosscheck_canonical_no_feature/cifar100/beta_0.3/seed0/lmax1p00/cifar100_beta_0.3_js_client_lmax1p00_tau0p85_tkd1p00_canonical_nofeat_seed0_r500.pkl
CIFAR-100,beta_0.3,408,0.17049076557159423,0.16656420052051543,/home/minss/fl/DXFL/logs/lambda/adaptive/logs_js_client_lmax_crosscheck_canonical_no_feature/cifar100/beta_0.3/seed0/lmax1p00/cifar100_beta_0.3_js_client_lmax1p00_tau0p85_tkd1p00_canonical_nofeat_seed0_r500.pkl
CIFAR-100,beta_0.3,409,0.17263164222240449,0.1678377358118693,/home/minss/fl/DXFL/logs/lambda/adaptive/logs_js_client_lmax_crosscheck_canonical_no_feature/cifar100/beta_0.3/seed0/lmax1p00/cifar100_beta_0.3_js_client_lmax1p00_tau0p85_tkd1p00_canonical_nofeat_seed0_r500.pkl
CIFAR-100,beta_0.3,410,0.17161425948143005,0.16679737225174904,/home/minss/fl/DXFL/logs/lambda/adaptive/logs_js_client_lmax_crosscheck_canonical_no_feature/cifar100/beta_0.3/seed0/lmax1p00/cifar100_beta_0.3_js_client_lmax1p00_tau0p85_tkd1p00_canonical_nofeat_seed0_r500.pkl
CIFAR-100,beta_0.3,411,0.17532421499490738,0.16512955859303477,/home/minss/fl/DXFL/logs/lambda/adaptive/logs_js_client_lmax_crosscheck_canonical_no_feature/cifar100/beta_0.3/seed0/lmax1p00/cifar100_beta_0.3_js_client_lmax1p00_tau0p85_tkd1p00_canonical_nofeat_seed0_r500.pkl
CIFAR-100,beta_0.3,412,0.1728292375802994,0.16356849615772567,/home/minss/fl/DXFL/logs/lambda/adaptive/logs_js_client_lmax_crosscheck_canonical_no_feature/cifar100/beta_0.3/seed0/lmax1p00/cifar100_beta_0.3_js_client_lmax1p00_tau0p85_tkd1p00_canonical_nofeat_seed0_r500.pkl
CIFAR-100,beta_0.3,413,0.16227848306298256,0.16302874957521757,/home/minss/fl/DXFL/logs/lambda/adaptive/logs_js_client_lmax_crosscheck_canonical_no_feature/cifar100/beta_0.3/seed0/lmax1p00/cifar100_beta_0.3_js_client_lmax1p00_tau0p85_tkd1p00_canonical_nofeat_seed0_r500.pkl
CIFAR-100,beta_0.3,414,0.16434010714292527,0.16273006255427994,/home/minss/fl/DXFL/logs/lambda/adaptive/logs_js_client_lmax_crosscheck_canonical_no_feature/cifar100/beta_0.3/seed0/lmax1p00/cifar100_beta_0.3_js_client_lmax1p00_tau0p85_tkd1p00_canonical_nofeat_seed0_r500.pkl
CIFAR-100,beta_0.3,415,0.1620721288025379,0.16242857431372004,/home/minss/fl/DXFL/logs/lambda/adaptive/logs_js_client_lmax_crosscheck_canonical_no_feature/cifar100/beta_0.3/seed0/lmax1p00/cifar100_beta_0.3_js_client_lmax1p00_tau0p85_tkd1p00_canonical_nofeat_seed0_r500.pkl
CIFAR-100,beta_0.3,416,0.17671117633581163,0.16370137179891267,/home/minss/fl/DXFL/logs/lambda/adaptive/logs_js_client_lmax_crosscheck_canonical_no_feature/cifar100/beta_0.3/seed0/lmax1p00/cifar100_beta_0.3_js_client_lmax1p00_tau0p85_tkd1p00_canonical_nofeat_seed0_r500.pkl
CIFAR-100,beta_0.3,417,0.15295443311333656,0.16445780918002129,/home/minss/fl/DXFL/logs/lambda/adaptive/logs_js_client_lmax_crosscheck_canonical_no_feature/cifar100/beta_0.3/seed0/lmax1p00/cifar100_beta_0.3_js_client_lmax1p00_tau0p85_tkd1p00_canonical_nofeat_seed0_r500.pkl
CIFAR-100,beta_0.3,418,0.1340433120727539,0.16462602133552237,/home/minss/fl/DXFL/logs/lambda/adaptive/logs_js_client_lmax_crosscheck_canonical_no_feature/cifar100/beta_0.3/seed0/lmax1p00/cifar100_beta_0.3_js_client_lmax1p00_tau0p85_tkd1p00_canonical_nofeat_seed0_r500.pkl
CIFAR-100,beta_0.3,419,0.14398207217454911,0.16432084426283838,/home/minss/fl/DXFL/logs/lambda/adaptive/logs_js_client_lmax_crosscheck_canonical_no_feature/cifar100/beta_0.3/seed0/lmax1p00/cifar100_beta_0.3_js_client_lmax1p00_tau0p85_tkd1p00_canonical_nofeat_seed0_r500.pkl
CIFAR-100,beta_0.3,420,0.1514483630657196,0.1644939137995243,/home/minss/fl/DXFL/logs/lambda/adaptive/logs_js_client_lmax_crosscheck_canonical_no_feature/cifar100/beta_0.3/seed0/lmax1p00/cifar100_beta_0.3_js_client_lmax1p00_tau0p85_tkd1p00_canonical_nofeat_seed0_r500.pkl
CIFAR-100,beta_0.3,421,0.16033196896314622,0.16572577257951102,/home/minss/fl/DXFL/logs/lambda/adaptive/logs_js_client_lmax_crosscheck_canonical_no_feature/cifar100/beta_0.3/seed0/lmax1p00/cifar100_beta_0.3_js_client_lmax1p00_tau0p85_tkd1p00_canonical_nofeat_seed0_r500.pkl
CIFAR-100,beta_0.3,422,0.16537645012140273,0.16526512821515402,/home/minss/fl/DXFL/logs/lambda/adaptive/logs_js_client_lmax_crosscheck_canonical_no_feature/cifar100/beta_0.3/seed0/lmax1p00/cifar100_beta_0.3_js_client_lmax1p00_tau0p85_tkd1p00_canonical_nofeat_seed0_r500.pkl
CIFAR-100,beta_0.3,423,0.1895827278494835,0.16485318298141163,/home/minss/fl/DXFL/logs/lambda/adaptive/logs_js_client_lmax_crosscheck_canonical_no_feature/cifar100/beta_0.3/seed0/lmax1p00/cifar100_beta_0.3_js_client_lmax1p00_tau0p85_tkd1p00_canonical_nofeat_seed0_r500.pkl
CIFAR-100,beta_0.3,424,0.1839782029390335,0.16469618762532873,/home/minss/fl/DXFL/logs/lambda/adaptive/logs_js_client_lmax_crosscheck_canonical_no_feature/cifar100/beta_0.3/seed0/lmax1p00/cifar100_beta_0.3_js_client_lmax1p00_tau0p85_tkd1p00_canonical_nofeat_seed0_r500.pkl
CIFAR-100,beta_0.3,425,0.17413744181394578,0.1647844778498014,/home/minss/fl/DXFL/logs/lambda/adaptive/logs_js_client_lmax_crosscheck_canonical_no_feature/cifar100/beta_0.3/seed0/lmax1p00/cifar100_beta_0.3_js_client_lmax1p00_tau0p85_tkd1p00_canonical_nofeat_seed0_r500.pkl
CIFAR-100,beta_0.3,426,0.17074655890464782,0.16725565383831661,/home/minss/fl/DXFL/logs/lambda/adaptive/logs_js_client_lmax_crosscheck_canonical_no_feature/cifar100/beta_0.3/seed0/lmax1p00/cifar100_beta_0.3_js_client_lmax1p00_tau0p85_tkd1p00_canonical_nofeat_seed0_r500.pkl
CIFAR-100,beta_0.3,427,0.17542528063058854,0.1679589585463206,/home/minss/fl/DXFL/logs/lambda/adaptive/logs_js_client_lmax_crosscheck_canonical_no_feature/cifar100/beta_0.3/seed0/lmax1p00/cifar100_beta_0.3_js_client_lmax1p00_tau0p85_tkd1p00_canonical_nofeat_seed0_r500.pkl
CIFAR-100,beta_0.3,428,0.18075636476278306,0.16874197920163472,/home/minss/fl/DXFL/logs/lambda/adaptive/logs_js_client_lmax_crosscheck_canonical_no_feature/cifar100/beta_0.3/seed0/lmax1p00/cifar100_beta_0.3_js_client_lmax1p00_tau0p85_tkd1p00_canonical_nofeat_seed0_r500.pkl
CIFAR-100,beta_0.3,429,0.15743044167757034,0.16883332361777623,/home/minss/fl/DXFL/logs/lambda/adaptive/logs_js_client_lmax_crosscheck_canonical_no_feature/cifar100/beta_0.3/seed0/lmax1p00/cifar100_beta_0.3_js_client_lmax1p00_tau0p85_tkd1p00_canonical_nofeat_seed0_r500.pkl
CIFAR-100,beta_0.3,430,0.155892950296402,0.1682960613568624,/home/minss/fl/DXFL/logs/lambda/adaptive/logs_js_client_lmax_crosscheck_canonical_no_feature/cifar100/beta_0.3/seed0/lmax1p00/cifar100_beta_0.3_js_client_lmax1p00_tau0p85_tkd1p00_canonical_nofeat_seed0_r500.pkl
CIFAR-100,beta_0.3,431,0.17435624599456787,0.1657922367254893,/home/minss/fl/DXFL/logs/lambda/adaptive/logs_js_client_lmax_crosscheck_canonical_no_feature/cifar100/beta_0.3/seed0/lmax1p00/cifar100_beta_0.3_js_client_lmax1p00_tau0p85_tkd1p00_canonical_nofeat_seed0_r500.pkl
CIFAR-100,beta_0.3,432,0.15427878648042678,0.1637746195991834,/home/minss/fl/DXFL/logs/lambda/adaptive/logs_js_client_lmax_crosscheck_canonical_no_feature/cifar100/beta_0.3/seed0/lmax1p00/cifar100_beta_0.3_js_client_lmax1p00_tau0p85_tkd1p00_canonical_nofeat_seed0_r500.pkl
CIFAR-100,beta_0.3,433,0.17111095190048217,0.16346206734577812,/home/minss/fl/DXFL/logs/lambda/adaptive/logs_js_client_lmax_crosscheck_canonical_no_feature/cifar100/beta_0.3/seed0/lmax1p00/cifar100_beta_0.3_js_client_lmax1p00_tau0p85_tkd1p00_canonical_nofeat_seed0_r500.pkl
CIFAR-100,beta_0.3,434,0.15453164279460907,0.1643417962392171,/home/minss/fl/DXFL/logs/lambda/adaptive/logs_js_client_lmax_crosscheck_canonical_no_feature/cifar100/beta_0.3/seed0/lmax1p00/cifar100_beta_0.3_js_client_lmax1p00_tau0p85_tkd1p00_canonical_nofeat_seed0_r500.pkl
CIFAR-100,beta_0.3,435,0.16319367289543152,0.1643145641684532,/home/minss/fl/DXFL/logs/lambda/adaptive/logs_js_client_lmax_crosscheck_canonical_no_feature/cifar100/beta_0.3/seed0/lmax1p00/cifar100_beta_0.3_js_client_lmax1p00_tau0p85_tkd1p00_canonical_nofeat_seed0_r500.pkl
CIFAR-100,beta_0.3,436,0.16170213520526885,0.16248939404884974,/home/minss/fl/DXFL/logs/lambda/adaptive/logs_js_client_lmax_crosscheck_canonical_no_feature/cifar100/beta_0.3/seed0/lmax1p00/cifar100_beta_0.3_js_client_lmax1p00_tau0p85_tkd1p00_canonical_nofeat_seed0_r500.pkl
CIFAR-100,beta_0.3,437,0.15731751620769502,0.16202412982781728,/home/minss/fl/DXFL/logs/lambda/adaptive/logs_js_client_lmax_crosscheck_canonical_no_feature/cifar100/beta_0.3/seed0/lmax1p00/cifar100_beta_0.3_js_client_lmax1p00_tau0p85_tkd1p00_canonical_nofeat_seed0_r500.pkl
CIFAR-100,beta_0.3,438,0.15202535837888717,0.16284829795360567,/home/minss/fl/DXFL/logs/lambda/adaptive/logs_js_client_lmax_crosscheck_canonical_no_feature/cifar100/beta_0.3/seed0/lmax1p00/cifar100_beta_0.3_js_client_lmax1p00_tau0p85_tkd1p00_canonical_nofeat_seed0_r500.pkl
CIFAR-100,beta_0.3,439,0.15371394604444505,0.16232369154691698,/home/minss/fl/DXFL/logs/lambda/adaptive/logs_js_client_lmax_crosscheck_canonical_no_feature/cifar100/beta_0.3/seed0/lmax1p00/cifar100_beta_0.3_js_client_lmax1p00_tau0p85_tkd1p00_canonical_nofeat_seed0_r500.pkl
CIFAR-100,beta_0.3,440,0.16944915801286697,0.16394097099701563,/home/minss/fl/DXFL/logs/lambda/adaptive/logs_js_client_lmax_crosscheck_canonical_no_feature/cifar100/beta_0.3/seed0/lmax1p00/cifar100_beta_0.3_js_client_lmax1p00_tau0p85_tkd1p00_canonical_nofeat_seed0_r500.pkl
CIFAR-100,beta_0.3,441,0.18394249230623244,0.16392729292313257,/home/minss/fl/DXFL/logs/lambda/adaptive/logs_js_client_lmax_crosscheck_canonical_no_feature/cifar100/beta_0.3/seed0/lmax1p00/cifar100_beta_0.3_js_client_lmax1p00_tau0p85_tkd1p00_canonical_nofeat_seed0_r500.pkl
CIFAR-100,beta_0.3,442,0.17501679956912994,0.16515650351842243,/home/minss/fl/DXFL/logs/lambda/adaptive/logs_js_client_lmax_crosscheck_canonical_no_feature/cifar100/beta_0.3/seed0/lmax1p00/cifar100_beta_0.3_js_client_lmax1p00_tau0p85_tkd1p00_canonical_nofeat_seed0_r500.pkl
CIFAR-100,beta_0.3,443,0.15337881296873093,0.16527313689390818,/home/minss/fl/DXFL/logs/lambda/adaptive/logs_js_client_lmax_crosscheck_canonical_no_feature/cifar100/beta_0.3/seed0/lmax1p00/cifar100_beta_0.3_js_client_lmax1p00_tau0p85_tkd1p00_canonical_nofeat_seed0_r500.pkl
CIFAR-100,beta_0.3,444,0.15045147836208345,0.16500462422768278,/home/minss/fl/DXFL/logs/lambda/adaptive/logs_js_client_lmax_crosscheck_canonical_no_feature/cifar100/beta_0.3/seed0/lmax1p00/cifar100_beta_0.3_js_client_lmax1p00_tau0p85_tkd1p00_canonical_nofeat_seed0_r500.pkl
CIFAR-100,beta_0.3,445,0.16825547218322753,0.16567807743946716,/home/minss/fl/DXFL/logs/lambda/adaptive/logs_js_client_lmax_crosscheck_canonical_no_feature/cifar100/beta_0.3/seed0/lmax1p00/cifar100_beta_0.3_js_client_lmax1p00_tau0p85_tkd1p00_canonical_nofeat_seed0_r500.pkl
CIFAR-100,beta_0.3,446,0.16648714989423752,0.16668264195322993,/home/minss/fl/DXFL/logs/lambda/adaptive/logs_js_client_lmax_crosscheck_canonical_no_feature/cifar100/beta_0.3/seed0/lmax1p00/cifar100_beta_0.3_js_client_lmax1p00_tau0p85_tkd1p00_canonical_nofeat_seed0_r500.pkl
CIFAR-100,beta_0.3,447,0.1785379782319069,0.16809196705619495,/home/minss/fl/DXFL/logs/lambda/adaptive/logs_js_client_lmax_crosscheck_canonical_no_feature/cifar100/beta_0.3/seed0/lmax1p00/cifar100_beta_0.3_js_client_lmax1p00_tau0p85_tkd1p00_canonical_nofeat_seed0_r500.pkl
CIFAR-100,beta_0.3,448,0.17090578079223634,0.1691933522125085,/home/minss/fl/DXFL/logs/lambda/adaptive/logs_js_client_lmax_crosscheck_canonical_no_feature/cifar100/beta_0.3/seed0/lmax1p00/cifar100_beta_0.3_js_client_lmax1p00_tau0p85_tkd1p00_canonical_nofeat_seed0_r500.pkl
CIFAR-100,beta_0.3,449,0.17296980172395707,0.1682607206205527,/home/minss/fl/DXFL/logs/lambda/adaptive/logs_js_client_lmax_crosscheck_canonical_no_feature/cifar100/beta_0.3/seed0/lmax1p00/cifar100_beta_0.3_js_client_lmax1p00_tau0p85_tkd1p00_canonical_nofeat_seed0_r500.pkl
CIFAR-100,beta_0.3,450,0.1649431735277176,0.16786217922965682,/home/minss/fl/DXFL/logs/lambda/adaptive/logs_js_client_lmax_crosscheck_canonical_no_feature/cifar100/beta_0.3/seed0/lmax1p00/cifar100_beta_0.3_js_client_lmax1p00_tau0p85_tkd1p00_canonical_nofeat_seed0_r500.pkl
CIFAR-100,beta_0.3,451,0.15767444521188737,0.16864280099670093,/home/minss/fl/DXFL/logs/lambda/adaptive/logs_js_client_lmax_crosscheck_canonical_no_feature/cifar100/beta_0.3/seed0/lmax1p00/cifar100_beta_0.3_js_client_lmax1p00_tau0p85_tkd1p00_canonical_nofeat_seed0_r500.pkl
CIFAR-100,beta_0.3,452,0.16741931438446045,0.1697535312672456,/home/minss/fl/DXFL/logs/lambda/adaptive/logs_js_client_lmax_crosscheck_canonical_no_feature/cifar100/beta_0.3/seed0/lmax1p00/cifar100_beta_0.3_js_client_lmax1p00_tau0p85_tkd1p00_canonical_nofeat_seed0_r500.pkl
CIFAR-100,beta_0.3,453,0.16709382608532905,0.16850176180402437,/home/minss/fl/DXFL/logs/lambda/adaptive/logs_js_client_lmax_crosscheck_canonical_no_feature/cifar100/beta_0.3/seed0/lmax1p00/cifar100_beta_0.3_js_client_lmax1p00_tau0p85_tkd1p00_canonical_nofeat_seed0_r500.pkl
CIFAR-100,beta_0.3,454,0.1748538225889206,0.16817347382505737,/home/minss/fl/DXFL/logs/lambda/adaptive/logs_js_client_lmax_crosscheck_canonical_no_feature/cifar100/beta_0.3/seed0/lmax1p00/cifar100_beta_0.3_js_client_lmax1p00_tau0p85_tkd1p00_canonical_nofeat_seed0_r500.pkl
CIFAR-100,beta_0.3,455,0.18596993535757064,0.16756605342030526,/home/minss/fl/DXFL/logs/lambda/adaptive/logs_js_client_lmax_crosscheck_canonical_no_feature/cifar100/beta_0.3/seed0/lmax1p00/cifar100_beta_0.3_js_client_lmax1p00_tau0p85_tkd1p00_canonical_nofeat_seed0_r500.pkl
CIFAR-100,beta_0.3,456,0.16995301842689514,0.16745606804887456,/home/minss/fl/DXFL/logs/lambda/adaptive/logs_js_client_lmax_crosscheck_canonical_no_feature/cifar100/beta_0.3/seed0/lmax1p00/cifar100_beta_0.3_js_client_lmax1p00_tau0p85_tkd1p00_canonical_nofeat_seed0_r500.pkl
CIFAR-100,beta_0.3,457,0.16903867870569228,0.16669391348958015,/home/minss/fl/DXFL/logs/lambda/adaptive/logs_js_client_lmax_crosscheck_canonical_no_feature/cifar100/beta_0.3/seed0/lmax1p00/cifar100_beta_0.3_js_client_lmax1p00_tau0p85_tkd1p00_canonical_nofeat_seed0_r500.pkl
CIFAR-100,beta_0.3,458,0.16508813947439194,0.16709685131907465,/home/minss/fl/DXFL/logs/lambda/adaptive/logs_js_client_lmax_crosscheck_canonical_no_feature/cifar100/beta_0.3/seed0/lmax1p00/cifar100_beta_0.3_js_client_lmax1p00_tau0p85_tkd1p00_canonical_nofeat_seed0_r500.pkl
CIFAR-100,beta_0.3,459,0.16711243242025375,0.16849731003244717,/home/minss/fl/DXFL/logs/lambda/adaptive/logs_js_client_lmax_crosscheck_canonical_no_feature/cifar100/beta_0.3/seed0/lmax1p00/cifar100_beta_0.3_js_client_lmax1p00_tau0p85_tkd1p00_canonical_nofeat_seed0_r500.pkl
CIFAR-100,beta_0.3,460,0.14947893023490905,0.16785629545648892,/home/minss/fl/DXFL/logs/lambda/adaptive/logs_js_client_lmax_crosscheck_canonical_no_feature/cifar100/beta_0.3/seed0/lmax1p00/cifar100_beta_0.3_js_client_lmax1p00_tau0p85_tkd1p00_canonical_nofeat_seed0_r500.pkl
CIFAR-100,beta_0.3,461,0.16156283020973206,0.16753678103288014,/home/minss/fl/DXFL/logs/lambda/adaptive/logs_js_client_lmax_crosscheck_canonical_no_feature/cifar100/beta_0.3/seed0/lmax1p00/cifar100_beta_0.3_js_client_lmax1p00_tau0p85_tkd1p00_canonical_nofeat_seed0_r500.pkl
CIFAR-100,beta_0.3,462,0.16942667216062546,0.1680784605940183,/home/minss/fl/DXFL/logs/lambda/adaptive/logs_js_client_lmax_crosscheck_canonical_no_feature/cifar100/beta_0.3/seed0/lmax1p00/cifar100_beta_0.3_js_client_lmax1p00_tau0p85_tkd1p00_canonical_nofeat_seed0_r500.pkl
CIFAR-100,beta_0.3,463,0.1692560002207756,0.16761956403652825,/home/minss/fl/DXFL/logs/lambda/adaptive/logs_js_client_lmax_crosscheck_canonical_no_feature/cifar100/beta_0.3/seed0/lmax1p00/cifar100_beta_0.3_js_client_lmax1p00_tau0p85_tkd1p00_canonical_nofeat_seed0_r500.pkl
CIFAR-100,beta_0.3,464,0.16153748333454132,0.16710957874854407,/home/minss/fl/DXFL/logs/lambda/adaptive/logs_js_client_lmax_crosscheck_canonical_no_feature/cifar100/beta_0.3/seed0/lmax1p00/cifar100_beta_0.3_js_client_lmax1p00_tau0p85_tkd1p00_canonical_nofeat_seed0_r500.pkl
CIFAR-100,beta_0.3,465,0.17098724097013474,0.16730167428652448,/home/minss/fl/DXFL/logs/lambda/adaptive/logs_js_client_lmax_crosscheck_canonical_no_feature/cifar100/beta_0.3/seed0/lmax1p00/cifar100_beta_0.3_js_client_lmax1p00_tau0p85_tkd1p00_canonical_nofeat_seed0_r500.pkl
CIFAR-100,beta_0.3,466,0.1786813259124756,0.1668753868341446,/home/minss/fl/DXFL/logs/lambda/adaptive/logs_js_client_lmax_crosscheck_canonical_no_feature/cifar100/beta_0.3/seed0/lmax1p00/cifar100_beta_0.3_js_client_lmax1p00_tau0p85_tkd1p00_canonical_nofeat_seed0_r500.pkl
CIFAR-100,beta_0.3,467,0.15780409574508666,0.16678402910629905,/home/minss/fl/DXFL/logs/lambda/adaptive/logs_js_client_lmax_crosscheck_canonical_no_feature/cifar100/beta_0.3/seed0/lmax1p00/cifar100_beta_0.3_js_client_lmax1p00_tau0p85_tkd1p00_canonical_nofeat_seed0_r500.pkl
CIFAR-100,beta_0.3,468,0.16230110973119735,0.1681938424706459,/home/minss/fl/DXFL/logs/lambda/adaptive/logs_js_client_lmax_crosscheck_canonical_no_feature/cifar100/beta_0.3/seed0/lmax1p00/cifar100_beta_0.3_js_client_lmax1p00_tau0p85_tkd1p00_canonical_nofeat_seed0_r500.pkl
CIFAR-100,beta_0.3,469,0.1829790160059929,0.1692815084258715,/home/minss/fl/DXFL/logs/lambda/adaptive/logs_js_client_lmax_crosscheck_canonical_no_feature/cifar100/beta_0.3/seed0/lmax1p00/cifar100_beta_0.3_js_client_lmax1p00_tau0p85_tkd1p00_canonical_nofeat_seed0_r500.pkl
CIFAR-100,beta_0.3,470,0.17908648699522017,0.16860694338877996,/home/minss/fl/DXFL/logs/lambda/adaptive/logs_js_client_lmax_crosscheck_canonical_no_feature/cifar100/beta_0.3/seed0/lmax1p00/cifar100_beta_0.3_js_client_lmax1p00_tau0p85_tkd1p00_canonical_nofeat_seed0_r500.pkl
CIFAR-100,beta_0.3,471,0.16230323910713196,0.1680371395746867,/home/minss/fl/DXFL/logs/lambda/adaptive/logs_js_client_lmax_crosscheck_canonical_no_feature/cifar100/beta_0.3/seed0/lmax1p00/cifar100_beta_0.3_js_client_lmax1p00_tau0p85_tkd1p00_canonical_nofeat_seed0_r500.pkl
CIFAR-100,beta_0.3,472,0.17192011177539826,0.16900238762299222,/home/minss/fl/DXFL/logs/lambda/adaptive/logs_js_client_lmax_crosscheck_canonical_no_feature/cifar100/beta_0.3/seed0/lmax1p00/cifar100_beta_0.3_js_client_lmax1p00_tau0p85_tkd1p00_canonical_nofeat_seed0_r500.pkl
CIFAR-100,beta_0.3,473,0.158693827688694,0.16913535545269648,/home/minss/fl/DXFL/logs/lambda/adaptive/logs_js_client_lmax_crosscheck_canonical_no_feature/cifar100/beta_0.3/seed0/lmax1p00/cifar100_beta_0.3_js_client_lmax1p00_tau0p85_tkd1p00_canonical_nofeat_seed0_r500.pkl
CIFAR-100,beta_0.3,474,0.16574206650257112,0.1679389358560244,/home/minss/fl/DXFL/logs/lambda/adaptive/logs_js_client_lmax_crosscheck_canonical_no_feature/cifar100/beta_0.3/seed0/lmax1p00/cifar100_beta_0.3_js_client_lmax1p00_tau0p85_tkd1p00_canonical_nofeat_seed0_r500.pkl
CIFAR-100,beta_0.3,475,0.1706261307001114,0.1676434937119484,/home/minss/fl/DXFL/logs/lambda/adaptive/logs_js_client_lmax_crosscheck_canonical_no_feature/cifar100/beta_0.3/seed0/lmax1p00/cifar100_beta_0.3_js_client_lmax1p00_tau0p85_tkd1p00_canonical_nofeat_seed0_r500.pkl
CIFAR-100,beta_0.3,476,0.17787781953811646,0.16767394890387854,/home/minss/fl/DXFL/logs/lambda/adaptive/logs_js_client_lmax_crosscheck_canonical_no_feature/cifar100/beta_0.3/seed0/lmax1p00/cifar100_beta_0.3_js_client_lmax1p00_tau0p85_tkd1p00_canonical_nofeat_seed0_r500.pkl
CIFAR-100,beta_0.3,477,0.15930819660425186,0.16782039403915408,/home/minss/fl/DXFL/logs/lambda/adaptive/logs_js_client_lmax_crosscheck_canonical_no_feature/cifar100/beta_0.3/seed0/lmax1p00/cifar100_beta_0.3_js_client_lmax1p00_tau0p85_tkd1p00_canonical_nofeat_seed0_r500.pkl
CIFAR-100,beta_0.3,478,0.16070894300937652,0.16733497520287835,/home/minss/fl/DXFL/logs/lambda/adaptive/logs_js_client_lmax_crosscheck_canonical_no_feature/cifar100/beta_0.3/seed0/lmax1p00/cifar100_beta_0.3_js_client_lmax1p00_tau0p85_tkd1p00_canonical_nofeat_seed0_r500.pkl
CIFAR-100,beta_0.3,479,0.176016204059124,0.16882559219996138,/home/minss/fl/DXFL/logs/lambda/adaptive/logs_js_client_lmax_crosscheck_canonical_no_feature/cifar100/beta_0.3/seed0/lmax1p00/cifar100_beta_0.3_js_client_lmax1p00_tau0p85_tkd1p00_canonical_nofeat_seed0_r500.pkl
CIFAR-100,beta_0.3,480,0.17298175841569902,0.16900235742330555,/home/minss/fl/DXFL/logs/lambda/adaptive/logs_js_client_lmax_crosscheck_canonical_no_feature/cifar100/beta_0.3/seed0/lmax1p00/cifar100_beta_0.3_js_client_lmax1p00_tau0p85_tkd1p00_canonical_nofeat_seed0_r500.pkl
CIFAR-100,beta_0.3,481,0.16073503196239472,0.16952321231365206,/home/minss/fl/DXFL/logs/lambda/adaptive/logs_js_client_lmax_crosscheck_canonical_no_feature/cifar100/beta_0.3/seed0/lmax1p00/cifar100_beta_0.3_js_client_lmax1p00_tau0p85_tkd1p00_canonical_nofeat_seed0_r500.pkl
CIFAR-100,beta_0.3,482,0.15337246358394624,0.16992742180824283,/home/minss/fl/DXFL/logs/lambda/adaptive/logs_js_client_lmax_crosscheck_canonical_no_feature/cifar100/beta_0.3/seed0/lmax1p00/cifar100_beta_0.3_js_client_lmax1p00_tau0p85_tkd1p00_canonical_nofeat_seed0_r500.pkl
CIFAR-100,beta_0.3,483,0.1627579376101494,0.17042503635088604,/home/minss/fl/DXFL/logs/lambda/adaptive/logs_js_client_lmax_crosscheck_canonical_no_feature/cifar100/beta_0.3/seed0/lmax1p00/cifar100_beta_0.3_js_client_lmax1p00_tau0p85_tkd1p00_canonical_nofeat_seed0_r500.pkl
CIFAR-100,beta_0.3,484,0.18517569303512574,0.170239088733991,/home/minss/fl/DXFL/logs/lambda/adaptive/logs_js_client_lmax_crosscheck_canonical_no_feature/cifar100/beta_0.3/seed0/lmax1p00/cifar100_beta_0.3_js_client_lmax1p00_tau0p85_tkd1p00_canonical_nofeat_seed0_r500.pkl
CIFAR-100,beta_0.3,485,0.17180520445108413,0.17155844469865164,/home/minss/fl/DXFL/logs/lambda/adaptive/logs_js_client_lmax_crosscheck_canonical_no_feature/cifar100/beta_0.3/seed0/lmax1p00/cifar100_beta_0.3_js_client_lmax1p00_tau0p85_tkd1p00_canonical_nofeat_seed0_r500.pkl
CIFAR-100,beta_0.3,486,0.18466249406337737,0.1723904777566592,/home/minss/fl/DXFL/logs/lambda/adaptive/logs_js_client_lmax_crosscheck_canonical_no_feature/cifar100/beta_0.3/seed0/lmax1p00/cifar100_beta_0.3_js_client_lmax1p00_tau0p85_tkd1p00_canonical_nofeat_seed0_r500.pkl
CIFAR-100,beta_0.3,487,0.17457159012556075,0.1723807998498281,/home/minss/fl/DXFL/logs/lambda/adaptive/logs_js_client_lmax_crosscheck_canonical_no_feature/cifar100/beta_0.3/seed0/lmax1p00/cifar100_beta_0.3_js_client_lmax1p00_tau0p85_tkd1p00_canonical_nofeat_seed0_r500.pkl
CIFAR-100,beta_0.3,488,0.1665066510438919,0.1723607968290647,/home/minss/fl/DXFL/logs/lambda/adaptive/logs_js_client_lmax_crosscheck_canonical_no_feature/cifar100/beta_0.3/seed0/lmax1p00/cifar100_beta_0.3_js_client_lmax1p00_tau0p85_tkd1p00_canonical_nofeat_seed0_r500.pkl
CIFAR-100,beta_0.3,489,0.1718052089214325,0.1729409896334012,/home/minss/fl/DXFL/logs/lambda/adaptive/logs_js_client_lmax_crosscheck_canonical_no_feature/cifar100/beta_0.3/seed0/lmax1p00/cifar100_beta_0.3_js_client_lmax1p00_tau0p85_tkd1p00_canonical_nofeat_seed0_r500.pkl
CIFAR-100,beta_0.3,490,0.17809034883975983,0.17329857319593428,/home/minss/fl/DXFL/logs/lambda/adaptive/logs_js_client_lmax_crosscheck_canonical_no_feature/cifar100/beta_0.3/seed0/lmax1p00/cifar100_beta_0.3_js_client_lmax1p00_tau0p85_tkd1p00_canonical_nofeat_seed0_r500.pkl
CIFAR-100,beta_0.3,491,0.17508860528469086,0.17384906381368634,/home/minss/fl/DXFL/logs/lambda/adaptive/logs_js_client_lmax_crosscheck_canonical_no_feature/cifar100/beta_0.3/seed0/lmax1p00/cifar100_beta_0.3_js_client_lmax1p00_tau0p85_tkd1p00_canonical_nofeat_seed0_r500.pkl
CIFAR-100,beta_0.3,492,0.17909853607416154,0.17311469147602715,/home/minss/fl/DXFL/logs/lambda/adaptive/logs_js_client_lmax_crosscheck_canonical_no_feature/cifar100/beta_0.3/seed0/lmax1p00/cifar100_beta_0.3_js_client_lmax1p00_tau0p85_tkd1p00_canonical_nofeat_seed0_r500.pkl
CIFAR-100,beta_0.3,493,0.1731894388794899,0.1735899626215299,/home/minss/fl/DXFL/logs/lambda/adaptive/logs_js_client_lmax_crosscheck_canonical_no_feature/cifar100/beta_0.3/seed0/lmax1p00/cifar100_beta_0.3_js_client_lmax1p00_tau0p85_tkd1p00_canonical_nofeat_seed0_r500.pkl
CIFAR-100,beta_0.3,494,0.17587103545665742,0.17320808112621308,/home/minss/fl/DXFL/logs/lambda/adaptive/logs_js_client_lmax_crosscheck_canonical_no_feature/cifar100/beta_0.3/seed0/lmax1p00/cifar100_beta_0.3_js_client_lmax1p00_tau0p85_tkd1p00_canonical_nofeat_seed0_r500.pkl
CIFAR-100,beta_0.3,495,0.17268171310424804,0.17349892656008406,/home/minss/fl/DXFL/logs/lambda/adaptive/logs_js_client_lmax_crosscheck_canonical_no_feature/cifar100/beta_0.3/seed0/lmax1p00/cifar100_beta_0.3_js_client_lmax1p00_tau0p85_tkd1p00_canonical_nofeat_seed0_r500.pkl
CIFAR-100,beta_0.3,496,0.16943792402744293,0.17432743459939962,/home/minss/fl/DXFL/logs/lambda/adaptive/logs_js_client_lmax_crosscheck_canonical_no_feature/cifar100/beta_0.3/seed0/lmax1p00/cifar100_beta_0.3_js_client_lmax1p00_tau0p85_tkd1p00_canonical_nofeat_seed0_r500.pkl
CIFAR-100,beta_0.3,497,0.15873621702194213,0.17480270544687912,/home/minss/fl/DXFL/logs/lambda/adaptive/logs_js_client_lmax_crosscheck_canonical_no_feature/cifar100/beta_0.3/seed0/lmax1p00/cifar100_beta_0.3_js_client_lmax1p00_tau0p85_tkd1p00_canonical_nofeat_seed0_r500.pkl
CIFAR-100,beta_0.3,498,0.17101529687643052,0.17485896696647013,/home/minss/fl/DXFL/logs/lambda/adaptive/logs_js_client_lmax_crosscheck_canonical_no_feature/cifar100/beta_0.3/seed0/lmax1p00/cifar100_beta_0.3_js_client_lmax1p00_tau0p85_tkd1p00_canonical_nofeat_seed0_r500.pkl
CIFAR-100,beta_0.3,499,0.17416010797023773,0.17511534472306575,/home/minss/fl/DXFL/logs/lambda/adaptive/logs_js_client_lmax_crosscheck_canonical_no_feature/cifar100/beta_0.3/seed0/lmax1p00/cifar100_beta_0.3_js_client_lmax1p00_tau0p85_tkd1p00_canonical_nofeat_seed0_r500.pkl
CIFAR-100,beta_0.3,500,0.17893427163362502,0.17510439376036332,/home/minss/fl/DXFL/logs/lambda/adaptive/logs_js_client_lmax_crosscheck_canonical_no_feature/cifar100/beta_0.3/seed0/lmax1p00/cifar100_beta_0.3_js_client_lmax1p00_tau0p85_tkd1p00_canonical_nofeat_seed0_r500.pkl
CIFAR-100,beta_0.1,1,1.5166386102549722e-08,7.56006222516703e-06,/home/minss/fl/DXFL/logs/lambda/adaptive/logs_js_granularity_temperature_canonical_no_feature/beta_0.1/seed0/js_client/cifar100_beta_0.1_js_client_tkd1p00_canonical_nofeat_seed0_r500.pkl
CIFAR-100,beta_0.1,2,6.908251236836804e-07,1.1740122671432355e-05,/home/minss/fl/DXFL/logs/lambda/adaptive/logs_js_granularity_temperature_canonical_no_feature/beta_0.1/seed0/js_client/cifar100_beta_0.1_js_client_tkd1p00_canonical_nofeat_seed0_r500.pkl
CIFAR-100,beta_0.1,3,8.544022148271323e-06,1.5717411953026784e-05,/home/minss/fl/DXFL/logs/lambda/adaptive/logs_js_granularity_temperature_canonical_no_feature/beta_0.1/seed0/js_client/cifar100_beta_0.1_js_client_tkd1p00_canonical_nofeat_seed0_r500.pkl
CIFAR-100,beta_0.1,4,9.253386224372662e-06,2.111268375275088e-05,/home/minss/fl/DXFL/logs/lambda/adaptive/logs_js_granularity_temperature_canonical_no_feature/beta_0.1/seed0/js_client/cifar100_beta_0.1_js_client_tkd1p00_canonical_nofeat_seed0_r500.pkl
CIFAR-100,beta_0.1,5,1.7310429029748775e-05,2.7652750988499024e-05,/home/minss/fl/DXFL/logs/lambda/adaptive/logs_js_granularity_temperature_canonical_no_feature/beta_0.1/seed0/js_client/cifar100_beta_0.1_js_client_tkd1p00_canonical_nofeat_seed0_r500.pkl
CIFAR-100,beta_0.1,6,1.9177906870027074e-05,3.493146965774111e-05,/home/minss/fl/DXFL/logs/lambda/adaptive/logs_js_granularity_temperature_canonical_no_feature/beta_0.1/seed0/js_client/cifar100_beta_0.1_js_client_tkd1p00_canonical_nofeat_seed0_r500.pkl
CIFAR-100,beta_0.1,7,2.6327664818381892e-05,4.5459050327553526e-05,/home/minss/fl/DXFL/logs/lambda/adaptive/logs_js_granularity_temperature_canonical_no_feature/beta_0.1/seed0/js_client/cifar100_beta_0.1_js_client_tkd1p00_canonical_nofeat_seed0_r500.pkl
CIFAR-100,beta_0.1,8,3.197536807419965e-05,5.350863502366466e-05,/home/minss/fl/DXFL/logs/lambda/adaptive/logs_js_granularity_temperature_canonical_no_feature/beta_0.1/seed0/js_client/cifar100_beta_0.1_js_client_tkd1p00_canonical_nofeat_seed0_r500.pkl
CIFAR-100,beta_0.1,9,6.271607308008242e-05,6.295794555057909e-05,/home/minss/fl/DXFL/logs/lambda/adaptive/logs_js_granularity_temperature_canonical_no_feature/beta_0.1/seed0/js_client/cifar100_beta_0.1_js_client_tkd1p00_canonical_nofeat_seed0_r500.pkl
CIFAR-100,beta_0.1,10,5.9674505610018966e-05,7.677055369337419e-05,/home/minss/fl/DXFL/logs/lambda/adaptive/logs_js_granularity_temperature_canonical_no_feature/beta_0.1/seed0/js_client/cifar100_beta_0.1_js_client_tkd1p00_canonical_nofeat_seed0_r500.pkl
CIFAR-100,beta_0.1,11,8.094424338196404e-05,9.516264491139736e-05,/home/minss/fl/DXFL/logs/lambda/adaptive/logs_js_granularity_temperature_canonical_no_feature/beta_0.1/seed0/js_client/cifar100_beta_0.1_js_client_tkd1p00_canonical_nofeat_seed0_r500.pkl
CIFAR-100,beta_0.1,12,9.811617492232472e-05,0.00010933848251928187,/home/minss/fl/DXFL/logs/lambda/adaptive/logs_js_granularity_temperature_canonical_no_feature/beta_0.1/seed0/js_client/cifar100_beta_0.1_js_client_tkd1p00_canonical_nofeat_seed0_r500.pkl
CIFAR-100,beta_0.1,13,0.00010919594642473384,0.00012839220848642679,/home/minss/fl/DXFL/logs/lambda/adaptive/logs_js_granularity_temperature_canonical_no_feature/beta_0.1/seed0/js_client/cifar100_beta_0.1_js_client_tkd1p00_canonical_nofeat_seed0_r500.pkl
CIFAR-100,beta_0.1,14,0.00015792887643328868,0.00015422153600714713,/home/minss/fl/DXFL/logs/lambda/adaptive/logs_js_granularity_temperature_canonical_no_feature/beta_0.1/seed0/js_client/cifar100_beta_0.1_js_client_tkd1p00_canonical_nofeat_seed0_r500.pkl
CIFAR-100,beta_0.1,15,0.0001207589368277695,0.0001775624010163786,/home/minss/fl/DXFL/logs/lambda/adaptive/logs_js_granularity_temperature_canonical_no_feature/beta_0.1/seed0/js_client/cifar100_beta_0.1_js_client_tkd1p00_canonical_nofeat_seed0_r500.pkl
CIFAR-100,beta_0.1,16,0.00014175482428981922,0.00020287362152885178,/home/minss/fl/DXFL/logs/lambda/adaptive/logs_js_granularity_temperature_canonical_no_feature/beta_0.1/seed0/js_client/cifar100_beta_0.1_js_client_tkd1p00_canonical_nofeat_seed0_r500.pkl
CIFAR-100,beta_0.1,17,0.0002078799472656101,0.00023022499575745315,/home/minss/fl/DXFL/logs/lambda/adaptive/logs_js_granularity_temperature_canonical_no_feature/beta_0.1/seed0/js_client/cifar100_beta_0.1_js_client_tkd1p00_canonical_nofeat_seed0_r500.pkl
CIFAR-100,beta_0.1,18,0.0002844253904186189,0.0002588013639130319,/home/minss/fl/DXFL/logs/lambda/adaptive/logs_js_granularity_temperature_canonical_no_feature/beta_0.1/seed0/js_client/cifar100_beta_0.1_js_client_tkd1p00_canonical_nofeat_seed0_r500.pkl
CIFAR-100,beta_0.1,19,0.00022189095034264028,0.00030663080954885423,/home/minss/fl/DXFL/logs/lambda/adaptive/logs_js_granularity_temperature_canonical_no_feature/beta_0.1/seed0/js_client/cifar100_beta_0.1_js_client_tkd1p00_canonical_nofeat_seed0_r500.pkl
CIFAR-100,beta_0.1,20,0.00030311631853692235,0.00034976332521182487,/home/minss/fl/DXFL/logs/lambda/adaptive/logs_js_granularity_temperature_canonical_no_feature/beta_0.1/seed0/js_client/cifar100_beta_0.1_js_client_tkd1p00_canonical_nofeat_seed0_r500.pkl
CIFAR-100,beta_0.1,21,0.00040661781968083234,0.0003920024377778949,/home/minss/fl/DXFL/logs/lambda/adaptive/logs_js_granularity_temperature_canonical_no_feature/beta_0.1/seed0/js_client/cifar100_beta_0.1_js_client_tkd1p00_canonical_nofeat_seed0_r500.pkl
CIFAR-100,beta_0.1,22,0.0003764406399568543,0.00044417911936761817,/home/minss/fl/DXFL/logs/lambda/adaptive/logs_js_granularity_temperature_canonical_no_feature/beta_0.1/seed0/js_client/cifar100_beta_0.1_js_client_tkd1p00_canonical_nofeat_seed0_r500.pkl
CIFAR-100,beta_0.1,23,0.00041164367576129735,0.0005152155883358016,/home/minss/fl/DXFL/logs/lambda/adaptive/logs_js_granularity_temperature_canonical_no_feature/beta_0.1/seed0/js_client/cifar100_beta_0.1_js_client_tkd1p00_canonical_nofeat_seed0_r500.pkl
CIFAR-100,beta_0.1,24,0.0004729866865091026,0.0005593905757026126,/home/minss/fl/DXFL/logs/lambda/adaptive/logs_js_granularity_temperature_canonical_no_feature/beta_0.1/seed0/js_client/cifar100_beta_0.1_js_client_tkd1p00_canonical_nofeat_seed0_r500.pkl
CIFAR-100,beta_0.1,25,0.0004883200279437005,0.0006271617448267837,/home/minss/fl/DXFL/logs/lambda/adaptive/logs_js_granularity_temperature_canonical_no_feature/beta_0.1/seed0/js_client/cifar100_beta_0.1_js_client_tkd1p00_canonical_nofeat_seed0_r500.pkl
CIFAR-100,beta_0.1,26,0.0007983859279192985,0.0006834569959513222,/home/minss/fl/DXFL/logs/lambda/adaptive/logs_js_granularity_temperature_canonical_no_feature/beta_0.1/seed0/js_client/cifar100_beta_0.1_js_client_tkd1p00_canonical_nofeat_seed0_r500.pkl
CIFAR-100,beta_0.1,27,0.0007451039098668843,0.0007261879154248162,/home/minss/fl/DXFL/logs/lambda/adaptive/logs_js_granularity_temperature_canonical_no_feature/beta_0.1/seed0/js_client/cifar100_beta_0.1_js_client_tkd1p00_canonical_nofeat_seed0_r500.pkl
CIFAR-100,beta_0.1,28,0.000742782634915784,0.0008019723104856287,/home/minss/fl/DXFL/logs/lambda/adaptive/logs_js_granularity_temperature_canonical_no_feature/beta_0.1/seed0/js_client/cifar100_beta_0.1_js_client_tkd1p00_canonical_nofeat_seed0_r500.pkl
CIFAR-100,beta_0.1,29,0.0009405791002791375,0.000850407942586268,/home/minss/fl/DXFL/logs/lambda/adaptive/logs_js_granularity_temperature_canonical_no_feature/beta_0.1/seed0/js_client/cifar100_beta_0.1_js_client_tkd1p00_canonical_nofeat_seed0_r500.pkl
CIFAR-100,beta_0.1,30,0.0011863059713505208,0.000947594686294906,/home/minss/fl/DXFL/logs/lambda/adaptive/logs_js_granularity_temperature_canonical_no_feature/beta_0.1/seed0/js_client/cifar100_beta_0.1_js_client_tkd1p00_canonical_nofeat_seed0_r500.pkl
CIFAR-100,beta_0.1,31,0.0008043796347919852,0.0010294663768339281,/home/minss/fl/DXFL/logs/lambda/adaptive/logs_js_granularity_temperature_canonical_no_feature/beta_0.1/seed0/js_client/cifar100_beta_0.1_js_client_tkd1p00_canonical_nofeat_seed0_r500.pkl
CIFAR-100,beta_0.1,32,0.0012244474841281773,0.001110161560160729,/home/minss/fl/DXFL/logs/lambda/adaptive/logs_js_granularity_temperature_canonical_no_feature/beta_0.1/seed0/js_client/cifar100_beta_0.1_js_client_tkd1p00_canonical_nofeat_seed0_r500.pkl
CIFAR-100,beta_0.1,33,0.0011288541572866961,0.001215501406113617,/home/minss/fl/DXFL/logs/lambda/adaptive/logs_js_granularity_temperature_canonical_no_feature/beta_0.1/seed0/js_client/cifar100_beta_0.1_js_client_tkd1p00_canonical_nofeat_seed0_r500.pkl
CIFAR-100,beta_0.1,34,0.0008628547424450516,0.0012780703342286871,/home/minss/fl/DXFL/logs/lambda/adaptive/logs_js_granularity_temperature_canonical_no_feature/beta_0.1/seed0/js_client/cifar100_beta_0.1_js_client_tkd1p00_canonical_nofeat_seed0_r500.pkl
CIFAR-100,beta_0.1,35,0.001439882244449109,0.0013719172106357292,/home/minss/fl/DXFL/logs/lambda/adaptive/logs_js_granularity_temperature_canonical_no_feature/beta_0.1/seed0/js_client/cifar100_beta_0.1_js_client_tkd1p00_canonical_nofeat_seed0_r500.pkl
CIFAR-100,beta_0.1,36,0.001133152301190421,0.001477670336025767,/home/minss/fl/DXFL/logs/lambda/adaptive/logs_js_granularity_temperature_canonical_no_feature/beta_0.1/seed0/js_client/cifar100_beta_0.1_js_client_tkd1p00_canonical_nofeat_seed0_r500.pkl
CIFAR-100,beta_0.1,37,0.0018342417955864222,0.0015559781395131722,/home/minss/fl/DXFL/logs/lambda/adaptive/logs_js_granularity_temperature_canonical_no_feature/beta_0.1/seed0/js_client/cifar100_beta_0.1_js_client_tkd1p00_canonical_nofeat_seed0_r500.pkl
CIFAR-100,beta_0.1,38,0.0016397190338466316,0.0016800683098457134,/home/minss/fl/DXFL/logs/lambda/adaptive/logs_js_granularity_temperature_canonical_no_feature/beta_0.1/seed0/js_client/cifar100_beta_0.1_js_client_tkd1p00_canonical_nofeat_seed0_r500.pkl
CIFAR-100,beta_0.1,39,0.0016834144364111126,0.0018329423683462666,/home/minss/fl/DXFL/logs/lambda/adaptive/logs_js_granularity_temperature_canonical_no_feature/beta_0.1/seed0/js_client/cifar100_beta_0.1_js_client_tkd1p00_canonical_nofeat_seed0_r500.pkl
CIFAR-100,beta_0.1,40,0.0020684177172370253,0.0019374296777338413,/home/minss/fl/DXFL/logs/lambda/adaptive/logs_js_granularity_temperature_canonical_no_feature/beta_0.1/seed0/js_client/cifar100_beta_0.1_js_client_tkd1p00_canonical_nofeat_seed0_r500.pkl
CIFAR-100,beta_0.1,41,0.0017369198496453464,0.002041019053431228,/home/minss/fl/DXFL/logs/lambda/adaptive/logs_js_granularity_temperature_canonical_no_feature/beta_0.1/seed0/js_client/cifar100_beta_0.1_js_client_tkd1p00_canonical_nofeat_seed0_r500.pkl
CIFAR-100,beta_0.1,42,0.0021528070559725166,0.002196062584795679,/home/minss/fl/DXFL/logs/lambda/adaptive/logs_js_granularity_temperature_canonical_no_feature/beta_0.1/seed0/js_client/cifar100_beta_0.1_js_client_tkd1p00_canonical_nofeat_seed0_r500.pkl
CIFAR-100,beta_0.1,43,0.0023290795157663523,0.002346893242793158,/home/minss/fl/DXFL/logs/lambda/adaptive/logs_js_granularity_temperature_canonical_no_feature/beta_0.1/seed0/js_client/cifar100_beta_0.1_js_client_tkd1p00_canonical_nofeat_seed0_r500.pkl
CIFAR-100,beta_0.1,44,0.0021151961525902154,0.002707486840275427,/home/minss/fl/DXFL/logs/lambda/adaptive/logs_js_granularity_temperature_canonical_no_feature/beta_0.1/seed0/js_client/cifar100_beta_0.1_js_client_tkd1p00_canonical_nofeat_seed0_r500.pkl
CIFAR-100,beta_0.1,45,0.0030476585263386367,0.0027877482930974413,/home/minss/fl/DXFL/logs/lambda/adaptive/logs_js_granularity_temperature_canonical_no_feature/beta_0.1/seed0/js_client/cifar100_beta_0.1_js_client_tkd1p00_canonical_nofeat_seed0_r500.pkl
CIFAR-100,beta_0.1,46,0.0030974905123002825,0.0029448819579556587,/home/minss/fl/DXFL/logs/lambda/adaptive/logs_js_granularity_temperature_canonical_no_feature/beta_0.1/seed0/js_client/cifar100_beta_0.1_js_client_tkd1p00_canonical_nofeat_seed0_r500.pkl
CIFAR-100,beta_0.1,47,0.0027917571249417962,0.0031270765583030877,/home/minss/fl/DXFL/logs/lambda/adaptive/logs_js_granularity_temperature_canonical_no_feature/beta_0.1/seed0/js_client/cifar100_beta_0.1_js_client_tkd1p00_canonical_nofeat_seed0_r500.pkl
CIFAR-100,beta_0.1,48,0.0026826947927474976,0.0033481574229275186,/home/minss/fl/DXFL/logs/lambda/adaptive/logs_js_granularity_temperature_canonical_no_feature/beta_0.1/seed0/js_client/cifar100_beta_0.1_js_client_tkd1p00_canonical_nofeat_seed0_r500.pkl
CIFAR-100,beta_0.1,49,0.0031885077129118144,0.003526853076958408,/home/minss/fl/DXFL/logs/lambda/adaptive/logs_js_granularity_temperature_canonical_no_feature/beta_0.1/seed0/js_client/cifar100_beta_0.1_js_client_tkd1p00_canonical_nofeat_seed0_r500.pkl
CIFAR-100,beta_0.1,50,0.0037023421144112946,0.003617285262638082,/home/minss/fl/DXFL/logs/lambda/adaptive/logs_js_granularity_temperature_canonical_no_feature/beta_0.1/seed0/js_client/cifar100_beta_0.1_js_client_tkd1p00_canonical_nofeat_seed0_r500.pkl
CIFAR-100,beta_0.1,51,0.006542056263424456,0.0038472152004639304,/home/minss/fl/DXFL/logs/lambda/adaptive/logs_js_granularity_temperature_canonical_no_feature/beta_0.1/seed0/js_client/cifar100_beta_0.1_js_client_tkd1p00_canonical_nofeat_seed0_r500.pkl
CIFAR-100,beta_0.1,52,0.0030381635879166424,0.004165944281655053,/home/minss/fl/DXFL/logs/lambda/adaptive/logs_js_granularity_temperature_canonical_no_feature/beta_0.1/seed0/js_client/cifar100_beta_0.1_js_client_tkd1p00_canonical_nofeat_seed0_r500.pkl
CIFAR-100,beta_0.1,53,0.003996724006719887,0.004379401005183657,/home/minss/fl/DXFL/logs/lambda/adaptive/logs_js_granularity_temperature_canonical_no_feature/beta_0.1/seed0/js_client/cifar100_beta_0.1_js_client_tkd1p00_canonical_nofeat_seed0_r500.pkl
CIFAR-100,beta_0.1,54,0.004416333441622555,0.0047273070698914425,/home/minss/fl/DXFL/logs/lambda/adaptive/logs_js_granularity_temperature_canonical_no_feature/beta_0.1/seed0/js_client/cifar100_beta_0.1_js_client_tkd1p00_canonical_nofeat_seed0_r500.pkl
CIFAR-100,beta_0.1,55,0.005384630686603486,0.005012263477159043,/home/minss/fl/DXFL/logs/lambda/adaptive/logs_js_granularity_temperature_canonical_no_feature/beta_0.1/seed0/js_client/cifar100_beta_0.1_js_client_tkd1p00_canonical_nofeat_seed0_r500.pkl
CIFAR-100,beta_0.1,56,0.004417354660108686,0.005338900842082998,/home/minss/fl/DXFL/logs/lambda/adaptive/logs_js_granularity_temperature_canonical_no_feature/beta_0.1/seed0/js_client/cifar100_beta_0.1_js_client_tkd1p00_canonical_nofeat_seed0_r500.pkl
CIFAR-100,beta_0.1,57,0.0035092898411676287,0.005711020491241167,/home/minss/fl/DXFL/logs/lambda/adaptive/logs_js_granularity_temperature_canonical_no_feature/beta_0.1/seed0/js_client/cifar100_beta_0.1_js_client_tkd1p00_canonical_nofeat_seed0_r500.pkl
CIFAR-100,beta_0.1,58,0.0057780285831540825,0.005924004919361322,/home/minss/fl/DXFL/logs/lambda/adaptive/logs_js_granularity_temperature_canonical_no_feature/beta_0.1/seed0/js_client/cifar100_beta_0.1_js_client_tkd1p00_canonical_nofeat_seed0_r500.pkl
CIFAR-100,beta_0.1,59,0.006896132370457053,0.00618939167742307,/home/minss/fl/DXFL/logs/lambda/adaptive/logs_js_granularity_temperature_canonical_no_feature/beta_0.1/seed0/js_client/cifar100_beta_0.1_js_client_tkd1p00_canonical_nofeat_seed0_r500.pkl
CIFAR-100,beta_0.1,60,0.006249509379267692,0.006801895230698089,/home/minss/fl/DXFL/logs/lambda/adaptive/logs_js_granularity_temperature_canonical_no_feature/beta_0.1/seed0/js_client/cifar100_beta_0.1_js_client_tkd1p00_canonical_nofeat_seed0_r500.pkl
CIFAR-100,beta_0.1,61,0.00831608148291707,0.007126926857357224,/home/minss/fl/DXFL/logs/lambda/adaptive/logs_js_granularity_temperature_canonical_no_feature/beta_0.1/seed0/js_client/cifar100_beta_0.1_js_client_tkd1p00_canonical_nofeat_seed0_r500.pkl
CIFAR-100,beta_0.1,62,0.007066103233955801,0.007630799637796978,/home/minss/fl/DXFL/logs/lambda/adaptive/logs_js_granularity_temperature_canonical_no_feature/beta_0.1/seed0/js_client/cifar100_beta_0.1_js_client_tkd1p00_canonical_nofeat_seed0_r500.pkl
CIFAR-100,beta_0.1,63,0.007582255266606807,0.007942268072317044,/home/minss/fl/DXFL/logs/lambda/adaptive/logs_js_granularity_temperature_canonical_no_feature/beta_0.1/seed0/js_client/cifar100_beta_0.1_js_client_tkd1p00_canonical_nofeat_seed0_r500.pkl
CIFAR-100,beta_0.1,64,0.008770302450284363,0.008251741714775563,/home/minss/fl/DXFL/logs/lambda/adaptive/logs_js_granularity_temperature_canonical_no_feature/beta_0.1/seed0/js_client/cifar100_beta_0.1_js_client_tkd1p00_canonical_nofeat_seed0_r500.pkl
CIFAR-100,beta_0.1,65,0.006897108536213637,0.008553843540139498,/home/minss/fl/DXFL/logs/lambda/adaptive/logs_js_granularity_temperature_canonical_no_feature/beta_0.1/seed0/js_client/cifar100_beta_0.1_js_client_tkd1p00_canonical_nofeat_seed0_r500.pkl
CIFAR-100,beta_0.1,66,0.010522857634350657,0.008901918159487349,/home/minss/fl/DXFL/logs/lambda/adaptive/logs_js_granularity_temperature_canonical_no_feature/beta_0.1/seed0/js_client/cifar100_beta_0.1_js_client_tkd1p00_canonical_nofeat_seed0_r500.pkl
CIFAR-100,beta_0.1,67,0.012225716887041927,0.00904899245283256,/home/minss/fl/DXFL/logs/lambda/adaptive/logs_js_granularity_temperature_canonical_no_feature/beta_0.1/seed0/js_client/cifar100_beta_0.1_js_client_tkd1p00_canonical_nofeat_seed0_r500.pkl
CIFAR-100,beta_0.1,68,0.008872198406606913,0.009158102480384211,/home/minss/fl/DXFL/logs/lambda/adaptive/logs_js_granularity_temperature_canonical_no_feature/beta_0.1/seed0/js_client/cifar100_beta_0.1_js_client_tkd1p00_canonical_nofeat_seed0_r500.pkl
CIFAR-100,beta_0.1,69,0.01197442514821887,0.00941544711124152,/home/minss/fl/DXFL/logs/lambda/adaptive/logs_js_granularity_temperature_canonical_no_feature/beta_0.1/seed0/js_client/cifar100_beta_0.1_js_client_tkd1p00_canonical_nofeat_seed0_r500.pkl
CIFAR-100,beta_0.1,70,0.010056657204404473,0.009853790886700152,/home/minss/fl/DXFL/logs/lambda/adaptive/logs_js_granularity_temperature_canonical_no_feature/beta_0.1/seed0/js_client/cifar100_beta_0.1_js_client_tkd1p00_canonical_nofeat_seed0_r500.pkl
CIFAR-100,beta_0.1,71,0.00905945929698646,0.010174462726960579,/home/minss/fl/DXFL/logs/lambda/adaptive/logs_js_granularity_temperature_canonical_no_feature/beta_0.1/seed0/js_client/cifar100_beta_0.1_js_client_tkd1p00_canonical_nofeat_seed0_r500.pkl
CIFAR-100,beta_0.1,72,0.00804081722162664,0.010465715570996202,/home/minss/fl/DXFL/logs/lambda/adaptive/logs_js_granularity_temperature_canonical_no_feature/beta_0.1/seed0/js_client/cifar100_beta_0.1_js_client_tkd1p00_canonical_nofeat_seed0_r500.pkl
CIFAR-100,beta_0.1,73,0.01099914787337184,0.011009187779078878,/home/minss/fl/DXFL/logs/lambda/adaptive/logs_js_granularity_temperature_canonical_no_feature/beta_0.1/seed0/js_client/cifar100_beta_0.1_js_client_tkd1p00_canonical_nofeat_seed0_r500.pkl
CIFAR-100,beta_0.1,74,0.009102246770635248,0.011336019998416304,/home/minss/fl/DXFL/logs/lambda/adaptive/logs_js_granularity_temperature_canonical_no_feature/beta_0.1/seed0/js_client/cifar100_beta_0.1_js_client_tkd1p00_canonical_nofeat_seed0_r500.pkl
CIFAR-100,beta_0.1,75,0.007886159792542457,0.011498037340740362,/home/minss/fl/DXFL/logs/lambda/adaptive/logs_js_granularity_temperature_canonical_no_feature/beta_0.1/seed0/js_client/cifar100_beta_0.1_js_client_tkd1p00_canonical_nofeat_seed0_r500.pkl
CIFAR-100,beta_0.1,76,0.012176250945776701,0.01159280886563162,/home/minss/fl/DXFL/logs/lambda/adaptive/logs_js_granularity_temperature_canonical_no_feature/beta_0.1/seed0/js_client/cifar100_beta_0.1_js_client_tkd1p00_canonical_nofeat_seed0_r500.pkl
CIFAR-100,beta_0.1,77,0.013641259865835309,0.011873709214851261,/home/minss/fl/DXFL/logs/lambda/adaptive/logs_js_granularity_temperature_canonical_no_feature/beta_0.1/seed0/js_client/cifar100_beta_0.1_js_client_tkd1p00_canonical_nofeat_seed0_r500.pkl
CIFAR-100,beta_0.1,78,0.0123923328705132,0.012418380429347354,/home/minss/fl/DXFL/logs/lambda/adaptive/logs_js_granularity_temperature_canonical_no_feature/beta_0.1/seed0/js_client/cifar100_beta_0.1_js_client_tkd1p00_canonical_nofeat_seed0_r500.pkl
CIFAR-100,beta_0.1,79,0.013139095110818743,0.012694000769406556,/home/minss/fl/DXFL/logs/lambda/adaptive/logs_js_granularity_temperature_canonical_no_feature/beta_0.1/seed0/js_client/cifar100_beta_0.1_js_client_tkd1p00_canonical_nofeat_seed0_r500.pkl
CIFAR-100,beta_0.1,80,0.015049191657453775,0.013445605843638379,/home/minss/fl/DXFL/logs/lambda/adaptive/logs_js_granularity_temperature_canonical_no_feature/beta_0.1/seed0/js_client/cifar100_beta_0.1_js_client_tkd1p00_canonical_nofeat_seed0_r500.pkl
CIFAR-100,beta_0.1,81,0.015425340924412011,0.013669332579399146,/home/minss/fl/DXFL/logs/lambda/adaptive/logs_js_granularity_temperature_canonical_no_feature/beta_0.1/seed0/js_client/cifar100_beta_0.1_js_client_tkd1p00_canonical_nofeat_seed0_r500.pkl
CIFAR-100,beta_0.1,82,0.0146559770219028,0.014345759358257052,/home/minss/fl/DXFL/logs/lambda/adaptive/logs_js_granularity_temperature_canonical_no_feature/beta_0.1/seed0/js_client/cifar100_beta_0.1_js_client_tkd1p00_canonical_nofeat_seed0_r500.pkl
CIFAR-100,beta_0.1,83,0.010293771279975772,0.015480381815383828,/home/minss/fl/DXFL/logs/lambda/adaptive/logs_js_granularity_temperature_canonical_no_feature/beta_0.1/seed0/js_client/cifar100_beta_0.1_js_client_tkd1p00_canonical_nofeat_seed0_r500.pkl
CIFAR-100,beta_0.1,84,0.01618793038651347,0.016256355475634334,/home/minss/fl/DXFL/logs/lambda/adaptive/logs_js_granularity_temperature_canonical_no_feature/beta_0.1/seed0/js_client/cifar100_beta_0.1_js_client_tkd1p00_canonical_nofeat_seed0_r500.pkl
CIFAR-100,beta_0.1,85,0.01822672542184591,0.01683812701143324,/home/minss/fl/DXFL/logs/lambda/adaptive/logs_js_granularity_temperature_canonical_no_feature/beta_0.1/seed0/js_client/cifar100_beta_0.1_js_client_tkd1p00_canonical_nofeat_seed0_r500.pkl
CIFAR-100,beta_0.1,86,0.013193764397874475,0.017458961969241498,/home/minss/fl/DXFL/logs/lambda/adaptive/logs_js_granularity_temperature_canonical_no_feature/beta_0.1/seed0/js_client/cifar100_beta_0.1_js_client_tkd1p00_canonical_nofeat_seed0_r500.pkl
CIFAR-100,beta_0.1,87,0.01931489333510399,0.018152007653067508,/home/minss/fl/DXFL/logs/lambda/adaptive/logs_js_granularity_temperature_canonical_no_feature/beta_0.1/seed0/js_client/cifar100_beta_0.1_js_client_tkd1p00_canonical_nofeat_seed0_r500.pkl
CIFAR-100,beta_0.1,88,0.014355048909783364,0.01828494879727562,/home/minss/fl/DXFL/logs/lambda/adaptive/logs_js_granularity_temperature_canonical_no_feature/beta_0.1/seed0/js_client/cifar100_beta_0.1_js_client_tkd1p00_canonical_nofeat_seed0_r500.pkl
CIFAR-100,beta_0.1,89,0.019248648453503846,0.01836216984316706,/home/minss/fl/DXFL/logs/lambda/adaptive/logs_js_granularity_temperature_canonical_no_feature/beta_0.1/seed0/js_client/cifar100_beta_0.1_js_client_tkd1p00_canonical_nofeat_seed0_r500.pkl
CIFAR-100,beta_0.1,90,0.024905496649444102,0.018852219755450882,/home/minss/fl/DXFL/logs/lambda/adaptive/logs_js_granularity_temperature_canonical_no_feature/beta_0.1/seed0/js_client/cifar100_beta_0.1_js_client_tkd1p00_canonical_nofeat_seed0_r500.pkl
CIFAR-100,beta_0.1,91,0.023815855849534273,0.01953564641065895,/home/minss/fl/DXFL/logs/lambda/adaptive/logs_js_granularity_temperature_canonical_no_feature/beta_0.1/seed0/js_client/cifar100_beta_0.1_js_client_tkd1p00_canonical_nofeat_seed0_r500.pkl
CIFAR-100,beta_0.1,92,0.022367832902818918,0.02017093473114073,/home/minss/fl/DXFL/logs/lambda/adaptive/logs_js_granularity_temperature_canonical_no_feature/beta_0.1/seed0/js_client/cifar100_beta_0.1_js_client_tkd1p00_canonical_nofeat_seed0_r500.pkl
CIFAR-100,beta_0.1,93,0.021704857237637043,0.020527399471029634,/home/minss/fl/DXFL/logs/lambda/adaptive/logs_js_granularity_temperature_canonical_no_feature/beta_0.1/seed0/js_client/cifar100_beta_0.1_js_client_tkd1p00_canonical_nofeat_seed0_r500.pkl
CIFAR-100,beta_0.1,94,0.023534780368208885,0.020692907578001418,/home/minss/fl/DXFL/logs/lambda/adaptive/logs_js_granularity_temperature_canonical_no_feature/beta_0.1/seed0/js_client/cifar100_beta_0.1_js_client_tkd1p00_canonical_nofeat_seed0_r500.pkl
CIFAR-100,beta_0.1,95,0.017043308820575476,0.02113657432918747,/home/minss/fl/DXFL/logs/lambda/adaptive/logs_js_granularity_temperature_canonical_no_feature/beta_0.1/seed0/js_client/cifar100_beta_0.1_js_client_tkd1p00_canonical_nofeat_seed0_r500.pkl
CIFAR-100,beta_0.1,96,0.01658365661278367,0.022040075746675332,/home/minss/fl/DXFL/logs/lambda/adaptive/logs_js_granularity_temperature_canonical_no_feature/beta_0.1/seed0/js_client/cifar100_beta_0.1_js_client_tkd1p00_canonical_nofeat_seed0_r500.pkl
CIFAR-100,beta_0.1,97,0.02200672570616007,0.022154961526393895,/home/minss/fl/DXFL/logs/lambda/adaptive/logs_js_granularity_temperature_canonical_no_feature/beta_0.1/seed0/js_client/cifar100_beta_0.1_js_client_tkd1p00_canonical_nofeat_seed0_r500.pkl
CIFAR-100,beta_0.1,98,0.020545171108096838,0.021914987539251644,/home/minss/fl/DXFL/logs/lambda/adaptive/logs_js_granularity_temperature_canonical_no_feature/beta_0.1/seed0/js_client/cifar100_beta_0.1_js_client_tkd1p00_canonical_nofeat_seed0_r500.pkl
CIFAR-100,beta_0.1,99,0.02571725519374013,0.022085181791335343,/home/minss/fl/DXFL/logs/lambda/adaptive/logs_js_granularity_temperature_canonical_no_feature/beta_0.1/seed0/js_client/cifar100_beta_0.1_js_client_tkd1p00_canonical_nofeat_seed0_r500.pkl
CIFAR-100,beta_0.1,100,0.02357369652017951,0.022265128574023647,/home/minss/fl/DXFL/logs/lambda/adaptive/logs_js_granularity_temperature_canonical_no_feature/beta_0.1/seed0/js_client/cifar100_beta_0.1_js_client_tkd1p00_canonical_nofeat_seed0_r500.pkl
CIFAR-100,beta_0.1,101,0.015676386002451182,0.0223635019424061,/home/minss/fl/DXFL/logs/lambda/adaptive/logs_js_granularity_temperature_canonical_no_feature/beta_0.1/seed0/js_client/cifar100_beta_0.1_js_client_tkd1p00_canonical_nofeat_seed0_r500.pkl
CIFAR-100,beta_0.1,102,0.025969894602894783,0.023694627936929467,/home/minss/fl/DXFL/logs/lambda/adaptive/logs_js_granularity_temperature_canonical_no_feature/beta_0.1/seed0/js_client/cifar100_beta_0.1_js_client_tkd1p00_canonical_nofeat_seed0_r500.pkl
CIFAR-100,beta_0.1,103,0.02790757017210126,0.02478287495672703,/home/minss/fl/DXFL/logs/lambda/adaptive/logs_js_granularity_temperature_canonical_no_feature/beta_0.1/seed0/js_client/cifar100_beta_0.1_js_client_tkd1p00_canonical_nofeat_seed0_r500.pkl
CIFAR-100,beta_0.1,104,0.020971935149282216,0.025555800205717485,/home/minss/fl/DXFL/logs/lambda/adaptive/logs_js_granularity_temperature_canonical_no_feature/beta_0.1/seed0/js_client/cifar100_beta_0.1_js_client_tkd1p00_canonical_nofeat_seed0_r500.pkl
CIFAR-100,beta_0.1,105,0.02130588684231043,0.025848555856694776,/home/minss/fl/DXFL/logs/lambda/adaptive/logs_js_granularity_temperature_canonical_no_feature/beta_0.1/seed0/js_client/cifar100_beta_0.1_js_client_tkd1p00_canonical_nofeat_seed0_r500.pkl
CIFAR-100,beta_0.1,106,0.026368769630789757,0.026853098471959432,/home/minss/fl/DXFL/logs/lambda/adaptive/logs_js_granularity_temperature_canonical_no_feature/beta_0.1/seed0/js_client/cifar100_beta_0.1_js_client_tkd1p00_canonical_nofeat_seed0_r500.pkl
CIFAR-100,beta_0.1,107,0.025067034643143415,0.02674156231805682,/home/minss/fl/DXFL/logs/lambda/adaptive/logs_js_granularity_temperature_canonical_no_feature/beta_0.1/seed0/js_client/cifar100_beta_0.1_js_client_tkd1p00_canonical_nofeat_seed0_r500.pkl
CIFAR-100,beta_0.1,108,0.023180457763373852,0.02771123806635539,/home/minss/fl/DXFL/logs/lambda/adaptive/logs_js_granularity_temperature_canonical_no_feature/beta_0.1/seed0/js_client/cifar100_beta_0.1_js_client_tkd1p00_canonical_nofeat_seed0_r500.pkl
CIFAR-100,beta_0.1,109,0.04350167028605938,0.02887730178112785,/home/minss/fl/DXFL/logs/lambda/adaptive/logs_js_granularity_temperature_canonical_no_feature/beta_0.1/seed0/js_client/cifar100_beta_0.1_js_client_tkd1p00_canonical_nofeat_seed0_r500.pkl
CIFAR-100,beta_0.1,110,0.03336701411753893,0.029007155591001116,/home/minss/fl/DXFL/logs/lambda/adaptive/logs_js_granularity_temperature_canonical_no_feature/beta_0.1/seed0/js_client/cifar100_beta_0.1_js_client_tkd1p00_canonical_nofeat_seed0_r500.pkl
CIFAR-100,beta_0.1,111,0.028177535347640514,0.029281142577528955,/home/minss/fl/DXFL/logs/lambda/adaptive/logs_js_granularity_temperature_canonical_no_feature/beta_0.1/seed0/js_client/cifar100_beta_0.1_js_client_tkd1p00_canonical_nofeat_seed0_r500.pkl
CIFAR-100,beta_0.1,112,0.026398060470819475,0.03002853869770964,/home/minss/fl/DXFL/logs/lambda/adaptive/logs_js_granularity_temperature_canonical_no_feature/beta_0.1/seed0/js_client/cifar100_beta_0.1_js_client_tkd1p00_canonical_nofeat_seed0_r500.pkl
CIFAR-100,beta_0.1,113,0.03561331033706665,0.03122021059816082,/home/minss/fl/DXFL/logs/lambda/adaptive/logs_js_granularity_temperature_canonical_no_feature/beta_0.1/seed0/js_client/cifar100_beta_0.1_js_client_tkd1p00_canonical_nofeat_seed0_r500.pkl
CIFAR-100,beta_0.1,114,0.024044212885200977,0.03259315642838676,/home/minss/fl/DXFL/logs/lambda/adaptive/logs_js_granularity_temperature_canonical_no_feature/beta_0.1/seed0/js_client/cifar100_beta_0.1_js_client_tkd1p00_canonical_nofeat_seed0_r500.pkl
CIFAR-100,beta_0.1,115,0.03811883274465799,0.033551145506401855,/home/minss/fl/DXFL/logs/lambda/adaptive/logs_js_granularity_temperature_canonical_no_feature/beta_0.1/seed0/js_client/cifar100_beta_0.1_js_client_tkd1p00_canonical_nofeat_seed0_r500.pkl
CIFAR-100,beta_0.1,116,0.033167341724038124,0.03468433238565922,/home/minss/fl/DXFL/logs/lambda/adaptive/logs_js_granularity_temperature_canonical_no_feature/beta_0.1/seed0/js_client/cifar100_beta_0.1_js_client_tkd1p00_canonical_nofeat_seed0_r500.pkl
CIFAR-100,beta_0.1,117,0.02791770175099373,0.034423291745285196,/home/minss/fl/DXFL/logs/lambda/adaptive/logs_js_granularity_temperature_canonical_no_feature/beta_0.1/seed0/js_client/cifar100_beta_0.1_js_client_tkd1p00_canonical_nofeat_seed0_r500.pkl
CIFAR-100,beta_0.1,118,0.032017374970018865,0.03464377634227275,/home/minss/fl/DXFL/logs/lambda/adaptive/logs_js_granularity_temperature_canonical_no_feature/beta_0.1/seed0/js_client/cifar100_beta_0.1_js_client_tkd1p00_canonical_nofeat_seed0_r500.pkl
CIFAR-100,beta_0.1,119,0.03218287695199251,0.03540976237505675,/home/minss/fl/DXFL/logs/lambda/adaptive/logs_js_granularity_temperature_canonical_no_feature/beta_0.1/seed0/js_client/cifar100_beta_0.1_js_client_tkd1p00_canonical_nofeat_seed0_r500.pkl
CIFAR-100,beta_0.1,120,0.03918096534907818,0.03605166620264451,/home/minss/fl/DXFL/logs/lambda/adaptive/logs_js_granularity_temperature_canonical_no_feature/beta_0.1/seed0/js_client/cifar100_beta_0.1_js_client_tkd1p00_canonical_nofeat_seed0_r500.pkl
CIFAR-100,beta_0.1,121,0.04696295708417893,0.03640393286943436,/home/minss/fl/DXFL/logs/lambda/adaptive/logs_js_granularity_temperature_canonical_no_feature/beta_0.1/seed0/js_client/cifar100_beta_0.1_js_client_tkd1p00_canonical_nofeat_seed0_r500.pkl
CIFAR-100,beta_0.1,122,0.03943687081336975,0.03672644561777512,/home/minss/fl/DXFL/logs/lambda/adaptive/logs_js_granularity_temperature_canonical_no_feature/beta_0.1/seed0/js_client/cifar100_beta_0.1_js_client_tkd1p00_canonical_nofeat_seed0_r500.pkl
CIFAR-100,beta_0.1,123,0.04017826095223427,0.03695937342941761,/home/minss/fl/DXFL/logs/lambda/adaptive/logs_js_granularity_temperature_canonical_no_feature/beta_0.1/seed0/js_client/cifar100_beta_0.1_js_client_tkd1p00_canonical_nofeat_seed0_r500.pkl
CIFAR-100,beta_0.1,124,0.03958606068044901,0.03781348379949729,/home/minss/fl/DXFL/logs/lambda/adaptive/logs_js_granularity_temperature_canonical_no_feature/beta_0.1/seed0/js_client/cifar100_beta_0.1_js_client_tkd1p00_canonical_nofeat_seed0_r500.pkl
CIFAR-100,beta_0.1,125,0.03667428307235241,0.03886529035866261,/home/minss/fl/DXFL/logs/lambda/adaptive/logs_js_granularity_temperature_canonical_no_feature/beta_0.1/seed0/js_client/cifar100_beta_0.1_js_client_tkd1p00_canonical_nofeat_seed0_r500.pkl
CIFAR-100,beta_0.1,126,0.03966732583940029,0.03918737277388573,/home/minss/fl/DXFL/logs/lambda/adaptive/logs_js_granularity_temperature_canonical_no_feature/beta_0.1/seed0/js_client/cifar100_beta_0.1_js_client_tkd1p00_canonical_nofeat_seed0_r500.pkl
CIFAR-100,beta_0.1,127,0.036026617884635924,0.03959143316994111,/home/minss/fl/DXFL/logs/lambda/adaptive/logs_js_granularity_temperature_canonical_no_feature/beta_0.1/seed0/js_client/cifar100_beta_0.1_js_client_tkd1p00_canonical_nofeat_seed0_r500.pkl
CIFAR-100,beta_0.1,128,0.040897310338914396,0.03961976141979298,/home/minss/fl/DXFL/logs/lambda/adaptive/logs_js_granularity_temperature_canonical_no_feature/beta_0.1/seed0/js_client/cifar100_beta_0.1_js_client_tkd1p00_canonical_nofeat_seed0_r500.pkl
CIFAR-100,beta_0.1,129,0.02888190411031246,0.03919242424269519,/home/minss/fl/DXFL/logs/lambda/adaptive/logs_js_granularity_temperature_canonical_no_feature/beta_0.1/seed0/js_client/cifar100_beta_0.1_js_client_tkd1p00_canonical_nofeat_seed0_r500.pkl
CIFAR-100,beta_0.1,130,0.04161274991929531,0.03958052178223928,/home/minss/fl/DXFL/logs/lambda/adaptive/logs_js_granularity_temperature_canonical_no_feature/beta_0.1/seed0/js_client/cifar100_beta_0.1_js_client_tkd1p00_canonical_nofeat_seed0_r500.pkl
CIFAR-100,beta_0.1,131,0.04597899727523327,0.039448952339589595,/home/minss/fl/DXFL/logs/lambda/adaptive/logs_js_granularity_temperature_canonical_no_feature/beta_0.1/seed0/js_client/cifar100_beta_0.1_js_client_tkd1p00_canonical_nofeat_seed0_r500.pkl
CIFAR-100,beta_0.1,132,0.04369480013847351,0.03899015455196301,/home/minss/fl/DXFL/logs/lambda/adaptive/logs_js_granularity_temperature_canonical_no_feature/beta_0.1/seed0/js_client/cifar100_beta_0.1_js_client_tkd1p00_canonical_nofeat_seed0_r500.pkl
CIFAR-100,beta_0.1,133,0.03684861119836569,0.039572505901257195,/home/minss/fl/DXFL/logs/lambda/adaptive/logs_js_granularity_temperature_canonical_no_feature/beta_0.1/seed0/js_client/cifar100_beta_0.1_js_client_tkd1p00_canonical_nofeat_seed0_r500.pkl
CIFAR-100,beta_0.1,134,0.03824378289282322,0.039308947734534735,/home/minss/fl/DXFL/logs/lambda/adaptive/logs_js_granularity_temperature_canonical_no_feature/beta_0.1/seed0/js_client/cifar100_beta_0.1_js_client_tkd1p00_canonical_nofeat_seed0_r500.pkl
CIFAR-100,beta_0.1,135,0.03960588909685612,0.03973067224025726,/home/minss/fl/DXFL/logs/lambda/adaptive/logs_js_granularity_temperature_canonical_no_feature/beta_0.1/seed0/js_client/cifar100_beta_0.1_js_client_tkd1p00_canonical_nofeat_seed0_r500.pkl
CIFAR-100,beta_0.1,136,0.040552899427711966,0.04002023950219154,/home/minss/fl/DXFL/logs/lambda/adaptive/logs_js_granularity_temperature_canonical_no_feature/beta_0.1/seed0/js_client/cifar100_beta_0.1_js_client_tkd1p00_canonical_nofeat_seed0_r500.pkl
CIFAR-100,beta_0.1,137,0.045258333906531334,0.040836459435522554,/home/minss/fl/DXFL/logs/lambda/adaptive/logs_js_granularity_temperature_canonical_no_feature/beta_0.1/seed0/js_client/cifar100_beta_0.1_js_client_tkd1p00_canonical_nofeat_seed0_r500.pkl
CIFAR-100,beta_0.1,138,0.03820471931248903,0.04036178453514973,/home/minss/fl/DXFL/logs/lambda/adaptive/logs_js_granularity_temperature_canonical_no_feature/beta_0.1/seed0/js_client/cifar100_beta_0.1_js_client_tkd1p00_canonical_nofeat_seed0_r500.pkl
CIFAR-100,beta_0.1,139,0.03270409386605024,0.04111594375222921,/home/minss/fl/DXFL/logs/lambda/adaptive/logs_js_granularity_temperature_canonical_no_feature/beta_0.1/seed0/js_client/cifar100_beta_0.1_js_client_tkd1p00_canonical_nofeat_seed0_r500.pkl
CIFAR-100,beta_0.1,140,0.045409553311765195,0.04132466162244479,/home/minss/fl/DXFL/logs/lambda/adaptive/logs_js_granularity_temperature_canonical_no_feature/beta_0.1/seed0/js_client/cifar100_beta_0.1_js_client_tkd1p00_canonical_nofeat_seed0_r500.pkl
CIFAR-100,beta_0.1,141,0.03571395333856344,0.042005549756189184,/home/minss/fl/DXFL/logs/lambda/adaptive/logs_js_granularity_temperature_canonical_no_feature/beta_0.1/seed0/js_client/cifar100_beta_0.1_js_client_tkd1p00_canonical_nofeat_seed0_r500.pkl
CIFAR-100,beta_0.1,142,0.042352485470473766,0.042384933270514014,/home/minss/fl/DXFL/logs/lambda/adaptive/logs_js_granularity_temperature_canonical_no_feature/beta_0.1/seed0/js_client/cifar100_beta_0.1_js_client_tkd1p00_canonical_nofeat_seed0_r500.pkl
CIFAR-100,beta_0.1,143,0.0452408192679286,0.0425811379775405,/home/minss/fl/DXFL/logs/lambda/adaptive/logs_js_granularity_temperature_canonical_no_feature/beta_0.1/seed0/js_client/cifar100_beta_0.1_js_client_tkd1p00_canonical_nofeat_seed0_r500.pkl
CIFAR-100,beta_0.1,144,0.041125203110277654,0.04355397599438826,/home/minss/fl/DXFL/logs/lambda/adaptive/logs_js_granularity_temperature_canonical_no_feature/beta_0.1/seed0/js_client/cifar100_beta_0.1_js_client_tkd1p00_canonical_nofeat_seed0_r500.pkl
CIFAR-100,beta_0.1,145,0.034492626413702966,0.044846161728103955,/home/minss/fl/DXFL/logs/lambda/adaptive/logs_js_granularity_temperature_canonical_no_feature/beta_0.1/seed0/js_client/cifar100_beta_0.1_js_client_tkd1p00_canonical_nofeat_seed0_r500.pkl
CIFAR-100,beta_0.1,146,0.05729138553142547,0.045597647863129774,/home/minss/fl/DXFL/logs/lambda/adaptive/logs_js_granularity_temperature_canonical_no_feature/beta_0.1/seed0/js_client/cifar100_beta_0.1_js_client_tkd1p00_canonical_nofeat_seed0_r500.pkl
CIFAR-100,beta_0.1,147,0.046825568191707134,0.04714541661242644,/home/minss/fl/DXFL/logs/lambda/adaptive/logs_js_granularity_temperature_canonical_no_feature/beta_0.1/seed0/js_client/cifar100_beta_0.1_js_client_tkd1p00_canonical_nofeat_seed0_r500.pkl
CIFAR-100,beta_0.1,148,0.04706193320453167,0.04749179405470689,/home/minss/fl/DXFL/logs/lambda/adaptive/logs_js_granularity_temperature_canonical_no_feature/beta_0.1/seed0/js_client/cifar100_beta_0.1_js_client_tkd1p00_canonical_nofeat_seed0_r500.pkl
CIFAR-100,beta_0.1,149,0.04393453560769558,0.04966097696373859,/home/minss/fl/DXFL/logs/lambda/adaptive/logs_js_granularity_temperature_canonical_no_feature/beta_0.1/seed0/js_client/cifar100_beta_0.1_js_client_tkd1p00_canonical_nofeat_seed0_r500.pkl
CIFAR-100,beta_0.1,150,0.04254895970225334,0.05086265529195467,/home/minss/fl/DXFL/logs/lambda/adaptive/logs_js_granularity_temperature_canonical_no_feature/beta_0.1/seed0/js_client/cifar100_beta_0.1_js_client_tkd1p00_canonical_nofeat_seed0_r500.pkl
CIFAR-100,beta_0.1,151,0.05514546968042851,0.051162690930068484,/home/minss/fl/DXFL/logs/lambda/adaptive/logs_js_granularity_temperature_canonical_no_feature/beta_0.1/seed0/js_client/cifar100_beta_0.1_js_client_tkd1p00_canonical_nofeat_seed0_r500.pkl
CIFAR-100,beta_0.1,152,0.06464111991226673,0.052247815554340674,/home/minss/fl/DXFL/logs/lambda/adaptive/logs_js_granularity_temperature_canonical_no_feature/beta_0.1/seed0/js_client/cifar100_beta_0.1_js_client_tkd1p00_canonical_nofeat_seed0_r500.pkl
CIFAR-100,beta_0.1,153,0.04947701133787632,0.05369760396579901,/home/minss/fl/DXFL/logs/lambda/adaptive/logs_js_granularity_temperature_canonical_no_feature/beta_0.1/seed0/js_client/cifar100_beta_0.1_js_client_tkd1p00_canonical_nofeat_seed0_r500.pkl
CIFAR-100,beta_0.1,154,0.05592062510550022,0.052867731799681975,/home/minss/fl/DXFL/logs/lambda/adaptive/logs_js_granularity_temperature_canonical_no_feature/beta_0.1/seed0/js_client/cifar100_beta_0.1_js_client_tkd1p00_canonical_nofeat_seed0_r500.pkl
CIFAR-100,beta_0.1,155,0.05060521494597196,0.052613402307033534,/home/minss/fl/DXFL/logs/lambda/adaptive/logs_js_granularity_temperature_canonical_no_feature/beta_0.1/seed0/js_client/cifar100_beta_0.1_js_client_tkd1p00_canonical_nofeat_seed0_r500.pkl
CIFAR-100,beta_0.1,156,0.06825169697403907,0.053090467651685076,/home/minss/fl/DXFL/logs/lambda/adaptive/logs_js_granularity_temperature_canonical_no_feature/beta_0.1/seed0/js_client/cifar100_beta_0.1_js_client_tkd1p00_canonical_nofeat_seed0_r500.pkl
CIFAR-100,beta_0.1,157,0.06037766039371491,0.05475741870701313,/home/minss/fl/DXFL/logs/lambda/adaptive/logs_js_granularity_temperature_canonical_no_feature/beta_0.1/seed0/js_client/cifar100_beta_0.1_js_client_tkd1p00_canonical_nofeat_seed0_r500.pkl
CIFAR-100,beta_0.1,158,0.04974135383963585,0.05553181787331899,/home/minss/fl/DXFL/logs/lambda/adaptive/logs_js_granularity_temperature_canonical_no_feature/beta_0.1/seed0/js_client/cifar100_beta_0.1_js_client_tkd1p00_canonical_nofeat_seed0_r500.pkl
CIFAR-100,beta_0.1,159,0.057402072474360466,0.05503390920658906,/home/minss/fl/DXFL/logs/lambda/adaptive/logs_js_granularity_temperature_canonical_no_feature/beta_0.1/seed0/js_client/cifar100_beta_0.1_js_client_tkd1p00_canonical_nofeat_seed0_r500.pkl
CIFAR-100,beta_0.1,160,0.05623945258557796,0.05364726564536492,/home/minss/fl/DXFL/logs/lambda/adaptive/logs_js_granularity_temperature_canonical_no_feature/beta_0.1/seed0/js_client/cifar100_beta_0.1_js_client_tkd1p00_canonical_nofeat_seed0_r500.pkl
CIFAR-100,beta_0.1,161,0.04484330303966999,0.053435800659159816,/home/minss/fl/DXFL/logs/lambda/adaptive/logs_js_granularity_temperature_canonical_no_feature/beta_0.1/seed0/js_client/cifar100_beta_0.1_js_client_tkd1p00_canonical_nofeat_seed0_r500.pkl
CIFAR-100,beta_0.1,162,0.04301062580198049,0.05331373143941163,/home/minss/fl/DXFL/logs/lambda/adaptive/logs_js_granularity_temperature_canonical_no_feature/beta_0.1/seed0/js_client/cifar100_beta_0.1_js_client_tkd1p00_canonical_nofeat_seed0_r500.pkl
CIFAR-100,beta_0.1,163,0.054217913374304774,0.05408840514719486,/home/minss/fl/DXFL/logs/lambda/adaptive/logs_js_granularity_temperature_canonical_no_feature/beta_0.1/seed0/js_client/cifar100_beta_0.1_js_client_tkd1p00_canonical_nofeat_seed0_r500.pkl
CIFAR-100,beta_0.1,164,0.06893880143761635,0.05410818306108316,/home/minss/fl/DXFL/logs/lambda/adaptive/logs_js_granularity_temperature_canonical_no_feature/beta_0.1/seed0/js_client/cifar100_beta_0.1_js_client_tkd1p00_canonical_nofeat_seed0_r500.pkl
CIFAR-100,beta_0.1,165,0.05416494719684124,0.054758422126372656,/home/minss/fl/DXFL/logs/lambda/adaptive/logs_js_granularity_temperature_canonical_no_feature/beta_0.1/seed0/js_client/cifar100_beta_0.1_js_client_tkd1p00_canonical_nofeat_seed0_r500.pkl
CIFAR-100,beta_0.1,166,0.047676839679479596,0.05588512899974982,/home/minss/fl/DXFL/logs/lambda/adaptive/logs_js_granularity_temperature_canonical_no_feature/beta_0.1/seed0/js_client/cifar100_beta_0.1_js_client_tkd1p00_canonical_nofeat_seed0_r500.pkl
CIFAR-100,beta_0.1,167,0.04384146649390459,0.05570162417987983,/home/minss/fl/DXFL/logs/lambda/adaptive/logs_js_granularity_temperature_canonical_no_feature/beta_0.1/seed0/js_client/cifar100_beta_0.1_js_client_tkd1p00_canonical_nofeat_seed0_r500.pkl
CIFAR-100,beta_0.1,168,0.0463050365447998,0.05554839360217254,/home/minss/fl/DXFL/logs/lambda/adaptive/logs_js_granularity_temperature_canonical_no_feature/beta_0.1/seed0/js_client/cifar100_beta_0.1_js_client_tkd1p00_canonical_nofeat_seed0_r500.pkl
CIFAR-100,beta_0.1,169,0.054089586809277536,0.05661454044282437,/home/minss/fl/DXFL/logs/lambda/adaptive/logs_js_granularity_temperature_canonical_no_feature/beta_0.1/seed0/js_client/cifar100_beta_0.1_js_client_tkd1p00_canonical_nofeat_seed0_r500.pkl
CIFAR-100,beta_0.1,170,0.0622253205627203,0.057561587356030945,/home/minss/fl/DXFL/logs/lambda/adaptive/logs_js_granularity_temperature_canonical_no_feature/beta_0.1/seed0/js_client/cifar100_beta_0.1_js_client_tkd1p00_canonical_nofeat_seed0_r500.pkl
CIFAR-100,beta_0.1,171,0.06854836568236351,0.05742795237650474,/home/minss/fl/DXFL/logs/lambda/adaptive/logs_js_granularity_temperature_canonical_no_feature/beta_0.1/seed0/js_client/cifar100_beta_0.1_js_client_tkd1p00_canonical_nofeat_seed0_r500.pkl
CIFAR-100,beta_0.1,172,0.07013124637305737,0.0563430496926109,/home/minss/fl/DXFL/logs/lambda/adaptive/logs_js_granularity_temperature_canonical_no_feature/beta_0.1/seed0/js_client/cifar100_beta_0.1_js_client_tkd1p00_canonical_nofeat_seed0_r500.pkl
CIFAR-100,beta_0.1,173,0.06664195694029332,0.056924027341107526,/home/minss/fl/DXFL/logs/lambda/adaptive/logs_js_granularity_temperature_canonical_no_feature/beta_0.1/seed0/js_client/cifar100_beta_0.1_js_client_tkd1p00_canonical_nofeat_seed0_r500.pkl
CIFAR-100,beta_0.1,174,0.05464950017631054,0.0573730481788516,/home/minss/fl/DXFL/logs/lambda/adaptive/logs_js_granularity_temperature_canonical_no_feature/beta_0.1/seed0/js_client/cifar100_beta_0.1_js_client_tkd1p00_canonical_nofeat_seed0_r500.pkl
CIFAR-100,beta_0.1,175,0.05394099391996861,0.05903598221639792,/home/minss/fl/DXFL/logs/lambda/adaptive/logs_js_granularity_temperature_canonical_no_feature/beta_0.1/seed0/js_client/cifar100_beta_0.1_js_client_tkd1p00_canonical_nofeat_seed0_r500.pkl
CIFAR-100,beta_0.1,176,0.06083550564944744,0.05996886894106865,/home/minss/fl/DXFL/logs/lambda/adaptive/logs_js_granularity_temperature_canonical_no_feature/beta_0.1/seed0/js_client/cifar100_beta_0.1_js_client_tkd1p00_canonical_nofeat_seed0_r500.pkl
CIFAR-100,beta_0.1,177,0.057216329500079155,0.060836580991745,/home/minss/fl/DXFL/logs/lambda/adaptive/logs_js_granularity_temperature_canonical_no_feature/beta_0.1/seed0/js_client/cifar100_beta_0.1_js_client_tkd1p00_canonical_nofeat_seed0_r500.pkl
CIFAR-100,beta_0.1,178,0.052213388681411746,0.06063834009071191,/home/minss/fl/DXFL/logs/lambda/adaptive/logs_js_granularity_temperature_canonical_no_feature/beta_0.1/seed0/js_client/cifar100_beta_0.1_js_client_tkd1p00_canonical_nofeat_seed0_r500.pkl
CIFAR-100,beta_0.1,179,0.05266526117920876,0.06053021875520547,/home/minss/fl/DXFL/logs/lambda/adaptive/logs_js_granularity_temperature_canonical_no_feature/beta_0.1/seed0/js_client/cifar100_beta_0.1_js_client_tkd1p00_canonical_nofeat_seed0_r500.pkl
CIFAR-100,beta_0.1,180,0.06287961192429066,0.05927141574521859,/home/minss/fl/DXFL/logs/lambda/adaptive/logs_js_granularity_temperature_canonical_no_feature/beta_0.1/seed0/js_client/cifar100_beta_0.1_js_client_tkd1p00_canonical_nofeat_seed0_r500.pkl
CIFAR-100,beta_0.1,181,0.054412152245640756,0.058028934225440025,/home/minss/fl/DXFL/logs/lambda/adaptive/logs_js_granularity_temperature_canonical_no_feature/beta_0.1/seed0/js_client/cifar100_beta_0.1_js_client_tkd1p00_canonical_nofeat_seed0_r500.pkl
CIFAR-100,beta_0.1,182,0.06878547705709934,0.05759015589952469,/home/minss/fl/DXFL/logs/lambda/adaptive/logs_js_granularity_temperature_canonical_no_feature/beta_0.1/seed0/js_client/cifar100_beta_0.1_js_client_tkd1p00_canonical_nofeat_seed0_r500.pkl
CIFAR-100,beta_0.1,183,0.06029833741486072,0.05744972484807174,/home/minss/fl/DXFL/logs/lambda/adaptive/logs_js_granularity_temperature_canonical_no_feature/beta_0.1/seed0/js_client/cifar100_beta_0.1_js_client_tkd1p00_canonical_nofeat_seed0_r500.pkl
CIFAR-100,beta_0.1,184,0.06710526756942273,0.05757186693449815,/home/minss/fl/DXFL/logs/lambda/adaptive/logs_js_granularity_temperature_canonical_no_feature/beta_0.1/seed0/js_client/cifar100_beta_0.1_js_client_tkd1p00_canonical_nofeat_seed0_r500.pkl
CIFAR-100,beta_0.1,185,0.059251707047224045,0.05750906966626644,/home/minss/fl/DXFL/logs/lambda/adaptive/logs_js_granularity_temperature_canonical_no_feature/beta_0.1/seed0/js_client/cifar100_beta_0.1_js_client_tkd1p00_canonical_nofeat_seed0_r500.pkl
CIFAR-100,beta_0.1,186,0.06692654564976692,0.058136828641096754,/home/minss/fl/DXFL/logs/lambda/adaptive/logs_js_granularity_temperature_canonical_no_feature/beta_0.1/seed0/js_client/cifar100_beta_0.1_js_client_tkd1p00_canonical_nofeat_seed0_r500.pkl
CIFAR-100,beta_0.1,187,0.0512492012232542,0.059079154829184216,/home/minss/fl/DXFL/logs/lambda/adaptive/logs_js_granularity_temperature_canonical_no_feature/beta_0.1/seed0/js_client/cifar100_beta_0.1_js_client_tkd1p00_canonical_nofeat_seed0_r500.pkl
CIFAR-100,beta_0.1,188,0.048004734143614766,0.059485427215695386,/home/minss/fl/DXFL/logs/lambda/adaptive/logs_js_granularity_temperature_canonical_no_feature/beta_0.1/seed0/js_client/cifar100_beta_0.1_js_client_tkd1p00_canonical_nofeat_seed0_r500.pkl
CIFAR-100,beta_0.1,189,0.04806782528758049,0.061329807316263515,/home/minss/fl/DXFL/logs/lambda/adaptive/logs_js_granularity_temperature_canonical_no_feature/beta_0.1/seed0/js_client/cifar100_beta_0.1_js_client_tkd1p00_canonical_nofeat_seed0_r500.pkl
CIFAR-100,beta_0.1,190,0.05183452814817428,0.061795428146918616,/home/minss/fl/DXFL/logs/lambda/adaptive/logs_js_granularity_temperature_canonical_no_feature/beta_0.1/seed0/js_client/cifar100_beta_0.1_js_client_tkd1p00_canonical_nofeat_seed0_r500.pkl
CIFAR-100,beta_0.1,191,0.0626676369458437,0.06247286876042684,/home/minss/fl/DXFL/logs/lambda/adaptive/logs_js_granularity_temperature_canonical_no_feature/beta_0.1/seed0/js_client/cifar100_beta_0.1_js_client_tkd1p00_canonical_nofeat_seed0_r500.pkl
CIFAR-100,beta_0.1,192,0.05627437047660351,0.06310718399782975,/home/minss/fl/DXFL/logs/lambda/adaptive/logs_js_granularity_temperature_canonical_no_feature/beta_0.1/seed0/js_client/cifar100_beta_0.1_js_client_tkd1p00_canonical_nofeat_seed0_r500.pkl
CIFAR-100,beta_0.1,193,0.06162977330386639,0.06459767781198024,/home/minss/fl/DXFL/logs/lambda/adaptive/logs_js_granularity_temperature_canonical_no_feature/beta_0.1/seed0/js_client/cifar100_beta_0.1_js_client_tkd1p00_canonical_nofeat_seed0_r500.pkl
CIFAR-100,beta_0.1,194,0.06680015400052071,0.06588947584231693,/home/minss/fl/DXFL/logs/lambda/adaptive/logs_js_granularity_temperature_canonical_no_feature/beta_0.1/seed0/js_client/cifar100_beta_0.1_js_client_tkd1p00_canonical_nofeat_seed0_r500.pkl
CIFAR-100,beta_0.1,195,0.06897369772195816,0.06651811843117078,/home/minss/fl/DXFL/logs/lambda/adaptive/logs_js_granularity_temperature_canonical_no_feature/beta_0.1/seed0/js_client/cifar100_beta_0.1_js_client_tkd1p00_canonical_nofeat_seed0_r500.pkl
CIFAR-100,beta_0.1,196,0.0820778537541628,0.0687642798324426,/home/minss/fl/DXFL/logs/lambda/adaptive/logs_js_granularity_temperature_canonical_no_feature/beta_0.1/seed0/js_client/cifar100_beta_0.1_js_client_tkd1p00_canonical_nofeat_seed0_r500.pkl
CIFAR-100,beta_0.1,197,0.07576978951692581,0.07104889343182247,/home/minss/fl/DXFL/logs/lambda/adaptive/logs_js_granularity_temperature_canonical_no_feature/beta_0.1/seed0/js_client/cifar100_beta_0.1_js_client_tkd1p00_canonical_nofeat_seed0_r500.pkl
CIFAR-100,beta_0.1,198,0.07045994661748409,0.07323014464229347,/home/minss/fl/DXFL/logs/lambda/adaptive/logs_js_granularity_temperature_canonical_no_feature/beta_0.1/seed0/js_client/cifar100_beta_0.1_js_client_tkd1p00_canonical_nofeat_seed0_r500.pkl
CIFAR-100,beta_0.1,199,0.07661999613046647,0.07512793748329084,/home/minss/fl/DXFL/logs/lambda/adaptive/logs_js_granularity_temperature_canonical_no_feature/beta_0.1/seed0/js_client/cifar100_beta_0.1_js_client_tkd1p00_canonical_nofeat_seed0_r500.pkl
CIFAR-100,beta_0.1,200,0.08160911425948143,0.0763117777183652,/home/minss/fl/DXFL/logs/lambda/adaptive/logs_js_granularity_temperature_canonical_no_feature/beta_0.1/seed0/js_client/cifar100_beta_0.1_js_client_tkd1p00_canonical_nofeat_seed0_r500.pkl
CIFAR-100,beta_0.1,201,0.08630351610481739,0.07866148716459671,/home/minss/fl/DXFL/logs/lambda/adaptive/logs_js_granularity_temperature_canonical_no_feature/beta_0.1/seed0/js_client/cifar100_beta_0.1_js_client_tkd1p00_canonical_nofeat_seed0_r500.pkl
CIFAR-100,beta_0.1,202,0.06067884005606174,0.07907845056305328,/home/minss/fl/DXFL/logs/lambda/adaptive/logs_js_granularity_temperature_canonical_no_feature/beta_0.1/seed0/js_client/cifar100_beta_0.1_js_client_tkd1p00_canonical_nofeat_seed0_r500.pkl
CIFAR-100,beta_0.1,203,0.08169715516269208,0.07990425160775581,/home/minss/fl/DXFL/logs/lambda/adaptive/logs_js_granularity_temperature_canonical_no_feature/beta_0.1/seed0/js_client/cifar100_beta_0.1_js_client_tkd1p00_canonical_nofeat_seed0_r500.pkl
CIFAR-100,beta_0.1,204,0.08233702927827835,0.07920145319153864,/home/minss/fl/DXFL/logs/lambda/adaptive/logs_js_granularity_temperature_canonical_no_feature/beta_0.1/seed0/js_client/cifar100_beta_0.1_js_client_tkd1p00_canonical_nofeat_seed0_r500.pkl
CIFAR-100,beta_0.1,205,0.0845532963052392,0.08051789334664743,/home/minss/fl/DXFL/logs/lambda/adaptive/logs_js_granularity_temperature_canonical_no_feature/beta_0.1/seed0/js_client/cifar100_beta_0.1_js_client_tkd1p00_canonical_nofeat_seed0_r500.pkl
CIFAR-100,beta_0.1,206,0.09113452956080437,0.08079652020086846,/home/minss/fl/DXFL/logs/lambda/adaptive/logs_js_granularity_temperature_canonical_no_feature/beta_0.1/seed0/js_client/cifar100_beta_0.1_js_client_tkd1p00_canonical_nofeat_seed0_r500.pkl
CIFAR-100,beta_0.1,207,0.07403197400271892,0.08194189619272947,/home/minss/fl/DXFL/logs/lambda/adaptive/logs_js_granularity_temperature_canonical_no_feature/beta_0.1/seed0/js_client/cifar100_beta_0.1_js_client_tkd1p00_canonical_nofeat_seed0_r500.pkl
CIFAR-100,beta_0.1,208,0.09687541499733925,0.08104410758862891,/home/minss/fl/DXFL/logs/lambda/adaptive/logs_js_granularity_temperature_canonical_no_feature/beta_0.1/seed0/js_client/cifar100_beta_0.1_js_client_tkd1p00_canonical_nofeat_seed0_r500.pkl
CIFAR-100,beta_0.1,209,0.0730546049773693,0.08059326831251382,/home/minss/fl/DXFL/logs/lambda/adaptive/logs_js_granularity_temperature_canonical_no_feature/beta_0.1/seed0/js_client/cifar100_beta_0.1_js_client_tkd1p00_canonical_nofeat_seed0_r500.pkl
CIFAR-100,beta_0.1,210,0.0813607133924961,0.08124035024394591,/home/minss/fl/DXFL/logs/lambda/adaptive/logs_js_granularity_temperature_canonical_no_feature/beta_0.1/seed0/js_client/cifar100_beta_0.1_js_client_tkd1p00_canonical_nofeat_seed0_r500.pkl
CIFAR-100,beta_0.1,211,0.07153587751090526,0.08071254532784225,/home/minss/fl/DXFL/logs/lambda/adaptive/logs_js_granularity_temperature_canonical_no_feature/beta_0.1/seed0/js_client/cifar100_beta_0.1_js_client_tkd1p00_canonical_nofeat_seed0_r500.pkl
CIFAR-100,beta_0.1,212,0.09551639184355736,0.0812800495947401,/home/minss/fl/DXFL/logs/lambda/adaptive/logs_js_granularity_temperature_canonical_no_feature/beta_0.1/seed0/js_client/cifar100_beta_0.1_js_client_tkd1p00_canonical_nofeat_seed0_r500.pkl
CIFAR-100,beta_0.1,213,0.07463934943079949,0.0818499500801166,/home/minss/fl/DXFL/logs/lambda/adaptive/logs_js_granularity_temperature_canonical_no_feature/beta_0.1/seed0/js_client/cifar100_beta_0.1_js_client_tkd1p00_canonical_nofeat_seed0_r500.pkl
CIFAR-100,beta_0.1,214,0.09380063600838184,0.08152308074136576,/home/minss/fl/DXFL/logs/lambda/adaptive/logs_js_granularity_temperature_canonical_no_feature/beta_0.1/seed0/js_client/cifar100_beta_0.1_js_client_tkd1p00_canonical_nofeat_seed0_r500.pkl
CIFAR-100,beta_0.1,215,0.06814228519797325,0.0800470228244861,/home/minss/fl/DXFL/logs/lambda/adaptive/logs_js_granularity_temperature_canonical_no_feature/beta_0.1/seed0/js_client/cifar100_beta_0.1_js_client_tkd1p00_canonical_nofeat_seed0_r500.pkl
CIFAR-100,beta_0.1,216,0.0795409269630909,0.07991490078469117,/home/minss/fl/DXFL/logs/lambda/adaptive/logs_js_granularity_temperature_canonical_no_feature/beta_0.1/seed0/js_client/cifar100_beta_0.1_js_client_tkd1p00_canonical_nofeat_seed0_r500.pkl
CIFAR-100,beta_0.1,217,0.07038506902754307,0.08213728847603004,/home/minss/fl/DXFL/logs/lambda/adaptive/logs_js_granularity_temperature_canonical_no_feature/beta_0.1/seed0/js_client/cifar100_beta_0.1_js_client_tkd1p00_canonical_nofeat_seed0_r500.pkl
CIFAR-100,beta_0.1,218,0.07378008142113686,0.08232071506480376,/home/minss/fl/DXFL/logs/lambda/adaptive/logs_js_granularity_temperature_canonical_no_feature/beta_0.1/seed0/js_client/cifar100_beta_0.1_js_client_tkd1p00_canonical_nofeat_seed0_r500.pkl
CIFAR-100,beta_0.1,219,0.09084959328174591,0.08221465518077216,/home/minss/fl/DXFL/logs/lambda/adaptive/logs_js_granularity_temperature_canonical_no_feature/beta_0.1/seed0/js_client/cifar100_beta_0.1_js_client_tkd1p00_canonical_nofeat_seed0_r500.pkl
CIFAR-100,beta_0.1,220,0.09310180358588696,0.08034440743426481,/home/minss/fl/DXFL/logs/lambda/adaptive/logs_js_granularity_temperature_canonical_no_feature/beta_0.1/seed0/js_client/cifar100_beta_0.1_js_client_tkd1p00_canonical_nofeat_seed0_r500.pkl
CIFAR-100,beta_0.1,221,0.08623148947954178,0.07923255262275536,/home/minss/fl/DXFL/logs/lambda/adaptive/logs_js_granularity_temperature_canonical_no_feature/beta_0.1/seed0/js_client/cifar100_beta_0.1_js_client_tkd1p00_canonical_nofeat_seed0_r500.pkl
CIFAR-100,beta_0.1,222,0.051891105249524117,0.07805249715844789,/home/minss/fl/DXFL/logs/lambda/adaptive/logs_js_granularity_temperature_canonical_no_feature/beta_0.1/seed0/js_client/cifar100_beta_0.1_js_client_tkd1p00_canonical_nofeat_seed0_r500.pkl
CIFAR-100,beta_0.1,223,0.09489358440041543,0.07793955437839031,/home/minss/fl/DXFL/logs/lambda/adaptive/logs_js_granularity_temperature_canonical_no_feature/beta_0.1/seed0/js_client/cifar100_beta_0.1_js_client_tkd1p00_canonical_nofeat_seed0_r500.pkl
CIFAR-100,beta_0.1,224,0.10639042034745216,0.07763938238223395,/home/minss/fl/DXFL/logs/lambda/adaptive/logs_js_granularity_temperature_canonical_no_feature/beta_0.1/seed0/js_client/cifar100_beta_0.1_js_client_tkd1p00_canonical_nofeat_seed0_r500.pkl
CIFAR-100,beta_0.1,225,0.08411211222410202,0.07979858386019867,/home/minss/fl/DXFL/logs/lambda/adaptive/logs_js_granularity_temperature_canonical_no_feature/beta_0.1/seed0/js_client/cifar100_beta_0.1_js_client_tkd1p00_canonical_nofeat_seed0_r500.pkl
CIFAR-100,beta_0.1,226,0.06994497925043106,0.08134921754399936,/home/minss/fl/DXFL/logs/lambda/adaptive/logs_js_granularity_temperature_canonical_no_feature/beta_0.1/seed0/js_client/cifar100_beta_0.1_js_client_tkd1p00_canonical_nofeat_seed0_r500.pkl
CIFAR-100,beta_0.1,227,0.06746267564594746,0.08050535360972087,/home/minss/fl/DXFL/logs/lambda/adaptive/logs_js_granularity_temperature_canonical_no_feature/beta_0.1/seed0/js_client/cifar100_beta_0.1_js_client_tkd1p00_canonical_nofeat_seed0_r500.pkl
CIFAR-100,beta_0.1,228,0.05796152725815773,0.08116652635236582,/home/minss/fl/DXFL/logs/lambda/adaptive/logs_js_granularity_temperature_canonical_no_feature/beta_0.1/seed0/js_client/cifar100_beta_0.1_js_client_tkd1p00_canonical_nofeat_seed0_r500.pkl
CIFAR-100,beta_0.1,229,0.07609980404376984,0.08159743142624697,/home/minss/fl/DXFL/logs/lambda/adaptive/logs_js_granularity_temperature_canonical_no_feature/beta_0.1/seed0/js_client/cifar100_beta_0.1_js_client_tkd1p00_canonical_nofeat_seed0_r500.pkl
CIFAR-100,beta_0.1,230,0.06644814349710941,0.08311862915754317,/home/minss/fl/DXFL/logs/lambda/adaptive/logs_js_granularity_temperature_canonical_no_feature/beta_0.1/seed0/js_client/cifar100_beta_0.1_js_client_tkd1p00_canonical_nofeat_seed0_r500.pkl
CIFAR-100,beta_0.1,231,0.07503834702074527,0.08317092813551426,/home/minss/fl/DXFL/logs/lambda/adaptive/logs_js_granularity_temperature_canonical_no_feature/beta_0.1/seed0/js_client/cifar100_beta_0.1_js_client_tkd1p00_canonical_nofeat_seed0_r500.pkl
CIFAR-100,beta_0.1,232,0.10277309119701386,0.0819070174296697,/home/minss/fl/DXFL/logs/lambda/adaptive/logs_js_granularity_temperature_canonical_no_feature/beta_0.1/seed0/js_client/cifar100_beta_0.1_js_client_tkd1p00_canonical_nofeat_seed0_r500.pkl
CIFAR-100,beta_0.1,233,0.09703958667814731,0.08145143774648507,/home/minss/fl/DXFL/logs/lambda/adaptive/logs_js_granularity_temperature_canonical_no_feature/beta_0.1/seed0/js_client/cifar100_beta_0.1_js_client_tkd1p00_canonical_nofeat_seed0_r500.pkl
CIFAR-100,beta_0.1,234,0.07819163426756859,0.0825777754932642,/home/minss/fl/DXFL/logs/lambda/adaptive/logs_js_granularity_temperature_canonical_no_feature/beta_0.1/seed0/js_client/cifar100_beta_0.1_js_client_tkd1p00_canonical_nofeat_seed0_r500.pkl
CIFAR-100,beta_0.1,235,0.10301939472556114,0.08283627664049467,/home/minss/fl/DXFL/logs/lambda/adaptive/logs_js_granularity_temperature_canonical_no_feature/beta_0.1/seed0/js_client/cifar100_beta_0.1_js_client_tkd1p00_canonical_nofeat_seed0_r500.pkl
CIFAR-100,beta_0.1,236,0.09269506558775902,0.08478371349473796,/home/minss/fl/DXFL/logs/lambda/adaptive/logs_js_granularity_temperature_canonical_no_feature/beta_0.1/seed0/js_client/cifar100_beta_0.1_js_client_tkd1p00_canonical_nofeat_seed0_r500.pkl
CIFAR-100,beta_0.1,237,0.07470907121896744,0.08491401880979539,/home/minss/fl/DXFL/logs/lambda/adaptive/logs_js_granularity_temperature_canonical_no_feature/beta_0.1/seed0/js_client/cifar100_beta_0.1_js_client_tkd1p00_canonical_nofeat_seed0_r500.pkl
CIFAR-100,beta_0.1,238,0.09567806906998158,0.08727862810095152,/home/minss/fl/DXFL/logs/lambda/adaptive/logs_js_granularity_temperature_canonical_no_feature/beta_0.1/seed0/js_client/cifar100_beta_0.1_js_client_tkd1p00_canonical_nofeat_seed0_r500.pkl
CIFAR-100,beta_0.1,239,0.08743175975978375,0.0876371381431818,/home/minss/fl/DXFL/logs/lambda/adaptive/logs_js_granularity_temperature_canonical_no_feature/beta_0.1/seed0/js_client/cifar100_beta_0.1_js_client_tkd1p00_canonical_nofeat_seed0_r500.pkl
CIFAR-100,beta_0.1,240,0.07727841697633267,0.08603014163672924,/home/minss/fl/DXFL/logs/lambda/adaptive/logs_js_granularity_temperature_canonical_no_feature/beta_0.1/seed0/js_client/cifar100_beta_0.1_js_client_tkd1p00_canonical_nofeat_seed0_r500.pkl
CIFAR-100,beta_0.1,241,0.08684004545211792,0.08509594154854616,/home/minss/fl/DXFL/logs/lambda/adaptive/logs_js_granularity_temperature_canonical_no_feature/beta_0.1/seed0/js_client/cifar100_beta_0.1_js_client_tkd1p00_canonical_nofeat_seed0_r500.pkl
CIFAR-100,beta_0.1,242,0.07134019285440445,0.08515805860360463,/home/minss/fl/DXFL/logs/lambda/adaptive/logs_js_granularity_temperature_canonical_no_feature/beta_0.1/seed0/js_client/cifar100_beta_0.1_js_client_tkd1p00_canonical_nofeat_seed0_r500.pkl
CIFAR-100,beta_0.1,243,0.08717308007180691,0.08514747180044652,/home/minss/fl/DXFL/logs/lambda/adaptive/logs_js_granularity_temperature_canonical_no_feature/beta_0.1/seed0/js_client/cifar100_beta_0.1_js_client_tkd1p00_canonical_nofeat_seed0_r500.pkl
CIFAR-100,beta_0.1,244,0.07805438376963139,0.08514179927607378,/home/minss/fl/DXFL/logs/lambda/adaptive/logs_js_granularity_temperature_canonical_no_feature/beta_0.1/seed0/js_client/cifar100_beta_0.1_js_client_tkd1p00_canonical_nofeat_seed0_r500.pkl
CIFAR-100,beta_0.1,245,0.10191728286445141,0.0869788740326961,/home/minss/fl/DXFL/logs/lambda/adaptive/logs_js_granularity_temperature_canonical_no_feature/beta_0.1/seed0/js_client/cifar100_beta_0.1_js_client_tkd1p00_canonical_nofeat_seed0_r500.pkl
CIFAR-100,beta_0.1,246,0.0804159976541996,0.08698647310336431,/home/minss/fl/DXFL/logs/lambda/adaptive/logs_js_granularity_temperature_canonical_no_feature/beta_0.1/seed0/js_client/cifar100_beta_0.1_js_client_tkd1p00_canonical_nofeat_seed0_r500.pkl
CIFAR-100,beta_0.1,247,0.07866814360022545,0.08786857552826405,/home/minss/fl/DXFL/logs/lambda/adaptive/logs_js_granularity_temperature_canonical_no_feature/beta_0.1/seed0/js_client/cifar100_beta_0.1_js_client_tkd1p00_canonical_nofeat_seed0_r500.pkl
CIFAR-100,beta_0.1,248,0.08302658535540104,0.08834591336548328,/home/minss/fl/DXFL/logs/lambda/adaptive/logs_js_granularity_temperature_canonical_no_feature/beta_0.1/seed0/js_client/cifar100_beta_0.1_js_client_tkd1p00_canonical_nofeat_seed0_r500.pkl
CIFAR-100,beta_0.1,249,0.07912339009344578,0.08947022765874862,/home/minss/fl/DXFL/logs/lambda/adaptive/logs_js_granularity_temperature_canonical_no_feature/beta_0.1/seed0/js_client/cifar100_beta_0.1_js_client_tkd1p00_canonical_nofeat_seed0_r500.pkl
CIFAR-100,beta_0.1,250,0.10286059267818928,0.09141865745186804,/home/minss/fl/DXFL/logs/lambda/adaptive/logs_js_granularity_temperature_canonical_no_feature/beta_0.1/seed0/js_client/cifar100_beta_0.1_js_client_tkd1p00_canonical_nofeat_seed0_r500.pkl
CIFAR-100,beta_0.1,251,0.09260997772216797,0.09100061426560084,/home/minss/fl/DXFL/logs/lambda/adaptive/logs_js_granularity_temperature_canonical_no_feature/beta_0.1/seed0/js_client/cifar100_beta_0.1_js_client_tkd1p00_canonical_nofeat_seed0_r500.pkl
CIFAR-100,beta_0.1,252,0.10226519256830216,0.09183793785671393,/home/minss/fl/DXFL/logs/lambda/adaptive/logs_js_granularity_temperature_canonical_no_feature/beta_0.1/seed0/js_client/cifar100_beta_0.1_js_client_tkd1p00_canonical_nofeat_seed0_r500.pkl
CIFAR-100,beta_0.1,253,0.09579205513000488,0.0907568535208702,/home/minss/fl/DXFL/logs/lambda/adaptive/logs_js_granularity_temperature_canonical_no_feature/beta_0.1/seed0/js_client/cifar100_beta_0.1_js_client_tkd1p00_canonical_nofeat_seed0_r500.pkl
CIFAR-100,beta_0.1,254,0.1006632961332798,0.09207775264978409,/home/minss/fl/DXFL/logs/lambda/adaptive/logs_js_granularity_temperature_canonical_no_feature/beta_0.1/seed0/js_client/cifar100_beta_0.1_js_client_tkd1p00_canonical_nofeat_seed0_r500.pkl
CIFAR-100,beta_0.1,255,0.08443848453462124,0.09257154685755571,/home/minss/fl/DXFL/logs/lambda/adaptive/logs_js_granularity_temperature_canonical_no_feature/beta_0.1/seed0/js_client/cifar100_beta_0.1_js_client_tkd1p00_canonical_nofeat_seed0_r500.pkl
CIFAR-100,beta_0.1,256,0.10370475985109806,0.09467588610947132,/home/minss/fl/DXFL/logs/lambda/adaptive/logs_js_granularity_temperature_canonical_no_feature/beta_0.1/seed0/js_client/cifar100_beta_0.1_js_client_tkd1p00_canonical_nofeat_seed0_r500.pkl
CIFAR-100,beta_0.1,257,0.10056663975119591,0.09605078101158142,/home/minss/fl/DXFL/logs/lambda/adaptive/logs_js_granularity_temperature_canonical_no_feature/beta_0.1/seed0/js_client/cifar100_beta_0.1_js_client_tkd1p00_canonical_nofeat_seed0_r500.pkl
CIFAR-100,beta_0.1,258,0.08090243227779866,0.09578486070036889,/home/minss/fl/DXFL/logs/lambda/adaptive/logs_js_granularity_temperature_canonical_no_feature/beta_0.1/seed0/js_client/cifar100_beta_0.1_js_client_tkd1p00_canonical_nofeat_seed0_r500.pkl
CIFAR-100,beta_0.1,259,0.09061423763632774,0.09594202513496082,/home/minss/fl/DXFL/logs/lambda/adaptive/logs_js_granularity_temperature_canonical_no_feature/beta_0.1/seed0/js_client/cifar100_beta_0.1_js_client_tkd1p00_canonical_nofeat_seed0_r500.pkl
CIFAR-100,beta_0.1,260,0.08570101782679558,0.09413435056805612,/home/minss/fl/DXFL/logs/lambda/adaptive/logs_js_granularity_temperature_canonical_no_feature/beta_0.1/seed0/js_client/cifar100_beta_0.1_js_client_tkd1p00_canonical_nofeat_seed0_r500.pkl
CIFAR-100,beta_0.1,261,0.10022948458790779,0.0927179906020562,/home/minss/fl/DXFL/logs/lambda/adaptive/logs_js_granularity_temperature_canonical_no_feature/beta_0.1/seed0/js_client/cifar100_beta_0.1_js_client_tkd1p00_canonical_nofeat_seed0_r500.pkl
CIFAR-100,beta_0.1,262,0.08607505671679974,0.0917248557507992,/home/minss/fl/DXFL/logs/lambda/adaptive/logs_js_granularity_temperature_canonical_no_feature/beta_0.1/seed0/js_client/cifar100_beta_0.1_js_client_tkd1p00_canonical_nofeat_seed0_r500.pkl
CIFAR-100,beta_0.1,263,0.11459167413413525,0.0929129916181167,/home/minss/fl/DXFL/logs/lambda/adaptive/logs_js_granularity_temperature_canonical_no_feature/beta_0.1/seed0/js_client/cifar100_beta_0.1_js_client_tkd1p00_canonical_nofeat_seed0_r500.pkl
CIFAR-100,beta_0.1,264,0.09974681362509727,0.09314413021008174,/home/minss/fl/DXFL/logs/lambda/adaptive/logs_js_granularity_temperature_canonical_no_feature/beta_0.1/seed0/js_client/cifar100_beta_0.1_js_client_tkd1p00_canonical_nofeat_seed0_r500.pkl
CIFAR-100,beta_0.1,265,0.09887178801000118,0.09065319853524366,/home/minss/fl/DXFL/logs/lambda/adaptive/logs_js_granularity_temperature_canonical_no_feature/beta_0.1/seed0/js_client/cifar100_beta_0.1_js_client_tkd1p00_canonical_nofeat_seed0_r500.pkl
CIFAR-100,beta_0.1,266,0.0949674442410469,0.08941367574036121,/home/minss/fl/DXFL/logs/lambda/adaptive/logs_js_granularity_temperature_canonical_no_feature/beta_0.1/seed0/js_client/cifar100_beta_0.1_js_client_tkd1p00_canonical_nofeat_seed0_r500.pkl
CIFAR-100,beta_0.1,267,0.07515007406473159,0.08764587605992953,/home/minss/fl/DXFL/logs/lambda/adaptive/logs_js_granularity_temperature_canonical_no_feature/beta_0.1/seed0/js_client/cifar100_beta_0.1_js_client_tkd1p00_canonical_nofeat_seed0_r500.pkl
CIFAR-100,beta_0.1,268,0.07454665564000607,0.08761050599316755,/home/minss/fl/DXFL/logs/lambda/adaptive/logs_js_granularity_temperature_canonical_no_feature/beta_0.1/seed0/js_client/cifar100_beta_0.1_js_client_tkd1p00_canonical_nofeat_seed0_r500.pkl
CIFAR-100,beta_0.1,269,0.0857662733644247,0.08650798487166564,/home/minss/fl/DXFL/logs/lambda/adaptive/logs_js_granularity_temperature_canonical_no_feature/beta_0.1/seed0/js_client/cifar100_beta_0.1_js_client_tkd1p00_canonical_nofeat_seed0_r500.pkl
CIFAR-100,beta_0.1,270,0.102260522544384,0.08761048217614492,/home/minss/fl/DXFL/logs/lambda/adaptive/logs_js_granularity_temperature_canonical_no_feature/beta_0.1/seed0/js_client/cifar100_beta_0.1_js_client_tkd1p00_canonical_nofeat_seed0_r500.pkl
CIFAR-100,beta_0.1,271,0.10717183873057365,0.08646342568099499,/home/minss/fl/DXFL/logs/lambda/adaptive/logs_js_granularity_temperature_canonical_no_feature/beta_0.1/seed0/js_client/cifar100_beta_0.1_js_client_tkd1p00_canonical_nofeat_seed0_r500.pkl
CIFAR-100,beta_0.1,272,0.06320266462862492,0.0854905129224062,/home/minss/fl/DXFL/logs/lambda/adaptive/logs_js_granularity_temperature_canonical_no_feature/beta_0.1/seed0/js_client/cifar100_beta_0.1_js_client_tkd1p00_canonical_nofeat_seed0_r500.pkl
CIFAR-100,beta_0.1,273,0.06230959035456181,0.08557243312398592,/home/minss/fl/DXFL/logs/lambda/adaptive/logs_js_granularity_temperature_canonical_no_feature/beta_0.1/seed0/js_client/cifar100_beta_0.1_js_client_tkd1p00_canonical_nofeat_seed0_r500.pkl
CIFAR-100,beta_0.1,274,0.06409724242985249,0.08752941702802974,/home/minss/fl/DXFL/logs/lambda/adaptive/logs_js_granularity_temperature_canonical_no_feature/beta_0.1/seed0/js_client/cifar100_beta_0.1_js_client_tkd1p00_canonical_nofeat_seed0_r500.pkl
CIFAR-100,beta_0.1,275,0.08517046682536603,0.08938834711909294,/home/minss/fl/DXFL/logs/lambda/adaptive/logs_js_granularity_temperature_canonical_no_feature/beta_0.1/seed0/js_client/cifar100_beta_0.1_js_client_tkd1p00_canonical_nofeat_seed0_r500.pkl
CIFAR-100,beta_0.1,276,0.08369166776537895,0.09005622607966264,/home/minss/fl/DXFL/logs/lambda/adaptive/logs_js_granularity_temperature_canonical_no_feature/beta_0.1/seed0/js_client/cifar100_beta_0.1_js_client_tkd1p00_canonical_nofeat_seed0_r500.pkl
CIFAR-100,beta_0.1,277,0.10261251628398896,0.09098606660962105,/home/minss/fl/DXFL/logs/lambda/adaptive/logs_js_granularity_temperature_canonical_no_feature/beta_0.1/seed0/js_client/cifar100_beta_0.1_js_client_tkd1p00_canonical_nofeat_seed0_r500.pkl
CIFAR-100,beta_0.1,278,0.0973858267068863,0.09190345863501231,/home/minss/fl/DXFL/logs/lambda/adaptive/logs_js_granularity_temperature_canonical_no_feature/beta_0.1/seed0/js_client/cifar100_beta_0.1_js_client_tkd1p00_canonical_nofeat_seed0_r500.pkl
CIFAR-100,beta_0.1,279,0.08515312224626541,0.09275519718726477,/home/minss/fl/DXFL/logs/lambda/adaptive/logs_js_granularity_temperature_canonical_no_feature/beta_0.1/seed0/js_client/cifar100_beta_0.1_js_client_tkd1p00_canonical_nofeat_seed0_r500.pkl
CIFAR-100,beta_0.1,280,0.10010059103369713,0.09544314530988535,/home/minss/fl/DXFL/logs/lambda/adaptive/logs_js_granularity_temperature_canonical_no_feature/beta_0.1/seed0/js_client/cifar100_beta_0.1_js_client_tkd1p00_canonical_nofeat_seed0_r500.pkl
CIFAR-100,beta_0.1,281,0.1243222028017044,0.09677421674132347,/home/minss/fl/DXFL/logs/lambda/adaptive/logs_js_granularity_temperature_canonical_no_feature/beta_0.1/seed0/js_client/cifar100_beta_0.1_js_client_tkd1p00_canonical_nofeat_seed0_r500.pkl
CIFAR-100,beta_0.1,282,0.10303402543067933,0.09920720987021922,/home/minss/fl/DXFL/logs/lambda/adaptive/logs_js_granularity_temperature_canonical_no_feature/beta_0.1/seed0/js_client/cifar100_beta_0.1_js_client_tkd1p00_canonical_nofeat_seed0_r500.pkl
CIFAR-100,beta_0.1,283,0.08456484004855155,0.10037328243255615,/home/minss/fl/DXFL/logs/lambda/adaptive/logs_js_granularity_temperature_canonical_no_feature/beta_0.1/seed0/js_client/cifar100_beta_0.1_js_client_tkd1p00_canonical_nofeat_seed0_r500.pkl
CIFAR-100,beta_0.1,284,0.09971388131380081,0.09986353926360608,/home/minss/fl/DXFL/logs/lambda/adaptive/logs_js_granularity_temperature_canonical_no_feature/beta_0.1/seed0/js_client/cifar100_beta_0.1_js_client_tkd1p00_canonical_nofeat_seed0_r500.pkl
CIFAR-100,beta_0.1,285,0.11602140292525291,0.09783235900104047,/home/minss/fl/DXFL/logs/lambda/adaptive/logs_js_granularity_temperature_canonical_no_feature/beta_0.1/seed0/js_client/cifar100_beta_0.1_js_client_tkd1p00_canonical_nofeat_seed0_r500.pkl
CIFAR-100,beta_0.1,286,0.11994791701436043,0.0973763349155585,/home/minss/fl/DXFL/logs/lambda/adaptive/logs_js_granularity_temperature_canonical_no_feature/beta_0.1/seed0/js_client/cifar100_beta_0.1_js_client_tkd1p00_canonical_nofeat_seed0_r500.pkl
CIFAR-100,beta_0.1,287,0.10352188646793366,0.09765601222713788,/home/minss/fl/DXFL/logs/lambda/adaptive/logs_js_granularity_temperature_canonical_no_feature/beta_0.1/seed0/js_client/cifar100_beta_0.1_js_client_tkd1p00_canonical_nofeat_seed0_r500.pkl
CIFAR-100,beta_0.1,288,0.08227566182613373,0.09737291658918061,/home/minss/fl/DXFL/logs/lambda/adaptive/logs_js_granularity_temperature_canonical_no_feature/beta_0.1/seed0/js_client/cifar100_beta_0.1_js_client_tkd1p00_canonical_nofeat_seed0_r500.pkl
CIFAR-100,beta_0.1,289,0.10059213936328888,0.09774490137894946,/home/minss/fl/DXFL/logs/lambda/adaptive/logs_js_granularity_temperature_canonical_no_feature/beta_0.1/seed0/js_client/cifar100_beta_0.1_js_client_tkd1p00_canonical_nofeat_seed0_r500.pkl
CIFAR-100,beta_0.1,290,0.10266155526041984,0.0974338812381029,/home/minss/fl/DXFL/logs/lambda/adaptive/logs_js_granularity_temperature_canonical_no_feature/beta_0.1/seed0/js_client/cifar100_beta_0.1_js_client_tkd1p00_canonical_nofeat_seed0_r500.pkl
CIFAR-100,beta_0.1,291,0.07604552023112773,0.09757190297047297,/home/minss/fl/DXFL/logs/lambda/adaptive/logs_js_granularity_temperature_canonical_no_feature/beta_0.1/seed0/js_client/cifar100_beta_0.1_js_client_tkd1p00_canonical_nofeat_seed0_r500.pkl
CIFAR-100,beta_0.1,292,0.07214481234550477,0.09678692554434142,/home/minss/fl/DXFL/logs/lambda/adaptive/logs_js_granularity_temperature_canonical_no_feature/beta_0.1/seed0/js_client/cifar100_beta_0.1_js_client_tkd1p00_canonical_nofeat_seed0_r500.pkl
CIFAR-100,beta_0.1,293,0.09054546542465687,0.09620733941594761,/home/minss/fl/DXFL/logs/lambda/adaptive/logs_js_granularity_temperature_canonical_no_feature/beta_0.1/seed0/js_client/cifar100_beta_0.1_js_client_tkd1p00_canonical_nofeat_seed0_r500.pkl
CIFAR-100,beta_0.1,294,0.08934828191995621,0.09325045352180801,/home/minss/fl/DXFL/logs/lambda/adaptive/logs_js_granularity_temperature_canonical_no_feature/beta_0.1/seed0/js_client/cifar100_beta_0.1_js_client_tkd1p00_canonical_nofeat_seed0_r500.pkl
CIFAR-100,beta_0.1,295,0.0958541564643383,0.09199693386753402,/home/minss/fl/DXFL/logs/lambda/adaptive/logs_js_granularity_temperature_canonical_no_feature/beta_0.1/seed0/js_client/cifar100_beta_0.1_js_client_tkd1p00_canonical_nofeat_seed0_r500.pkl
CIFAR-100,beta_0.1,296,0.12990197464823722,0.09135635502636433,/home/minss/fl/DXFL/logs/lambda/adaptive/logs_js_granularity_temperature_canonical_no_feature/beta_0.1/seed0/js_client/cifar100_beta_0.1_js_client_tkd1p00_canonical_nofeat_seed0_r500.pkl
CIFAR-100,beta_0.1,297,0.09836872331798077,0.09098068207502365,/home/minss/fl/DXFL/logs/lambda/adaptive/logs_js_granularity_temperature_canonical_no_feature/beta_0.1/seed0/js_client/cifar100_beta_0.1_js_client_tkd1p00_canonical_nofeat_seed0_r500.pkl
CIFAR-100,beta_0.1,298,0.08663516603410244,0.09081640630960464,/home/minss/fl/DXFL/logs/lambda/adaptive/logs_js_granularity_temperature_canonical_no_feature/beta_0.1/seed0/js_client/cifar100_beta_0.1_js_client_tkd1p00_canonical_nofeat_seed0_r500.pkl
CIFAR-100,beta_0.1,299,0.08793921992182732,0.09130181754628817,/home/minss/fl/DXFL/logs/lambda/adaptive/logs_js_granularity_temperature_canonical_no_feature/beta_0.1/seed0/js_client/cifar100_beta_0.1_js_client_tkd1p00_canonical_nofeat_seed0_r500.pkl
CIFAR-100,beta_0.1,300,0.10732761099934578,0.09235075429081917,/home/minss/fl/DXFL/logs/lambda/adaptive/logs_js_granularity_temperature_canonical_no_feature/beta_0.1/seed0/js_client/cifar100_beta_0.1_js_client_tkd1p00_canonical_nofeat_seed0_r500.pkl
CIFAR-100,beta_0.1,301,0.07559462860226632,0.09325584344565867,/home/minss/fl/DXFL/logs/lambda/adaptive/logs_js_granularity_temperature_canonical_no_feature/beta_0.1/seed0/js_client/cifar100_beta_0.1_js_client_tkd1p00_canonical_nofeat_seed0_r500.pkl
CIFAR-100,beta_0.1,302,0.08471909165382385,0.09354159037272135,/home/minss/fl/DXFL/logs/lambda/adaptive/logs_js_granularity_temperature_canonical_no_feature/beta_0.1/seed0/js_client/cifar100_beta_0.1_js_client_tkd1p00_canonical_nofeat_seed0_r500.pkl
CIFAR-100,beta_0.1,303,0.0726669792085886,0.093616075416406,/home/minss/fl/DXFL/logs/lambda/adaptive/logs_js_granularity_temperature_canonical_no_feature/beta_0.1/seed0/js_client/cifar100_beta_0.1_js_client_tkd1p00_canonical_nofeat_seed0_r500.pkl
CIFAR-100,beta_0.1,304,0.09495704509317875,0.09189840028683345,/home/minss/fl/DXFL/logs/lambda/adaptive/logs_js_granularity_temperature_canonical_no_feature/beta_0.1/seed0/js_client/cifar100_beta_0.1_js_client_tkd1p00_canonical_nofeat_seed0_r500.pkl
CIFAR-100,beta_0.1,305,0.10019741877913475,0.09244278041025004,/home/minss/fl/DXFL/logs/lambda/adaptive/logs_js_granularity_temperature_canonical_no_feature/beta_0.1/seed0/js_client/cifar100_beta_0.1_js_client_tkd1p00_canonical_nofeat_seed0_r500.pkl
CIFAR-100,beta_0.1,306,0.08332668878138065,0.09323570668697359,/home/minss/fl/DXFL/logs/lambda/adaptive/logs_js_granularity_temperature_canonical_no_feature/beta_0.1/seed0/js_client/cifar100_beta_0.1_js_client_tkd1p00_canonical_nofeat_seed0_r500.pkl
CIFAR-100,beta_0.1,307,0.0878788635134697,0.09353594797352952,/home/minss/fl/DXFL/logs/lambda/adaptive/logs_js_granularity_temperature_canonical_no_feature/beta_0.1/seed0/js_client/cifar100_beta_0.1_js_client_tkd1p00_canonical_nofeat_seed0_r500.pkl
CIFAR-100,beta_0.1,308,0.10412180274724961,0.09270660685996214,/home/minss/fl/DXFL/logs/lambda/adaptive/logs_js_granularity_temperature_canonical_no_feature/beta_0.1/seed0/js_client/cifar100_beta_0.1_js_client_tkd1p00_canonical_nofeat_seed0_r500.pkl
CIFAR-100,beta_0.1,309,0.09363448582589626,0.09511492870748042,/home/minss/fl/DXFL/logs/lambda/adaptive/logs_js_granularity_temperature_canonical_no_feature/beta_0.1/seed0/js_client/cifar100_beta_0.1_js_client_tkd1p00_canonical_nofeat_seed0_r500.pkl
CIFAR-100,beta_0.1,310,0.09697143211960793,0.09544118729730447,/home/minss/fl/DXFL/logs/lambda/adaptive/logs_js_granularity_temperature_canonical_no_feature/beta_0.1/seed0/js_client/cifar100_beta_0.1_js_client_tkd1p00_canonical_nofeat_seed0_r500.pkl
CIFAR-100,beta_0.1,311,0.10413684770464897,0.0979338560005029,/home/minss/fl/DXFL/logs/lambda/adaptive/logs_js_granularity_temperature_canonical_no_feature/beta_0.1/seed0/js_client/cifar100_beta_0.1_js_client_tkd1p00_canonical_nofeat_seed0_r500.pkl
CIFAR-100,beta_0.1,312,0.10653442516922951,0.09819180938104788,/home/minss/fl/DXFL/logs/lambda/adaptive/logs_js_granularity_temperature_canonical_no_feature/beta_0.1/seed0/js_client/cifar100_beta_0.1_js_client_tkd1p00_canonical_nofeat_seed0_r500.pkl
CIFAR-100,beta_0.1,313,0.0985290601849556,0.09915497399866582,/home/minss/fl/DXFL/logs/lambda/adaptive/logs_js_granularity_temperature_canonical_no_feature/beta_0.1/seed0/js_client/cifar100_beta_0.1_js_client_tkd1p00_canonical_nofeat_seed0_r500.pkl
CIFAR-100,beta_0.1,314,0.0924428392201662,0.0997505870461464,/home/minss/fl/DXFL/logs/lambda/adaptive/logs_js_granularity_temperature_canonical_no_feature/beta_0.1/seed0/js_client/cifar100_beta_0.1_js_client_tkd1p00_canonical_nofeat_seed0_r500.pkl
CIFAR-100,beta_0.1,315,0.0948874942958355,0.09925094922383626,/home/minss/fl/DXFL/logs/lambda/adaptive/logs_js_granularity_temperature_canonical_no_feature/beta_0.1/seed0/js_client/cifar100_beta_0.1_js_client_tkd1p00_canonical_nofeat_seed0_r500.pkl
CIFAR-100,beta_0.1,316,0.11171945631504059,0.0979216558734576,/home/minss/fl/DXFL/logs/lambda/adaptive/logs_js_granularity_temperature_canonical_no_feature/beta_0.1/seed0/js_client/cifar100_beta_0.1_js_client_tkd1p00_canonical_nofeat_seed0_r500.pkl
CIFAR-100,beta_0.1,317,0.08961297050118447,0.09927906227608521,/home/minss/fl/DXFL/logs/lambda/adaptive/logs_js_granularity_temperature_canonical_no_feature/beta_0.1/seed0/js_client/cifar100_beta_0.1_js_client_tkd1p00_canonical_nofeat_seed0_r500.pkl
CIFAR-100,beta_0.1,318,0.1100570097565651,0.10027444206178188,/home/minss/fl/DXFL/logs/lambda/adaptive/logs_js_granularity_temperature_canonical_no_feature/beta_0.1/seed0/js_client/cifar100_beta_0.1_js_client_tkd1p00_canonical_nofeat_seed0_r500.pkl
CIFAR-100,beta_0.1,319,0.09882634580135345,0.10042747415602206,/home/minss/fl/DXFL/logs/lambda/adaptive/logs_js_granularity_temperature_canonical_no_feature/beta_0.1/seed0/js_client/cifar100_beta_0.1_js_client_tkd1p00_canonical_nofeat_seed0_r500.pkl
CIFAR-100,beta_0.1,320,0.11464488804340363,0.10018385743101438,/home/minss/fl/DXFL/logs/lambda/adaptive/logs_js_granularity_temperature_canonical_no_feature/beta_0.1/seed0/js_client/cifar100_beta_0.1_js_client_tkd1p00_canonical_nofeat_seed0_r500.pkl
CIFAR-100,beta_0.1,321,0.0922608844935894,0.10004566912849744,/home/minss/fl/DXFL/logs/lambda/adaptive/logs_js_granularity_temperature_canonical_no_feature/beta_0.1/seed0/js_client/cifar100_beta_0.1_js_client_tkd1p00_canonical_nofeat_seed0_r500.pkl
CIFAR-100,beta_0.1,322,0.08038429617881775,0.1002745678772529,/home/minss/fl/DXFL/logs/lambda/adaptive/logs_js_granularity_temperature_canonical_no_feature/beta_0.1/seed0/js_client/cifar100_beta_0.1_js_client_tkd1p00_canonical_nofeat_seed0_r500.pkl
CIFAR-100,beta_0.1,323,0.08418240249156952,0.09984729227920373,/home/minss/fl/DXFL/logs/lambda/adaptive/logs_js_granularity_temperature_canonical_no_feature/beta_0.1/seed0/js_client/cifar100_beta_0.1_js_client_tkd1p00_canonical_nofeat_seed0_r500.pkl
CIFAR-100,beta_0.1,324,0.11399558186531067,0.09946603961288929,/home/minss/fl/DXFL/logs/lambda/adaptive/logs_js_granularity_temperature_canonical_no_feature/beta_0.1/seed0/js_client/cifar100_beta_0.1_js_client_tkd1p00_canonical_nofeat_seed0_r500.pkl
CIFAR-100,beta_0.1,325,0.11190212890505791,0.1009085398664077,/home/minss/fl/DXFL/logs/lambda/adaptive/logs_js_granularity_temperature_canonical_no_feature/beta_0.1/seed0/js_client/cifar100_beta_0.1_js_client_tkd1p00_canonical_nofeat_seed0_r500.pkl
CIFAR-100,beta_0.1,326,0.1064323291182518,0.10063240086038906,/home/minss/fl/DXFL/logs/lambda/adaptive/logs_js_granularity_temperature_canonical_no_feature/beta_0.1/seed0/js_client/cifar100_beta_0.1_js_client_tkd1p00_canonical_nofeat_seed0_r500.pkl
CIFAR-100,beta_0.1,327,0.10288017429411411,0.10006878013412157,/home/minss/fl/DXFL/logs/lambda/adaptive/logs_js_granularity_temperature_canonical_no_feature/beta_0.1/seed0/js_client/cifar100_beta_0.1_js_client_tkd1p00_canonical_nofeat_seed0_r500.pkl
CIFAR-100,beta_0.1,328,0.09645623564720154,0.09789345840613047,/home/minss/fl/DXFL/logs/lambda/adaptive/logs_js_granularity_temperature_canonical_no_feature/beta_0.1/seed0/js_client/cifar100_beta_0.1_js_client_tkd1p00_canonical_nofeat_seed0_r500.pkl
CIFAR-100,beta_0.1,329,0.09587632045149803,0.09736900702118872,/home/minss/fl/DXFL/logs/lambda/adaptive/logs_js_granularity_temperature_canonical_no_feature/beta_0.1/seed0/js_client/cifar100_beta_0.1_js_client_tkd1p00_canonical_nofeat_seed0_r500.pkl
CIFAR-100,beta_0.1,330,0.08847836032509804,0.09908899823824563,/home/minss/fl/DXFL/logs/lambda/adaptive/logs_js_granularity_temperature_canonical_no_feature/beta_0.1/seed0/js_client/cifar100_beta_0.1_js_client_tkd1p00_canonical_nofeat_seed0_r500.pkl
CIFAR-100,beta_0.1,331,0.10600066632032394,0.09884156391024589,/home/minss/fl/DXFL/logs/lambda/adaptive/logs_js_granularity_temperature_canonical_no_feature/beta_0.1/seed0/js_client/cifar100_beta_0.1_js_client_tkd1p00_canonical_nofeat_seed0_r500.pkl
CIFAR-100,beta_0.1,332,0.1112504743039608,0.09621092396477857,/home/minss/fl/DXFL/logs/lambda/adaptive/logs_js_granularity_temperature_canonical_no_feature/beta_0.1/seed0/js_client/cifar100_beta_0.1_js_client_tkd1p00_canonical_nofeat_seed0_r500.pkl
CIFAR-100,beta_0.1,333,0.10591492466628552,0.09469582093258698,/home/minss/fl/DXFL/logs/lambda/adaptive/logs_js_granularity_temperature_canonical_no_feature/beta_0.1/seed0/js_client/cifar100_beta_0.1_js_client_tkd1p00_canonical_nofeat_seed0_r500.pkl
CIFAR-100,beta_0.1,334,0.090372034907341,0.09542198623220126,/home/minss/fl/DXFL/logs/lambda/adaptive/logs_js_granularity_temperature_canonical_no_feature/beta_0.1/seed0/js_client/cifar100_beta_0.1_js_client_tkd1p00_canonical_nofeat_seed0_r500.pkl
CIFAR-100,beta_0.1,335,0.08201506212353707,0.09586527022222678,/home/minss/fl/DXFL/logs/lambda/adaptive/logs_js_granularity_temperature_canonical_no_feature/beta_0.1/seed0/js_client/cifar100_beta_0.1_js_client_tkd1p00_canonical_nofeat_seed0_r500.pkl
CIFAR-100,beta_0.1,336,0.08439411371946334,0.09563375475505989,/home/minss/fl/DXFL/logs/lambda/adaptive/logs_js_granularity_temperature_canonical_no_feature/beta_0.1/seed0/js_client/cifar100_beta_0.1_js_client_tkd1p00_canonical_nofeat_seed0_r500.pkl
CIFAR-100,beta_0.1,337,0.10618416443467141,0.09674021773040296,/home/minss/fl/DXFL/logs/lambda/adaptive/logs_js_granularity_temperature_canonical_no_feature/beta_0.1/seed0/js_client/cifar100_beta_0.1_js_client_tkd1p00_canonical_nofeat_seed0_r500.pkl
CIFAR-100,beta_0.1,338,0.08047088757157325,0.096545976549387,/home/minss/fl/DXFL/logs/lambda/adaptive/logs_js_granularity_temperature_canonical_no_feature/beta_0.1/seed0/js_client/cifar100_beta_0.1_js_client_tkd1p00_canonical_nofeat_seed0_r500.pkl
CIFAR-100,beta_0.1,339,0.07453598268330097,0.09641056701540948,/home/minss/fl/DXFL/logs/lambda/adaptive/logs_js_granularity_temperature_canonical_no_feature/beta_0.1/seed0/js_client/cifar100_beta_0.1_js_client_tkd1p00_canonical_nofeat_seed0_r500.pkl
CIFAR-100,beta_0.1,340,0.08917558342218398,0.0955492444584767,/home/minss/fl/DXFL/logs/lambda/adaptive/logs_js_granularity_temperature_canonical_no_feature/beta_0.1/seed0/js_client/cifar100_beta_0.1_js_client_tkd1p00_canonical_nofeat_seed0_r500.pkl
CIFAR-100,beta_0.1,341,0.11732480861246586,0.09424446848531565,/home/minss/fl/DXFL/logs/lambda/adaptive/logs_js_granularity_temperature_canonical_no_feature/beta_0.1/seed0/js_client/cifar100_beta_0.1_js_client_tkd1p00_canonical_nofeat_seed0_r500.pkl
CIFAR-100,beta_0.1,342,0.10952943414449692,0.09427136555314064,/home/minss/fl/DXFL/logs/lambda/adaptive/logs_js_granularity_temperature_canonical_no_feature/beta_0.1/seed0/js_client/cifar100_beta_0.1_js_client_tkd1p00_canonical_nofeat_seed0_r500.pkl
CIFAR-100,beta_0.1,343,0.09298350363969803,0.09576207873721919,/home/minss/fl/DXFL/logs/lambda/adaptive/logs_js_granularity_temperature_canonical_no_feature/beta_0.1/seed0/js_client/cifar100_beta_0.1_js_client_tkd1p00_canonical_nofeat_seed0_r500.pkl
CIFAR-100,beta_0.1,344,0.11247326508164406,0.09433985695242882,/home/minss/fl/DXFL/logs/lambda/adaptive/logs_js_granularity_temperature_canonical_no_feature/beta_0.1/seed0/js_client/cifar100_beta_0.1_js_client_tkd1p00_canonical_nofeat_seed0_r500.pkl
CIFAR-100,beta_0.1,345,0.08556474260985851,0.09353553642829258,/home/minss/fl/DXFL/logs/lambda/adaptive/logs_js_granularity_temperature_canonical_no_feature/beta_0.1/seed0/js_client/cifar100_beta_0.1_js_client_tkd1p00_canonical_nofeat_seed0_r500.pkl
CIFAR-100,beta_0.1,346,0.10396952331066131,0.0944974679003159,/home/minss/fl/DXFL/logs/lambda/adaptive/logs_js_granularity_temperature_canonical_no_feature/beta_0.1/seed0/js_client/cifar100_beta_0.1_js_client_tkd1p00_canonical_nofeat_seed0_r500.pkl
CIFAR-100,beta_0.1,347,0.0983306359499693,0.09546260550618171,/home/minss/fl/DXFL/logs/lambda/adaptive/logs_js_granularity_temperature_canonical_no_feature/beta_0.1/seed0/js_client/cifar100_beta_0.1_js_client_tkd1p00_canonical_nofeat_seed0_r500.pkl
CIFAR-100,beta_0.1,348,0.0863432850688696,0.09604236846168836,/home/minss/fl/DXFL/logs/lambda/adaptive/logs_js_granularity_temperature_canonical_no_feature/beta_0.1/seed0/js_client/cifar100_beta_0.1_js_client_tkd1p00_canonical_nofeat_seed0_r500.pkl
CIFAR-100,beta_0.1,349,0.090775490924716,0.09350235633552074,/home/minss/fl/DXFL/logs/lambda/adaptive/logs_js_granularity_temperature_canonical_no_feature/beta_0.1/seed0/js_client/cifar100_beta_0.1_js_client_tkd1p00_canonical_nofeat_seed0_r500.pkl
CIFAR-100,beta_0.1,350,0.10437575988471508,0.09338831740121048,/home/minss/fl/DXFL/logs/lambda/adaptive/logs_js_granularity_temperature_canonical_no_feature/beta_0.1/seed0/js_client/cifar100_beta_0.1_js_client_tkd1p00_canonical_nofeat_seed0_r500.pkl
CIFAR-100,beta_0.1,351,0.063060786947608,0.092795664742589,/home/minss/fl/DXFL/logs/lambda/adaptive/logs_js_granularity_temperature_canonical_no_feature/beta_0.1/seed0/js_client/cifar100_beta_0.1_js_client_tkd1p00_canonical_nofeat_seed0_r500.pkl
CIFAR-100,beta_0.1,352,0.09411935657262802,0.09138309761881828,/home/minss/fl/DXFL/logs/lambda/adaptive/logs_js_granularity_temperature_canonical_no_feature/beta_0.1/seed0/js_client/cifar100_beta_0.1_js_client_tkd1p00_canonical_nofeat_seed0_r500.pkl
CIFAR-100,beta_0.1,353,0.09489985965192319,0.09069329584638278,/home/minss/fl/DXFL/logs/lambda/adaptive/logs_js_granularity_temperature_canonical_no_feature/beta_0.1/seed0/js_client/cifar100_beta_0.1_js_client_tkd1p00_canonical_nofeat_seed0_r500.pkl
CIFAR-100,beta_0.1,354,0.08901304677128792,0.09028542632857958,/home/minss/fl/DXFL/logs/lambda/adaptive/logs_js_granularity_temperature_canonical_no_feature/beta_0.1/seed0/js_client/cifar100_beta_0.1_js_client_tkd1p00_canonical_nofeat_seed0_r500.pkl
CIFAR-100,beta_0.1,355,0.09787202775478362,0.089108343248566,/home/minss/fl/DXFL/logs/lambda/adaptive/logs_js_granularity_temperature_canonical_no_feature/beta_0.1/seed0/js_client/cifar100_beta_0.1_js_client_tkd1p00_canonical_nofeat_seed0_r500.pkl
CIFAR-100,beta_0.1,356,0.07922462671995163,0.08985555147131284,/home/minss/fl/DXFL/logs/lambda/adaptive/logs_js_granularity_temperature_canonical_no_feature/beta_0.1/seed0/js_client/cifar100_beta_0.1_js_client_tkd1p00_canonical_nofeat_seed0_r500.pkl
CIFAR-100,beta_0.1,357,0.10781885012984276,0.09032866882781189,/home/minss/fl/DXFL/logs/lambda/adaptive/logs_js_granularity_temperature_canonical_no_feature/beta_0.1/seed0/js_client/cifar100_beta_0.1_js_client_tkd1p00_canonical_nofeat_seed0_r500.pkl
CIFAR-100,beta_0.1,358,0.08409371376037597,0.09104161719481152,/home/minss/fl/DXFL/logs/lambda/adaptive/logs_js_granularity_temperature_canonical_no_feature/beta_0.1/seed0/js_client/cifar100_beta_0.1_js_client_tkd1p00_canonical_nofeat_seed0_r500.pkl
CIFAR-100,beta_0.1,359,0.09128475822508335,0.09260092121859392,/home/minss/fl/DXFL/logs/lambda/adaptive/logs_js_granularity_temperature_canonical_no_feature/beta_0.1/seed0/js_client/cifar100_beta_0.1_js_client_tkd1p00_canonical_nofeat_seed0_r500.pkl
CIFAR-100,beta_0.1,360,0.07521771602332591,0.09256109538177651,/home/minss/fl/DXFL/logs/lambda/adaptive/logs_js_granularity_temperature_canonical_no_feature/beta_0.1/seed0/js_client/cifar100_beta_0.1_js_client_tkd1p00_canonical_nofeat_seed0_r500.pkl
CIFAR-100,beta_0.1,361,0.09785148054361344,0.09304283405343691,/home/minss/fl/DXFL/logs/lambda/adaptive/logs_js_granularity_temperature_canonical_no_feature/beta_0.1/seed0/js_client/cifar100_beta_0.1_js_client_tkd1p00_canonical_nofeat_seed0_r500.pkl
CIFAR-100,beta_0.1,362,0.0806743897497654,0.09356402456760407,/home/minss/fl/DXFL/logs/lambda/adaptive/logs_js_granularity_temperature_canonical_no_feature/beta_0.1/seed0/js_client/cifar100_beta_0.1_js_client_tkd1p00_canonical_nofeat_seed0_r500.pkl
CIFAR-100,beta_0.1,363,0.09755140841007233,0.09265596923728785,/home/minss/fl/DXFL/logs/lambda/adaptive/logs_js_granularity_temperature_canonical_no_feature/beta_0.1/seed0/js_client/cifar100_beta_0.1_js_client_tkd1p00_canonical_nofeat_seed0_r500.pkl
CIFAR-100,beta_0.1,364,0.09787225127220153,0.09275760735074678,/home/minss/fl/DXFL/logs/lambda/adaptive/logs_js_granularity_temperature_canonical_no_feature/beta_0.1/seed0/js_client/cifar100_beta_0.1_js_client_tkd1p00_canonical_nofeat_seed0_r500.pkl
CIFAR-100,beta_0.1,365,0.11506998538970947,0.09038713221748669,/home/minss/fl/DXFL/logs/lambda/adaptive/logs_js_granularity_temperature_canonical_no_feature/beta_0.1/seed0/js_client/cifar100_beta_0.1_js_client_tkd1p00_canonical_nofeat_seed0_r500.pkl
CIFAR-100,beta_0.1,366,0.08645034730434417,0.0896898899724086,/home/minss/fl/DXFL/logs/lambda/adaptive/logs_js_granularity_temperature_canonical_no_feature/beta_0.1/seed0/js_client/cifar100_beta_0.1_js_client_tkd1p00_canonical_nofeat_seed0_r500.pkl
CIFAR-100,beta_0.1,367,0.09352196902036666,0.09051330340405304,/home/minss/fl/DXFL/logs/lambda/adaptive/logs_js_granularity_temperature_canonical_no_feature/beta_0.1/seed0/js_client/cifar100_beta_0.1_js_client_tkd1p00_canonical_nofeat_seed0_r500.pkl
CIFAR-100,beta_0.1,368,0.10212593972682953,0.09256023213267325,/home/minss/fl/DXFL/logs/lambda/adaptive/logs_js_granularity_temperature_canonical_no_feature/beta_0.1/seed0/js_client/cifar100_beta_0.1_js_client_tkd1p00_canonical_nofeat_seed0_r500.pkl
CIFAR-100,beta_0.1,369,0.09683090448379517,0.09378814096252122,/home/minss/fl/DXFL/logs/lambda/adaptive/logs_js_granularity_temperature_canonical_no_feature/beta_0.1/seed0/js_client/cifar100_beta_0.1_js_client_tkd1p00_canonical_nofeat_seed0_r500.pkl
CIFAR-100,beta_0.1,370,0.08425119780004024,0.09636918624242147,/home/minss/fl/DXFL/logs/lambda/adaptive/logs_js_granularity_temperature_canonical_no_feature/beta_0.1/seed0/js_client/cifar100_beta_0.1_js_client_tkd1p00_canonical_nofeat_seed0_r500.pkl
CIFAR-100,beta_0.1,371,0.0807491984218359,0.09695344497760137,/home/minss/fl/DXFL/logs/lambda/adaptive/logs_js_granularity_temperature_canonical_no_feature/beta_0.1/seed0/js_client/cifar100_beta_0.1_js_client_tkd1p00_canonical_nofeat_seed0_r500.pkl
CIFAR-100,beta_0.1,372,0.0722617231309414,0.09805370370546977,/home/minss/fl/DXFL/logs/lambda/adaptive/logs_js_granularity_temperature_canonical_no_feature/beta_0.1/seed0/js_client/cifar100_beta_0.1_js_client_tkd1p00_canonical_nofeat_seed0_r500.pkl
CIFAR-100,beta_0.1,373,0.07363508008420468,0.09605931147933006,/home/minss/fl/DXFL/logs/lambda/adaptive/logs_js_granularity_temperature_canonical_no_feature/beta_0.1/seed0/js_client/cifar100_beta_0.1_js_client_tkd1p00_canonical_nofeat_seed0_r500.pkl
CIFAR-100,beta_0.1,374,0.10363595969974995,0.0974411510427793,/home/minss/fl/DXFL/logs/lambda/adaptive/logs_js_granularity_temperature_canonical_no_feature/beta_0.1/seed0/js_client/cifar100_beta_0.1_js_client_tkd1p00_canonical_nofeat_seed0_r500.pkl
CIFAR-100,beta_0.1,375,0.1059216469526291,0.09689576412240665,/home/minss/fl/DXFL/logs/lambda/adaptive/logs_js_granularity_temperature_canonical_no_feature/beta_0.1/seed0/js_client/cifar100_beta_0.1_js_client_tkd1p00_canonical_nofeat_seed0_r500.pkl
CIFAR-100,beta_0.1,376,0.11627011299133301,0.09598352029919624,/home/minss/fl/DXFL/logs/lambda/adaptive/logs_js_granularity_temperature_canonical_no_feature/beta_0.1/seed0/js_client/cifar100_beta_0.1_js_client_tkd1p00_canonical_nofeat_seed0_r500.pkl
CIFAR-100,beta_0.1,377,0.1193900689482689,0.09661758214235305,/home/minss/fl/DXFL/logs/lambda/adaptive/logs_js_granularity_temperature_canonical_no_feature/beta_0.1/seed0/js_client/cifar100_beta_0.1_js_client_tkd1p00_canonical_nofeat_seed0_r500.pkl
CIFAR-100,beta_0.1,378,0.10631528943777084,0.09848648384213449,/home/minss/fl/DXFL/logs/lambda/adaptive/logs_js_granularity_temperature_canonical_no_feature/beta_0.1/seed0/js_client/cifar100_beta_0.1_js_client_tkd1p00_canonical_nofeat_seed0_r500.pkl
CIFAR-100,beta_0.1,379,0.1143761321902275,0.10046248205006122,/home/minss/fl/DXFL/logs/lambda/adaptive/logs_js_granularity_temperature_canonical_no_feature/beta_0.1/seed0/js_client/cifar100_beta_0.1_js_client_tkd1p00_canonical_nofeat_seed0_r500.pkl
CIFAR-100,beta_0.1,380,0.0851541019976139,0.1013420774290959,/home/minss/fl/DXFL/logs/lambda/adaptive/logs_js_granularity_temperature_canonical_no_feature/beta_0.1/seed0/js_client/cifar100_beta_0.1_js_client_tkd1p00_canonical_nofeat_seed0_r500.pkl
CIFAR-100,beta_0.1,381,0.10717794075608253,0.10337742904822031,/home/minss/fl/DXFL/logs/lambda/adaptive/logs_js_granularity_temperature_canonical_no_feature/beta_0.1/seed0/js_client/cifar100_beta_0.1_js_client_tkd1p00_canonical_nofeat_seed0_r500.pkl
CIFAR-100,beta_0.1,382,0.085341165214777,0.10583959810435771,/home/minss/fl/DXFL/logs/lambda/adaptive/logs_js_granularity_temperature_canonical_no_feature/beta_0.1/seed0/js_client/cifar100_beta_0.1_js_client_tkd1p00_canonical_nofeat_seed0_r500.pkl
CIFAR-100,beta_0.1,383,0.08844228237867355,0.10567974212268987,/home/minss/fl/DXFL/logs/lambda/adaptive/logs_js_granularity_temperature_canonical_no_feature/beta_0.1/seed0/js_client/cifar100_beta_0.1_js_client_tkd1p00_canonical_nofeat_seed0_r500.pkl
CIFAR-100,beta_0.1,384,0.10634183213114738,0.1039610410730044,/home/minss/fl/DXFL/logs/lambda/adaptive/logs_js_granularity_temperature_canonical_no_feature/beta_0.1/seed0/js_client/cifar100_beta_0.1_js_client_tkd1p00_canonical_nofeat_seed0_r500.pkl
CIFAR-100,beta_0.1,385,0.11228472329676151,0.10162659478684265,/home/minss/fl/DXFL/logs/lambda/adaptive/logs_js_granularity_temperature_canonical_no_feature/beta_0.1/seed0/js_client/cifar100_beta_0.1_js_client_tkd1p00_canonical_nofeat_seed0_r500.pkl
CIFAR-100,beta_0.1,386,0.11038917154073716,0.10294407330453395,/home/minss/fl/DXFL/logs/lambda/adaptive/logs_js_granularity_temperature_canonical_no_feature/beta_0.1/seed0/js_client/cifar100_beta_0.1_js_client_tkd1p00_canonical_nofeat_seed0_r500.pkl
CIFAR-100,beta_0.1,387,0.08545565381646156,0.10174811648825803,/home/minss/fl/DXFL/logs/lambda/adaptive/logs_js_granularity_temperature_canonical_no_feature/beta_0.1/seed0/js_client/cifar100_beta_0.1_js_client_tkd1p00_canonical_nofeat_seed0_r500.pkl
CIFAR-100,beta_0.1,388,0.10416535437107086,0.10271100742121536,/home/minss/fl/DXFL/logs/lambda/adaptive/logs_js_granularity_temperature_canonical_no_feature/beta_0.1/seed0/js_client/cifar100_beta_0.1_js_client_tkd1p00_canonical_nofeat_seed0_r500.pkl
CIFAR-100,beta_0.1,389,0.140568495541811,0.1042659293860197,/home/minss/fl/DXFL/logs/lambda/adaptive/logs_js_granularity_temperature_canonical_no_feature/beta_0.1/seed0/js_client/cifar100_beta_0.1_js_client_tkd1p00_canonical_nofeat_seed0_r500.pkl
CIFAR-100,beta_0.1,390,0.10352380722761154,0.10651682493587333,/home/minss/fl/DXFL/logs/lambda/adaptive/logs_js_granularity_temperature_canonical_no_feature/beta_0.1/seed0/js_client/cifar100_beta_0.1_js_client_tkd1p00_canonical_nofeat_seed0_r500.pkl
CIFAR-100,beta_0.1,391,0.09048959724605084,0.10757976027826467,/home/minss/fl/DXFL/logs/lambda/adaptive/logs_js_granularity_temperature_canonical_no_feature/beta_0.1/seed0/js_client/cifar100_beta_0.1_js_client_tkd1p00_canonical_nofeat_seed0_r500.pkl
CIFAR-100,beta_0.1,392,0.08437337465584278,0.10485181512931982,/home/minss/fl/DXFL/logs/lambda/adaptive/logs_js_granularity_temperature_canonical_no_feature/beta_0.1/seed0/js_client/cifar100_beta_0.1_js_client_tkd1p00_canonical_nofeat_seed0_r500.pkl
CIFAR-100,beta_0.1,393,0.12607746720314025,0.10269565125306446,/home/minss/fl/DXFL/logs/lambda/adaptive/logs_js_granularity_temperature_canonical_no_feature/beta_0.1/seed0/js_client/cifar100_beta_0.1_js_client_tkd1p00_canonical_nofeat_seed0_r500.pkl
CIFAR-100,beta_0.1,394,0.09643677994608879,0.10112736004094283,/home/minss/fl/DXFL/logs/lambda/adaptive/logs_js_granularity_temperature_canonical_no_feature/beta_0.1/seed0/js_client/cifar100_beta_0.1_js_client_tkd1p00_canonical_nofeat_seed0_r500.pkl
CIFAR-100,beta_0.1,395,0.09959746599197387,0.10142185541490713,/home/minss/fl/DXFL/logs/lambda/adaptive/logs_js_granularity_temperature_canonical_no_feature/beta_0.1/seed0/js_client/cifar100_beta_0.1_js_client_tkd1p00_canonical_nofeat_seed0_r500.pkl
CIFAR-100,beta_0.1,396,0.13050177022814752,0.10159192882478237,/home/minss/fl/DXFL/logs/lambda/adaptive/logs_js_granularity_temperature_canonical_no_feature/beta_0.1/seed0/js_client/cifar100_beta_0.1_js_client_tkd1p00_canonical_nofeat_seed0_r500.pkl
CIFAR-100,beta_0.1,397,0.11910459846258163,0.09878707480927307,/home/minss/fl/DXFL/logs/lambda/adaptive/logs_js_granularity_temperature_canonical_no_feature/beta_0.1/seed0/js_client/cifar100_beta_0.1_js_client_tkd1p00_canonical_nofeat_seed0_r500.pkl
CIFAR-100,beta_0.1,398,0.10438631251454353,0.0974850509315729,/home/minss/fl/DXFL/logs/lambda/adaptive/logs_js_granularity_temperature_canonical_no_feature/beta_0.1/seed0/js_client/cifar100_beta_0.1_js_client_tkd1p00_canonical_nofeat_seed0_r500.pkl
CIFAR-100,beta_0.1,399,0.06542265489697456,0.0981208025664091,/home/minss/fl/DXFL/logs/lambda/adaptive/logs_js_granularity_temperature_canonical_no_feature/beta_0.1/seed0/js_client/cifar100_beta_0.1_js_client_tkd1p00_canonical_nofeat_seed0_r500.pkl
CIFAR-100,beta_0.1,400,0.07994226515293121,0.09693466258545716,/home/minss/fl/DXFL/logs/lambda/adaptive/logs_js_granularity_temperature_canonical_no_feature/beta_0.1/seed0/js_client/cifar100_beta_0.1_js_client_tkd1p00_canonical_nofeat_seed0_r500.pkl
CIFAR-100,beta_0.1,401,0.08686480335891247,0.09438167554636798,/home/minss/fl/DXFL/logs/lambda/adaptive/logs_js_granularity_temperature_canonical_no_feature/beta_0.1/seed0/js_client/cifar100_beta_0.1_js_client_tkd1p00_canonical_nofeat_seed0_r500.pkl
CIFAR-100,beta_0.1,402,0.0898730844259262,0.09164967092374961,/home/minss/fl/DXFL/logs/lambda/adaptive/logs_js_granularity_temperature_canonical_no_feature/beta_0.1/seed0/js_client/cifar100_beta_0.1_js_client_tkd1p00_canonical_nofeat_seed0_r500.pkl
CIFAR-100,beta_0.1,403,0.10671645551919937,0.09018839165568353,/home/minss/fl/DXFL/logs/lambda/adaptive/logs_js_granularity_temperature_canonical_no_feature/beta_0.1/seed0/js_client/cifar100_beta_0.1_js_client_tkd1p00_canonical_nofeat_seed0_r500.pkl
CIFAR-100,beta_0.1,404,0.09849568530917167,0.08817012873788675,/home/minss/fl/DXFL/logs/lambda/adaptive/logs_js_granularity_temperature_canonical_no_feature/beta_0.1/seed0/js_client/cifar100_beta_0.1_js_client_tkd1p00_canonical_nofeat_seed0_r500.pkl
CIFAR-100,beta_0.1,405,0.083993449062109,0.08740307273964086,/home/minss/fl/DXFL/logs/lambda/adaptive/logs_js_granularity_temperature_canonical_no_feature/beta_0.1/seed0/js_client/cifar100_beta_0.1_js_client_tkd1p00_canonical_nofeat_seed0_r500.pkl
CIFAR-100,beta_0.1,406,0.10002587176859379,0.0858916150778532,/home/minss/fl/DXFL/logs/lambda/adaptive/logs_js_granularity_temperature_canonical_no_feature/beta_0.1/seed0/js_client/cifar100_beta_0.1_js_client_tkd1p00_canonical_nofeat_seed0_r500.pkl
CIFAR-100,beta_0.1,407,0.0665812749415636,0.08780632471044857,/home/minss/fl/DXFL/logs/lambda/adaptive/logs_js_granularity_temperature_canonical_no_feature/beta_0.1/seed0/js_client/cifar100_beta_0.1_js_client_tkd1p00_canonical_nofeat_seed0_r500.pkl
CIFAR-100,beta_0.1,408,0.08778266161680222,0.0885713677604993,/home/minss/fl/DXFL/logs/lambda/adaptive/logs_js_granularity_temperature_canonical_no_feature/beta_0.1/seed0/js_client/cifar100_beta_0.1_js_client_tkd1p00_canonical_nofeat_seed0_r500.pkl
CIFAR-100,beta_0.1,409,0.05545671060681343,0.0884323268632094,/home/minss/fl/DXFL/logs/lambda/adaptive/logs_js_granularity_temperature_canonical_no_feature/beta_0.1/seed0/js_client/cifar100_beta_0.1_js_client_tkd1p00_canonical_nofeat_seed0_r500.pkl
CIFAR-100,beta_0.1,410,0.07767827697098255,0.08899669215083122,/home/minss/fl/DXFL/logs/lambda/adaptive/logs_js_granularity_temperature_canonical_no_feature/beta_0.1/seed0/js_client/cifar100_beta_0.1_js_client_tkd1p00_canonical_nofeat_seed0_r500.pkl
CIFAR-100,beta_0.1,411,0.10022782646119595,0.0884212562441826,/home/minss/fl/DXFL/logs/lambda/adaptive/logs_js_granularity_temperature_canonical_no_feature/beta_0.1/seed0/js_client/cifar100_beta_0.1_js_client_tkd1p00_canonical_nofeat_seed0_r500.pkl
CIFAR-100,beta_0.1,412,0.10759875848889351,0.08787274887164435,/home/minss/fl/DXFL/logs/lambda/adaptive/logs_js_granularity_temperature_canonical_no_feature/beta_0.1/seed0/js_client/cifar100_beta_0.1_js_client_tkd1p00_canonical_nofeat_seed0_r500.pkl
CIFAR-100,beta_0.1,413,0.0817144475877285,0.08783858110507331,/home/minss/fl/DXFL/logs/lambda/adaptive/logs_js_granularity_temperature_canonical_no_feature/beta_0.1/seed0/js_client/cifar100_beta_0.1_js_client_tkd1p00_canonical_nofeat_seed0_r500.pkl
CIFAR-100,beta_0.1,414,0.09414329938590527,0.08811514052251976,/home/minss/fl/DXFL/logs/lambda/adaptive/logs_js_granularity_temperature_canonical_no_feature/beta_0.1/seed0/js_client/cifar100_beta_0.1_js_client_tkd1p00_canonical_nofeat_seed0_r500.pkl
CIFAR-100,beta_0.1,415,0.09141791090369225,0.08986221383015315,/home/minss/fl/DXFL/logs/lambda/adaptive/logs_js_granularity_temperature_canonical_no_feature/beta_0.1/seed0/js_client/cifar100_beta_0.1_js_client_tkd1p00_canonical_nofeat_seed0_r500.pkl
CIFAR-100,beta_0.1,416,0.08477918989956379,0.0913322169582049,/home/minss/fl/DXFL/logs/lambda/adaptive/logs_js_granularity_temperature_canonical_no_feature/beta_0.1/seed0/js_client/cifar100_beta_0.1_js_client_tkd1p00_canonical_nofeat_seed0_r500.pkl
CIFAR-100,beta_0.1,417,0.09833856374025345,0.09426992386579512,/home/minss/fl/DXFL/logs/lambda/adaptive/logs_js_granularity_temperature_canonical_no_feature/beta_0.1/seed0/js_client/cifar100_beta_0.1_js_client_tkd1p00_canonical_nofeat_seed0_r500.pkl
CIFAR-100,beta_0.1,418,0.09808491691946983,0.09577411115169523,/home/minss/fl/DXFL/logs/lambda/adaptive/logs_js_granularity_temperature_canonical_no_feature/beta_0.1/seed0/js_client/cifar100_beta_0.1_js_client_tkd1p00_canonical_nofeat_seed0_r500.pkl
CIFAR-100,beta_0.1,419,0.09026807472109795,0.09567516269783179,/home/minss/fl/DXFL/logs/lambda/adaptive/logs_js_granularity_temperature_canonical_no_feature/beta_0.1/seed0/js_client/cifar100_beta_0.1_js_client_tkd1p00_canonical_nofeat_seed0_r500.pkl
CIFAR-100,beta_0.1,420,0.08348093256354332,0.09516259464124839,/home/minss/fl/DXFL/logs/lambda/adaptive/logs_js_granularity_temperature_canonical_no_feature/beta_0.1/seed0/js_client/cifar100_beta_0.1_js_client_tkd1p00_canonical_nofeat_seed0_r500.pkl
CIFAR-100,beta_0.1,421,0.1041742630302906,0.09617974763115247,/home/minss/fl/DXFL/logs/lambda/adaptive/logs_js_granularity_temperature_canonical_no_feature/beta_0.1/seed0/js_client/cifar100_beta_0.1_js_client_tkd1p00_canonical_nofeat_seed0_r500.pkl
CIFAR-100,beta_0.1,422,0.0927873745560646,0.09690657744805017,/home/minss/fl/DXFL/logs/lambda/adaptive/logs_js_granularity_temperature_canonical_no_feature/beta_0.1/seed0/js_client/cifar100_beta_0.1_js_client_tkd1p00_canonical_nofeat_seed0_r500.pkl
CIFAR-100,beta_0.1,423,0.10983270853757858,0.09626306548714637,/home/minss/fl/DXFL/logs/lambda/adaptive/logs_js_granularity_temperature_canonical_no_feature/beta_0.1/seed0/js_client/cifar100_beta_0.1_js_client_tkd1p00_canonical_nofeat_seed0_r500.pkl
CIFAR-100,beta_0.1,424,0.09952231422066689,0.09551327466964722,/home/minss/fl/DXFL/logs/lambda/adaptive/logs_js_granularity_temperature_canonical_no_feature/beta_0.1/seed0/js_client/cifar100_beta_0.1_js_client_tkd1p00_canonical_nofeat_seed0_r500.pkl
CIFAR-100,beta_0.1,425,0.10024108625948429,0.09387322612106799,/home/minss/fl/DXFL/logs/lambda/adaptive/logs_js_granularity_temperature_canonical_no_feature/beta_0.1/seed0/js_client/cifar100_beta_0.1_js_client_tkd1p00_canonical_nofeat_seed0_r500.pkl
CIFAR-100,beta_0.1,426,0.09874359965324402,0.09324163208405177,/home/minss/fl/DXFL/logs/lambda/adaptive/logs_js_granularity_temperature_canonical_no_feature/beta_0.1/seed0/js_client/cifar100_beta_0.1_js_client_tkd1p00_canonical_nofeat_seed0_r500.pkl
CIFAR-100,beta_0.1,427,0.09991023764014244,0.09333741376797358,/home/minss/fl/DXFL/logs/lambda/adaptive/logs_js_granularity_temperature_canonical_no_feature/beta_0.1/seed0/js_client/cifar100_beta_0.1_js_client_tkd1p00_canonical_nofeat_seed0_r500.pkl
CIFAR-100,beta_0.1,428,0.09697174243628978,0.09475287253657977,/home/minss/fl/DXFL/logs/lambda/adaptive/logs_js_granularity_temperature_canonical_no_feature/beta_0.1/seed0/js_client/cifar100_beta_0.1_js_client_tkd1p00_canonical_nofeat_seed0_r500.pkl
CIFAR-100,beta_0.1,429,0.10504574663937091,0.09380020208656786,/home/minss/fl/DXFL/logs/lambda/adaptive/logs_js_granularity_temperature_canonical_no_feature/beta_0.1/seed0/js_client/cifar100_beta_0.1_js_client_tkd1p00_canonical_nofeat_seed0_r500.pkl
CIFAR-100,beta_0.1,430,0.08176523149013519,0.09487738209466139,/home/minss/fl/DXFL/logs/lambda/adaptive/logs_js_granularity_temperature_canonical_no_feature/beta_0.1/seed0/js_client/cifar100_beta_0.1_js_client_tkd1p00_canonical_nofeat_seed0_r500.pkl
CIFAR-100,beta_0.1,431,0.07353232763707637,0.09477835806707541,/home/minss/fl/DXFL/logs/lambda/adaptive/logs_js_granularity_temperature_canonical_no_feature/beta_0.1/seed0/js_client/cifar100_beta_0.1_js_client_tkd1p00_canonical_nofeat_seed0_r500.pkl
CIFAR-100,beta_0.1,432,0.07373783551156521,0.09485632710158826,/home/minss/fl/DXFL/logs/lambda/adaptive/logs_js_granularity_temperature_canonical_no_feature/beta_0.1/seed0/js_client/cifar100_beta_0.1_js_client_tkd1p00_canonical_nofeat_seed0_r500.pkl
CIFAR-100,beta_0.1,433,0.08861100636422634,0.09448046619693438,/home/minss/fl/DXFL/logs/lambda/adaptive/logs_js_granularity_temperature_canonical_no_feature/beta_0.1/seed0/js_client/cifar100_beta_0.1_js_client_tkd1p00_canonical_nofeat_seed0_r500.pkl
CIFAR-100,beta_0.1,434,0.09170479997992516,0.09431201718747616,/home/minss/fl/DXFL/logs/lambda/adaptive/logs_js_granularity_temperature_canonical_no_feature/beta_0.1/seed0/js_client/cifar100_beta_0.1_js_client_tkd1p00_canonical_nofeat_seed0_r500.pkl
CIFAR-100,beta_0.1,435,0.10471281409263611,0.09378453366458415,/home/minss/fl/DXFL/logs/lambda/adaptive/logs_js_granularity_temperature_canonical_no_feature/beta_0.1/seed0/js_client/cifar100_beta_0.1_js_client_tkd1p00_canonical_nofeat_seed0_r500.pkl
CIFAR-100,beta_0.1,436,0.08988420628011226,0.09349018136660257,/home/minss/fl/DXFL/logs/lambda/adaptive/logs_js_granularity_temperature_canonical_no_feature/beta_0.1/seed0/js_client/cifar100_beta_0.1_js_client_tkd1p00_canonical_nofeat_seed0_r500.pkl
CIFAR-100,beta_0.1,437,0.10894507467746735,0.09352323820193609,/home/minss/fl/DXFL/logs/lambda/adaptive/logs_js_granularity_temperature_canonical_no_feature/beta_0.1/seed0/js_client/cifar100_beta_0.1_js_client_tkd1p00_canonical_nofeat_seed0_r500.pkl
CIFAR-100,beta_0.1,438,0.10834734812378884,0.09338831757505735,/home/minss/fl/DXFL/logs/lambda/adaptive/logs_js_granularity_temperature_canonical_no_feature/beta_0.1/seed0/js_client/cifar100_beta_0.1_js_client_tkd1p00_canonical_nofeat_seed0_r500.pkl
CIFAR-100,beta_0.1,439,0.10069184973835946,0.09481750945250193,/home/minss/fl/DXFL/logs/lambda/adaptive/logs_js_granularity_temperature_canonical_no_feature/beta_0.1/seed0/js_client/cifar100_beta_0.1_js_client_tkd1p00_canonical_nofeat_seed0_r500.pkl
CIFAR-100,beta_0.1,440,0.09460317268967629,0.09523842625319959,/home/minss/fl/DXFL/logs/lambda/adaptive/logs_js_granularity_temperature_canonical_no_feature/beta_0.1/seed0/js_client/cifar100_beta_0.1_js_client_tkd1p00_canonical_nofeat_seed0_r500.pkl
CIFAR-100,beta_0.1,441,0.09621686451137065,0.09478627607226373,/home/minss/fl/DXFL/logs/lambda/adaptive/logs_js_granularity_temperature_canonical_no_feature/beta_0.1/seed0/js_client/cifar100_beta_0.1_js_client_tkd1p00_canonical_nofeat_seed0_r500.pkl
CIFAR-100,beta_0.1,442,0.09199798479676247,0.0944657908131679,/home/minss/fl/DXFL/logs/lambda/adaptive/logs_js_granularity_temperature_canonical_no_feature/beta_0.1/seed0/js_client/cifar100_beta_0.1_js_client_tkd1p00_canonical_nofeat_seed0_r500.pkl
CIFAR-100,beta_0.1,443,0.09255645796656609,0.09329714197665454,/home/minss/fl/DXFL/logs/lambda/adaptive/logs_js_granularity_temperature_canonical_no_feature/beta_0.1/seed0/js_client/cifar100_beta_0.1_js_client_tkd1p00_canonical_nofeat_seed0_r500.pkl
CIFAR-100,beta_0.1,444,0.10554159916937352,0.09254541800667843,/home/minss/fl/DXFL/logs/lambda/adaptive/logs_js_granularity_temperature_canonical_no_feature/beta_0.1/seed0/js_client/cifar100_beta_0.1_js_client_tkd1p00_canonical_nofeat_seed0_r500.pkl
CIFAR-100,beta_0.1,445,0.07974142208695412,0.09159962734828393,/home/minss/fl/DXFL/logs/lambda/adaptive/logs_js_granularity_temperature_canonical_no_feature/beta_0.1/seed0/js_client/cifar100_beta_0.1_js_client_tkd1p00_canonical_nofeat_seed0_r500.pkl
CIFAR-100,beta_0.1,446,0.09497020579874516,0.0899905870233973,/home/minss/fl/DXFL/logs/lambda/adaptive/logs_js_granularity_temperature_canonical_no_feature/beta_0.1/seed0/js_client/cifar100_beta_0.1_js_client_tkd1p00_canonical_nofeat_seed0_r500.pkl
CIFAR-100,beta_0.1,447,0.08005158752202987,0.08939084960768622,/home/minss/fl/DXFL/logs/lambda/adaptive/logs_js_granularity_temperature_canonical_no_feature/beta_0.1/seed0/js_client/cifar100_beta_0.1_js_client_tkd1p00_canonical_nofeat_seed0_r500.pkl
CIFAR-100,beta_0.1,448,0.08182875365018845,0.08951245867957672,/home/minss/fl/DXFL/logs/lambda/adaptive/logs_js_granularity_temperature_canonical_no_feature/beta_0.1/seed0/js_client/cifar100_beta_0.1_js_client_tkd1p00_canonical_nofeat_seed0_r500.pkl
CIFAR-100,beta_0.1,449,0.08689752109348774,0.09077616821974517,/home/minss/fl/DXFL/logs/lambda/adaptive/logs_js_granularity_temperature_canonical_no_feature/beta_0.1/seed0/js_client/cifar100_beta_0.1_js_client_tkd1p00_canonical_nofeat_seed0_r500.pkl
CIFAR-100,beta_0.1,450,0.0871830815449357,0.09161829616874458,/home/minss/fl/DXFL/logs/lambda/adaptive/logs_js_granularity_temperature_canonical_no_feature/beta_0.1/seed0/js_client/cifar100_beta_0.1_js_client_tkd1p00_canonical_nofeat_seed0_r500.pkl
CIFAR-100,beta_0.1,451,0.07860834673047065,0.09272891612102588,/home/minss/fl/DXFL/logs/lambda/adaptive/logs_js_granularity_temperature_canonical_no_feature/beta_0.1/seed0/js_client/cifar100_beta_0.1_js_client_tkd1p00_canonical_nofeat_seed0_r500.pkl
CIFAR-100,beta_0.1,452,0.09475821480154992,0.09235707619537908,/home/minss/fl/DXFL/logs/lambda/adaptive/logs_js_granularity_temperature_canonical_no_feature/beta_0.1/seed0/js_client/cifar100_beta_0.1_js_client_tkd1p00_canonical_nofeat_seed0_r500.pkl
CIFAR-100,beta_0.1,453,0.08421174325048923,0.09364407731841005,/home/minss/fl/DXFL/logs/lambda/adaptive/logs_js_granularity_temperature_canonical_no_feature/beta_0.1/seed0/js_client/cifar100_beta_0.1_js_client_tkd1p00_canonical_nofeat_seed0_r500.pkl
CIFAR-100,beta_0.1,454,0.09169578850269318,0.09420948918908832,/home/minss/fl/DXFL/logs/lambda/adaptive/logs_js_granularity_temperature_canonical_no_feature/beta_0.1/seed0/js_client/cifar100_beta_0.1_js_client_tkd1p00_canonical_nofeat_seed0_r500.pkl
CIFAR-100,beta_0.1,455,0.09642730876803399,0.09688961333284773,/home/minss/fl/DXFL/logs/lambda/adaptive/logs_js_granularity_temperature_canonical_no_feature/beta_0.1/seed0/js_client/cifar100_beta_0.1_js_client_tkd1p00_canonical_nofeat_seed0_r500.pkl
CIFAR-100,beta_0.1,456,0.11517250761389733,0.09978214677423237,/home/minss/fl/DXFL/logs/lambda/adaptive/logs_js_granularity_temperature_canonical_no_feature/beta_0.1/seed0/js_client/cifar100_beta_0.1_js_client_tkd1p00_canonical_nofeat_seed0_r500.pkl
CIFAR-100,beta_0.1,457,0.10462990403175354,0.10115936307857434,/home/minss/fl/DXFL/logs/lambda/adaptive/logs_js_granularity_temperature_canonical_no_feature/beta_0.1/seed0/js_client/cifar100_beta_0.1_js_client_tkd1p00_canonical_nofeat_seed0_r500.pkl
CIFAR-100,beta_0.1,458,0.10921575725078583,0.10330715894699097,/home/minss/fl/DXFL/logs/lambda/adaptive/logs_js_granularity_temperature_canonical_no_feature/beta_0.1/seed0/js_client/cifar100_beta_0.1_js_client_tkd1p00_canonical_nofeat_seed0_r500.pkl
CIFAR-100,beta_0.1,459,0.09996400028467178,0.10472055335839589,/home/minss/fl/DXFL/logs/lambda/adaptive/logs_js_granularity_temperature_canonical_no_feature/beta_0.1/seed0/js_client/cifar100_beta_0.1_js_client_tkd1p00_canonical_nofeat_seed0_r500.pkl
CIFAR-100,beta_0.1,460,0.09904643893241882,0.1058574185768763,/home/minss/fl/DXFL/logs/lambda/adaptive/logs_js_granularity_temperature_canonical_no_feature/beta_0.1/seed0/js_client/cifar100_beta_0.1_js_client_tkd1p00_canonical_nofeat_seed0_r500.pkl
CIFAR-100,beta_0.1,461,0.10345138385891914,0.10863866793612638,/home/minss/fl/DXFL/logs/lambda/adaptive/logs_js_granularity_temperature_canonical_no_feature/beta_0.1/seed0/js_client/cifar100_beta_0.1_js_client_tkd1p00_canonical_nofeat_seed0_r500.pkl
CIFAR-100,beta_0.1,462,0.12025344967842103,0.10944912157952782,/home/minss/fl/DXFL/logs/lambda/adaptive/logs_js_granularity_temperature_canonical_no_feature/beta_0.1/seed0/js_client/cifar100_beta_0.1_js_client_tkd1p00_canonical_nofeat_seed0_r500.pkl
CIFAR-100,beta_0.1,463,0.12521675527095794,0.11185590835909046,/home/minss/fl/DXFL/logs/lambda/adaptive/logs_js_granularity_temperature_canonical_no_feature/beta_0.1/seed0/js_client/cifar100_beta_0.1_js_client_tkd1p00_canonical_nofeat_seed0_r500.pkl
CIFAR-100,beta_0.1,464,0.10755576565861702,0.11074099980294702,/home/minss/fl/DXFL/logs/lambda/adaptive/logs_js_granularity_temperature_canonical_no_feature/beta_0.1/seed0/js_client/cifar100_beta_0.1_js_client_tkd1p00_canonical_nofeat_seed0_r500.pkl
CIFAR-100,beta_0.1,465,0.11940001957118511,0.10911261923611164,/home/minss/fl/DXFL/logs/lambda/adaptive/logs_js_granularity_temperature_canonical_no_feature/beta_0.1/seed0/js_client/cifar100_beta_0.1_js_client_tkd1p00_canonical_nofeat_seed0_r500.pkl
CIFAR-100,beta_0.1,466,0.09980926290154457,0.10693337912360827,/home/minss/fl/DXFL/logs/lambda/adaptive/logs_js_granularity_temperature_canonical_no_feature/beta_0.1/seed0/js_client/cifar100_beta_0.1_js_client_tkd1p00_canonical_nofeat_seed0_r500.pkl
CIFAR-100,beta_0.1,467,0.11181119307875634,0.10684891626238824,/home/minss/fl/DXFL/logs/lambda/adaptive/logs_js_granularity_temperature_canonical_no_feature/beta_0.1/seed0/js_client/cifar100_beta_0.1_js_client_tkd1p00_canonical_nofeat_seed0_r500.pkl
CIFAR-100,beta_0.1,468,0.12593048363924025,0.108024140894413,/home/minss/fl/DXFL/logs/lambda/adaptive/logs_js_granularity_temperature_canonical_no_feature/beta_0.1/seed0/js_client/cifar100_beta_0.1_js_client_tkd1p00_canonical_nofeat_seed0_r500.pkl
CIFAR-100,beta_0.1,469,0.10385259315371513,0.10772870173056923,/home/minss/fl/DXFL/logs/lambda/adaptive/logs_js_granularity_temperature_canonical_no_feature/beta_0.1/seed0/js_client/cifar100_beta_0.1_js_client_tkd1p00_canonical_nofeat_seed0_r500.pkl
CIFAR-100,beta_0.1,470,0.13252911046147348,0.10675116270780564,/home/minss/fl/DXFL/logs/lambda/adaptive/logs_js_granularity_temperature_canonical_no_feature/beta_0.1/seed0/js_client/cifar100_beta_0.1_js_client_tkd1p00_canonical_nofeat_seed0_r500.pkl
CIFAR-100,beta_0.1,471,0.09844887927174568,0.10499632701277734,/home/minss/fl/DXFL/logs/lambda/adaptive/logs_js_granularity_temperature_canonical_no_feature/beta_0.1/seed0/js_client/cifar100_beta_0.1_js_client_tkd1p00_canonical_nofeat_seed0_r500.pkl
CIFAR-100,beta_0.1,472,0.08020419552922249,0.1051320732633273,/home/minss/fl/DXFL/logs/lambda/adaptive/logs_js_granularity_temperature_canonical_no_feature/beta_0.1/seed0/js_client/cifar100_beta_0.1_js_client_tkd1p00_canonical_nofeat_seed0_r500.pkl
CIFAR-100,beta_0.1,473,0.07652715556323528,0.10407011384765308,/home/minss/fl/DXFL/logs/lambda/adaptive/logs_js_granularity_temperature_canonical_no_feature/beta_0.1/seed0/js_client/cifar100_beta_0.1_js_client_tkd1p00_canonical_nofeat_seed0_r500.pkl
CIFAR-100,beta_0.1,474,0.09869705736637116,0.10514663870135943,/home/minss/fl/DXFL/logs/lambda/adaptive/logs_js_granularity_temperature_canonical_no_feature/beta_0.1/seed0/js_client/cifar100_beta_0.1_js_client_tkd1p00_canonical_nofeat_seed0_r500.pkl
CIFAR-100,beta_0.1,475,0.11667480841279029,0.10383591026067734,/home/minss/fl/DXFL/logs/lambda/adaptive/logs_js_granularity_temperature_canonical_no_feature/beta_0.1/seed0/js_client/cifar100_beta_0.1_js_client_tkd1p00_canonical_nofeat_seed0_r500.pkl
CIFAR-100,beta_0.1,476,0.09901979640126228,0.10156357333064081,/home/minss/fl/DXFL/logs/lambda/adaptive/logs_js_granularity_temperature_canonical_no_feature/beta_0.1/seed0/js_client/cifar100_beta_0.1_js_client_tkd1p00_canonical_nofeat_seed0_r500.pkl
CIFAR-100,beta_0.1,477,0.10559036433696747,0.10039849440256755,/home/minss/fl/DXFL/logs/lambda/adaptive/logs_js_granularity_temperature_canonical_no_feature/beta_0.1/seed0/js_client/cifar100_beta_0.1_js_client_tkd1p00_canonical_nofeat_seed0_r500.pkl
CIFAR-100,beta_0.1,478,0.09889421984553337,0.09779311125477157,/home/minss/fl/DXFL/logs/lambda/adaptive/logs_js_granularity_temperature_canonical_no_feature/beta_0.1/seed0/js_client/cifar100_beta_0.1_js_client_tkd1p00_canonical_nofeat_seed0_r500.pkl
CIFAR-100,beta_0.1,479,0.10959195941686631,0.09700631260871889,/home/minss/fl/DXFL/logs/lambda/adaptive/logs_js_granularity_temperature_canonical_no_feature/beta_0.1/seed0/js_client/cifar100_beta_0.1_js_client_tkd1p00_canonical_nofeat_seed0_r500.pkl
CIFAR-100,beta_0.1,480,0.10347062833607197,0.09885809913277628,/home/minss/fl/DXFL/logs/lambda/adaptive/logs_js_granularity_temperature_canonical_no_feature/beta_0.1/seed0/js_client/cifar100_beta_0.1_js_client_tkd1p00_canonical_nofeat_seed0_r500.pkl
CIFAR-100,beta_0.1,481,0.11595713570713997,0.09941215579708419,/home/minss/fl/DXFL/logs/lambda/adaptive/logs_js_granularity_temperature_canonical_no_feature/beta_0.1/seed0/js_client/cifar100_beta_0.1_js_client_tkd1p00_canonical_nofeat_seed0_r500.pkl
CIFAR-100,beta_0.1,482,0.09215026646852494,0.10046874299645425,/home/minss/fl/DXFL/logs/lambda/adaptive/logs_js_granularity_temperature_canonical_no_feature/beta_0.1/seed0/js_client/cifar100_beta_0.1_js_client_tkd1p00_canonical_nofeat_seed0_r500.pkl
CIFAR-100,beta_0.1,483,0.0918454296886921,0.09988341053326925,/home/minss/fl/DXFL/logs/lambda/adaptive/logs_js_granularity_temperature_canonical_no_feature/beta_0.1/seed0/js_client/cifar100_beta_0.1_js_client_tkd1p00_canonical_nofeat_seed0_r500.pkl
CIFAR-100,beta_0.1,484,0.08637640923261643,0.10073197752237319,/home/minss/fl/DXFL/logs/lambda/adaptive/logs_js_granularity_temperature_canonical_no_feature/beta_0.1/seed0/js_client/cifar100_beta_0.1_js_client_tkd1p00_canonical_nofeat_seed0_r500.pkl
CIFAR-100,beta_0.1,485,0.09344836324453354,0.10018962696194648,/home/minss/fl/DXFL/logs/lambda/adaptive/logs_js_granularity_temperature_canonical_no_feature/beta_0.1/seed0/js_client/cifar100_beta_0.1_js_client_tkd1p00_canonical_nofeat_seed0_r500.pkl
CIFAR-100,beta_0.1,486,0.0866468995809555,0.10164955963691073,/home/minss/fl/DXFL/logs/lambda/adaptive/logs_js_granularity_temperature_canonical_no_feature/beta_0.1/seed0/js_client/cifar100_beta_0.1_js_client_tkd1p00_canonical_nofeat_seed0_r500.pkl
CIFAR-100,beta_0.1,487,0.10798099339008331,0.10161067237456638,/home/minss/fl/DXFL/logs/lambda/adaptive/logs_js_granularity_temperature_canonical_no_feature/beta_0.1/seed0/js_client/cifar100_beta_0.1_js_client_tkd1p00_canonical_nofeat_seed0_r500.pkl
CIFAR-100,beta_0.1,488,0.08483800552785396,0.10161557527879873,/home/minss/fl/DXFL/logs/lambda/adaptive/logs_js_granularity_temperature_canonical_no_feature/beta_0.1/seed0/js_client/cifar100_beta_0.1_js_client_tkd1p00_canonical_nofeat_seed0_r500.pkl
CIFAR-100,beta_0.1,489,0.11454586535692216,0.10003210961818694,/home/minss/fl/DXFL/logs/lambda/adaptive/logs_js_granularity_temperature_canonical_no_feature/beta_0.1/seed0/js_client/cifar100_beta_0.1_js_client_tkd1p00_canonical_nofeat_seed0_r500.pkl
CIFAR-100,beta_0.1,490,0.10789482146501542,0.10001811136802036,/home/minss/fl/DXFL/logs/lambda/adaptive/logs_js_granularity_temperature_canonical_no_feature/beta_0.1/seed0/js_client/cifar100_beta_0.1_js_client_tkd1p00_canonical_nofeat_seed0_r500.pkl
CIFAR-100,beta_0.1,491,0.11174830123782158,0.10134012396136917,/home/minss/fl/DXFL/logs/lambda/adaptive/logs_js_granularity_temperature_canonical_no_feature/beta_0.1/seed0/js_client/cifar100_beta_0.1_js_client_tkd1p00_canonical_nofeat_seed0_r500.pkl
CIFAR-100,beta_0.1,492,0.09745510593056679,0.10205792240798471,/home/minss/fl/DXFL/logs/lambda/adaptive/logs_js_granularity_temperature_canonical_no_feature/beta_0.1/seed0/js_client/cifar100_beta_0.1_js_client_tkd1p00_canonical_nofeat_seed0_r500.pkl
CIFAR-100,beta_0.1,493,0.1207932099699974,0.10286076282461482,/home/minss/fl/DXFL/logs/lambda/adaptive/logs_js_granularity_temperature_canonical_no_feature/beta_0.1/seed0/js_client/cifar100_beta_0.1_js_client_tkd1p00_canonical_nofeat_seed0_r500.pkl
CIFAR-100,beta_0.1,494,0.1090086504817009,0.10411703415215014,/home/minss/fl/DXFL/logs/lambda/adaptive/logs_js_granularity_temperature_canonical_no_feature/beta_0.1/seed0/js_client/cifar100_beta_0.1_js_client_tkd1p00_canonical_nofeat_seed0_r500.pkl
CIFAR-100,beta_0.1,495,0.10354417189955711,0.10395103255907694,/home/minss/fl/DXFL/logs/lambda/adaptive/logs_js_granularity_temperature_canonical_no_feature/beta_0.1/seed0/js_client/cifar100_beta_0.1_js_client_tkd1p00_canonical_nofeat_seed0_r500.pkl
CIFAR-100,beta_0.1,496,0.09220515079796314,0.10532789682348569,/home/minss/fl/DXFL/logs/lambda/adaptive/logs_js_granularity_temperature_canonical_no_feature/beta_0.1/seed0/js_client/cifar100_beta_0.1_js_client_tkd1p00_canonical_nofeat_seed0_r500.pkl
CIFAR-100,beta_0.1,497,0.0919402927160263,0.1047242370992899,/home/minss/fl/DXFL/logs/lambda/adaptive/logs_js_granularity_temperature_canonical_no_feature/beta_0.1/seed0/js_client/cifar100_beta_0.1_js_client_tkd1p00_canonical_nofeat_seed0_r500.pkl
CIFAR-100,beta_0.1,498,0.11167561858892441,0.10456398030122123,/home/minss/fl/DXFL/logs/lambda/adaptive/logs_js_granularity_temperature_canonical_no_feature/beta_0.1/seed0/js_client/cifar100_beta_0.1_js_client_tkd1p00_canonical_nofeat_seed0_r500.pkl
CIFAR-100,beta_0.1,499,0.09714338593184949,0.10414682485163212,/home/minss/fl/DXFL/logs/lambda/adaptive/logs_js_granularity_temperature_canonical_no_feature/beta_0.1/seed0/js_client/cifar100_beta_0.1_js_client_tkd1p00_canonical_nofeat_seed0_r500.pkl
CIFAR-100,beta_0.1,500,0.10549096949398518,0.10468254908919335,/home/minss/fl/DXFL/logs/lambda/adaptive/logs_js_granularity_temperature_canonical_no_feature/beta_0.1/seed0/js_client/cifar100_beta_0.1_js_client_tkd1p00_canonical_nofeat_seed0_r500.pkl
TinyImageNet,iid,1,3.8514444256065874e-08,2.8905592778372126e-05,/home/minss/fl/DXFL/logs/lambda/final/logs_js_client_ofat_extensions_seed0/dataset/tinyimagenet/tinyimagenet/iid/seed0/adaptive_js_client/tinyimagenet_dataset_tinyimagenet_iid_js_client_lmax1p00_tau0p85_tkd1p00_nofeat_canonical_seed0_r100.pkl
TinyImageNet,iid,2,1.7805781317292714e-05,0.00011924804234851649,/home/minss/fl/DXFL/logs/lambda/final/logs_js_client_ofat_extensions_seed0/dataset/tinyimagenet/tinyimagenet/iid/seed0/adaptive_js_client/tinyimagenet_dataset_tinyimagenet_iid_js_client_lmax1p00_tau0p85_tkd1p00_nofeat_canonical_seed0_r100.pkl
TinyImageNet,iid,3,0.0001266066392417997,0.00031492799016255904,/home/minss/fl/DXFL/logs/lambda/final/logs_js_client_ofat_extensions_seed0/dataset/tinyimagenet/tinyimagenet/iid/seed0/adaptive_js_client/tinyimagenet_dataset_tinyimagenet_iid_js_client_lmax1p00_tau0p85_tkd1p00_nofeat_canonical_seed0_r100.pkl
TinyImageNet,iid,4,0.0004517507622949779,0.000633545463133487,/home/minss/fl/DXFL/logs/lambda/final/logs_js_client_ofat_extensions_seed0/dataset/tinyimagenet/tinyimagenet/iid/seed0/adaptive_js_client/tinyimagenet_dataset_tinyimagenet_iid_js_client_lmax1p00_tau0p85_tkd1p00_nofeat_canonical_seed0_r100.pkl
TinyImageNet,iid,5,0.0009784382535144686,0.0011633852671366187,/home/minss/fl/DXFL/logs/lambda/final/logs_js_client_ofat_extensions_seed0/dataset/tinyimagenet/tinyimagenet/iid/seed0/adaptive_js_client/tinyimagenet_dataset_tinyimagenet_iid_js_client_lmax1p00_tau0p85_tkd1p00_nofeat_canonical_seed0_r100.pkl
TinyImageNet,iid,6,0.0015931258792988956,0.0019228589534759522,/home/minss/fl/DXFL/logs/lambda/final/logs_js_client_ofat_extensions_seed0/dataset/tinyimagenet/tinyimagenet/iid/seed0/adaptive_js_client/tinyimagenet_dataset_tinyimagenet_iid_js_client_lmax1p00_tau0p85_tkd1p00_nofeat_canonical_seed0_r100.pkl
TinyImageNet,iid,7,0.0026670048013329507,0.002833721928764135,/home/minss/fl/DXFL/logs/lambda/final/logs_js_client_ofat_extensions_seed0/dataset/tinyimagenet/tinyimagenet/iid/seed0/adaptive_js_client/tinyimagenet_dataset_tinyimagenet_iid_js_client_lmax1p00_tau0p85_tkd1p00_nofeat_canonical_seed0_r100.pkl
TinyImageNet,iid,8,0.003923975070938468,0.0040271715703420335,/home/minss/fl/DXFL/logs/lambda/final/logs_js_client_ofat_extensions_seed0/dataset/tinyimagenet/tinyimagenet/iid/seed0/adaptive_js_client/tinyimagenet_dataset_tinyimagenet_iid_js_client_lmax1p00_tau0p85_tkd1p00_nofeat_canonical_seed0_r100.pkl
TinyImageNet,iid,9,0.00500606563873589,0.005430570943281055,/home/minss/fl/DXFL/logs/lambda/final/logs_js_client_ofat_extensions_seed0/dataset/tinyimagenet/tinyimagenet/iid/seed0/adaptive_js_client/tinyimagenet_dataset_tinyimagenet_iid_js_client_lmax1p00_tau0p85_tkd1p00_nofeat_canonical_seed0_r100.pkl
TinyImageNet,iid,10,0.006945686461403966,0.007157778823748231,/home/minss/fl/DXFL/logs/lambda/final/logs_js_client_ofat_extensions_seed0/dataset/tinyimagenet/tinyimagenet/iid/seed0/adaptive_js_client/tinyimagenet_dataset_tinyimagenet_iid_js_client_lmax1p00_tau0p85_tkd1p00_nofeat_canonical_seed0_r100.pkl
TinyImageNet,iid,11,0.008610122743993998,0.00892257397994399,/home/minss/fl/DXFL/logs/lambda/final/logs_js_client_ofat_extensions_seed0/dataset/tinyimagenet/tinyimagenet/iid/seed0/adaptive_js_client/tinyimagenet_dataset_tinyimagenet_iid_js_client_lmax1p00_tau0p85_tkd1p00_nofeat_canonical_seed0_r100.pkl
TinyImageNet,iid,12,0.011303044203668833,0.011027905652299524,/home/minss/fl/DXFL/logs/lambda/final/logs_js_client_ofat_extensions_seed0/dataset/tinyimagenet/tinyimagenet/iid/seed0/adaptive_js_client/tinyimagenet_dataset_tinyimagenet_iid_js_client_lmax1p00_tau0p85_tkd1p00_nofeat_canonical_seed0_r100.pkl
TinyImageNet,iid,13,0.012747950851917267,0.013383538611233235,/home/minss/fl/DXFL/logs/lambda/final/logs_js_client_ofat_extensions_seed0/dataset/tinyimagenet/tinyimagenet/iid/seed0/adaptive_js_client/tinyimagenet_dataset_tinyimagenet_iid_js_client_lmax1p00_tau0p85_tkd1p00_nofeat_canonical_seed0_r100.pkl
TinyImageNet,iid,14,0.015532724000513554,0.016110683139413596,/home/minss/fl/DXFL/logs/lambda/final/logs_js_client_ofat_extensions_seed0/dataset/tinyimagenet/tinyimagenet/iid/seed0/adaptive_js_client/tinyimagenet_dataset_tinyimagenet_iid_js_client_lmax1p00_tau0p85_tkd1p00_nofeat_canonical_seed0_r100.pkl
TinyImageNet,iid,15,0.01872385125607252,0.018653549402952194,/home/minss/fl/DXFL/logs/lambda/final/logs_js_client_ofat_extensions_seed0/dataset/tinyimagenet/tinyimagenet/iid/seed0/adaptive_js_client/tinyimagenet_dataset_tinyimagenet_iid_js_client_lmax1p00_tau0p85_tkd1p00_nofeat_canonical_seed0_r100.pkl
TinyImageNet,iid,16,0.022245845384895803,0.02176484301686287,/home/minss/fl/DXFL/logs/lambda/final/logs_js_client_ofat_extensions_seed0/dataset/tinyimagenet/tinyimagenet/iid/seed0/adaptive_js_client/tinyimagenet_dataset_tinyimagenet_iid_js_client_lmax1p00_tau0p85_tkd1p00_nofeat_canonical_seed0_r100.pkl
TinyImageNet,iid,17,0.02401737552136183,0.025088998004794125,/home/minss/fl/DXFL/logs/lambda/final/logs_js_client_ofat_extensions_seed0/dataset/tinyimagenet/tinyimagenet/iid/seed0/adaptive_js_client/tinyimagenet_dataset_tinyimagenet_iid_js_client_lmax1p00_tau0p85_tkd1p00_nofeat_canonical_seed0_r100.pkl
TinyImageNet,iid,18,0.02830441892147064,0.028490992002189162,/home/minss/fl/DXFL/logs/lambda/final/logs_js_client_ofat_extensions_seed0/dataset/tinyimagenet/tinyimagenet/iid/seed0/adaptive_js_client/tinyimagenet_dataset_tinyimagenet_iid_js_client_lmax1p00_tau0p85_tkd1p00_nofeat_canonical_seed0_r100.pkl
TinyImageNet,iid,19,0.03215349894016981,0.031673336848616604,/home/minss/fl/DXFL/logs/lambda/final/logs_js_client_ofat_extensions_seed0/dataset/tinyimagenet/tinyimagenet/iid/seed0/adaptive_js_client/tinyimagenet_dataset_tinyimagenet_iid_js_client_lmax1p00_tau0p85_tkd1p00_nofeat_canonical_seed0_r100.pkl
TinyImageNet,iid,20,0.03573382124304771,0.03591771710664034,/home/minss/fl/DXFL/logs/lambda/final/logs_js_client_ofat_extensions_seed0/dataset/tinyimagenet/tinyimagenet/iid/seed0/adaptive_js_client/tinyimagenet_dataset_tinyimagenet_iid_js_client_lmax1p00_tau0p85_tkd1p00_nofeat_canonical_seed0_r100.pkl
TinyImageNet,iid,21,0.038157569617033,0.039986487440764905,/home/minss/fl/DXFL/logs/lambda/final/logs_js_client_ofat_extensions_seed0/dataset/tinyimagenet/tinyimagenet/iid/seed0/adaptive_js_client/tinyimagenet_dataset_tinyimagenet_iid_js_client_lmax1p00_tau0p85_tkd1p00_nofeat_canonical_seed0_r100.pkl
TinyImageNet,iid,22,0.045239276811480524,0.04455736719071865,/home/minss/fl/DXFL/logs/lambda/final/logs_js_client_ofat_extensions_seed0/dataset/tinyimagenet/tinyimagenet/iid/seed0/adaptive_js_client/tinyimagenet_dataset_tinyimagenet_iid_js_client_lmax1p00_tau0p85_tkd1p00_nofeat_canonical_seed0_r100.pkl
TinyImageNet,iid,23,0.048648270592093465,0.04881064020097256,/home/minss/fl/DXFL/logs/lambda/final/logs_js_client_ofat_extensions_seed0/dataset/tinyimagenet/tinyimagenet/iid/seed0/adaptive_js_client/tinyimagenet_dataset_tinyimagenet_iid_js_client_lmax1p00_tau0p85_tkd1p00_nofeat_canonical_seed0_r100.pkl
TinyImageNet,iid,24,0.055007897689938544,0.053265612125396725,/home/minss/fl/DXFL/logs/lambda/final/logs_js_client_ofat_extensions_seed0/dataset/tinyimagenet/tinyimagenet/iid/seed0/adaptive_js_client/tinyimagenet_dataset_tinyimagenet_iid_js_client_lmax1p00_tau0p85_tkd1p00_nofeat_canonical_seed0_r100.pkl
TinyImageNet,iid,25,0.057000186294317245,0.05719441227614879,/home/minss/fl/DXFL/logs/lambda/final/logs_js_client_ofat_extensions_seed0/dataset/tinyimagenet/tinyimagenet/iid/seed0/adaptive_js_client/tinyimagenet_dataset_tinyimagenet_iid_js_client_lmax1p00_tau0p85_tkd1p00_nofeat_canonical_seed0_r100.pkl
TinyImageNet,iid,26,0.06043242923915386,0.061597735732793805,/home/minss/fl/DXFL/logs/lambda/final/logs_js_client_ofat_extensions_seed0/dataset/tinyimagenet/tinyimagenet/iid/seed0/adaptive_js_client/tinyimagenet_dataset_tinyimagenet_iid_js_client_lmax1p00_tau0p85_tkd1p00_nofeat_canonical_seed0_r100.pkl
TinyImageNet,iid,27,0.06488327756524086,0.06570151679217816,/home/minss/fl/DXFL/logs/lambda/final/logs_js_client_ofat_extensions_seed0/dataset/tinyimagenet/tinyimagenet/iid/seed0/adaptive_js_client/tinyimagenet_dataset_tinyimagenet_iid_js_client_lmax1p00_tau0p85_tkd1p00_nofeat_canonical_seed0_r100.pkl
TinyImageNet,iid,28,0.07066488787531852,0.07064265824854374,/home/minss/fl/DXFL/logs/lambda/final/logs_js_client_ofat_extensions_seed0/dataset/tinyimagenet/tinyimagenet/iid/seed0/adaptive_js_client/tinyimagenet_dataset_tinyimagenet_iid_js_client_lmax1p00_tau0p85_tkd1p00_nofeat_canonical_seed0_r100.pkl
TinyImageNet,iid,29,0.07552680298686028,0.0764994440972805,/home/minss/fl/DXFL/logs/lambda/final/logs_js_client_ofat_extensions_seed0/dataset/tinyimagenet/tinyimagenet/iid/seed0/adaptive_js_client/tinyimagenet_dataset_tinyimagenet_iid_js_client_lmax1p00_tau0p85_tkd1p00_nofeat_canonical_seed0_r100.pkl
TinyImageNet,iid,30,0.08170589357614517,0.08158657073974611,/home/minss/fl/DXFL/logs/lambda/final/logs_js_client_ofat_extensions_seed0/dataset/tinyimagenet/tinyimagenet/iid/seed0/adaptive_js_client/tinyimagenet_dataset_tinyimagenet_iid_js_client_lmax1p00_tau0p85_tkd1p00_nofeat_canonical_seed0_r100.pkl
TinyImageNet,iid,31,0.08971635848283768,0.0863142588734627,/home/minss/fl/DXFL/logs/lambda/final/logs_js_client_ofat_extensions_seed0/dataset/tinyimagenet/tinyimagenet/iid/seed0/adaptive_js_client/tinyimagenet_dataset_tinyimagenet_iid_js_client_lmax1p00_tau0p85_tkd1p00_nofeat_canonical_seed0_r100.pkl
TinyImageNet,iid,32,0.09031891077756882,0.09034686043858531,/home/minss/fl/DXFL/logs/lambda/final/logs_js_client_ofat_extensions_seed0/dataset/tinyimagenet/tinyimagenet/iid/seed0/adaptive_js_client/tinyimagenet_dataset_tinyimagenet_iid_js_client_lmax1p00_tau0p85_tkd1p00_nofeat_canonical_seed0_r100.pkl
TinyImageNet,iid,33,0.09430332854390144,0.09459530100226403,/home/minss/fl/DXFL/logs/lambda/final/logs_js_client_ofat_extensions_seed0/dataset/tinyimagenet/tinyimagenet/iid/seed0/adaptive_js_client/tinyimagenet_dataset_tinyimagenet_iid_js_client_lmax1p00_tau0p85_tkd1p00_nofeat_canonical_seed0_r100.pkl
TinyImageNet,iid,34,0.0956898108124733,0.09925127163529397,/home/minss/fl/DXFL/logs/lambda/final/logs_js_client_ofat_extensions_seed0/dataset/tinyimagenet/tinyimagenet/iid/seed0/adaptive_js_client/tinyimagenet_dataset_tinyimagenet_iid_js_client_lmax1p00_tau0p85_tkd1p00_nofeat_canonical_seed0_r100.pkl
TinyImageNet,iid,35,0.10294809639453888,0.1044449669122696,/home/minss/fl/DXFL/logs/lambda/final/logs_js_client_ofat_extensions_seed0/dataset/tinyimagenet/tinyimagenet/iid/seed0/adaptive_js_client/tinyimagenet_dataset_tinyimagenet_iid_js_client_lmax1p00_tau0p85_tkd1p00_nofeat_canonical_seed0_r100.pkl
TinyImageNet,iid,36,0.11299621164798737,0.11121582448482514,/home/minss/fl/DXFL/logs/lambda/final/logs_js_client_ofat_extensions_seed0/dataset/tinyimagenet/tinyimagenet/iid/seed0/adaptive_js_client/tinyimagenet_dataset_tinyimagenet_iid_js_client_lmax1p00_tau0p85_tkd1p00_nofeat_canonical_seed0_r100.pkl
TinyImageNet,iid,37,0.11628738716244698,0.11818213552236558,/home/minss/fl/DXFL/logs/lambda/final/logs_js_client_ofat_extensions_seed0/dataset/tinyimagenet/tinyimagenet/iid/seed0/adaptive_js_client/tinyimagenet_dataset_tinyimagenet_iid_js_client_lmax1p00_tau0p85_tkd1p00_nofeat_canonical_seed0_r100.pkl
TinyImageNet,iid,38,0.12815761640667916,0.12512336477637293,/home/minss/fl/DXFL/logs/lambda/final/logs_js_client_ofat_extensions_seed0/dataset/tinyimagenet/tinyimagenet/iid/seed0/adaptive_js_client/tinyimagenet_dataset_tinyimagenet_iid_js_client_lmax1p00_tau0p85_tkd1p00_nofeat_canonical_seed0_r100.pkl
TinyImageNet,iid,39,0.13052136600017547,0.13088422417640685,/home/minss/fl/DXFL/logs/lambda/final/logs_js_client_ofat_extensions_seed0/dataset/tinyimagenet/tinyimagenet/iid/seed0/adaptive_js_client/tinyimagenet_dataset_tinyimagenet_iid_js_client_lmax1p00_tau0p85_tkd1p00_nofeat_canonical_seed0_r100.pkl
TinyImageNet,iid,40,0.13765424266457557,0.13635611966252326,/home/minss/fl/DXFL/logs/lambda/final/logs_js_client_ofat_extensions_seed0/dataset/tinyimagenet/tinyimagenet/iid/seed0/adaptive_js_client/tinyimagenet_dataset_tinyimagenet_iid_js_client_lmax1p00_tau0p85_tkd1p00_nofeat_canonical_seed0_r100.pkl
TinyImageNet,iid,41,0.14180050864815713,0.1395484972000122,/home/minss/fl/DXFL/logs/lambda/final/logs_js_client_ofat_extensions_seed0/dataset/tinyimagenet/tinyimagenet/iid/seed0/adaptive_js_client/tinyimagenet_dataset_tinyimagenet_iid_js_client_lmax1p00_tau0p85_tkd1p00_nofeat_canonical_seed0_r100.pkl
TinyImageNet,iid,42,0.14364686459302903,0.14381555885076525,/home/minss/fl/DXFL/logs/lambda/final/logs_js_client_ofat_extensions_seed0/dataset/tinyimagenet/tinyimagenet/iid/seed0/adaptive_js_client/tinyimagenet_dataset_tinyimagenet_iid_js_client_lmax1p00_tau0p85_tkd1p00_nofeat_canonical_seed0_r100.pkl
TinyImageNet,iid,43,0.14411950409412383,0.14831203773617746,/home/minss/fl/DXFL/logs/lambda/final/logs_js_client_ofat_extensions_seed0/dataset/tinyimagenet/tinyimagenet/iid/seed0/adaptive_js_client/tinyimagenet_dataset_tinyimagenet_iid_js_client_lmax1p00_tau0p85_tkd1p00_nofeat_canonical_seed0_r100.pkl
TinyImageNet,iid,44,0.1518566742539406,0.15194190442562103,/home/minss/fl/DXFL/logs/lambda/final/logs_js_client_ofat_extensions_seed0/dataset/tinyimagenet/tinyimagenet/iid/seed0/adaptive_js_client/tinyimagenet_dataset_tinyimagenet_iid_js_client_lmax1p00_tau0p85_tkd1p00_nofeat_canonical_seed0_r100.pkl
TinyImageNet,iid,45,0.16013663709163667,0.15743231654167175,/home/minss/fl/DXFL/logs/lambda/final/logs_js_client_ofat_extensions_seed0/dataset/tinyimagenet/tinyimagenet/iid/seed0/adaptive_js_client/tinyimagenet_dataset_tinyimagenet_iid_js_client_lmax1p00_tau0p85_tkd1p00_nofeat_canonical_seed0_r100.pkl
TinyImageNet,iid,46,0.15994984209537505,0.1636938026547432,/home/minss/fl/DXFL/logs/lambda/final/logs_js_client_ofat_extensions_seed0/dataset/tinyimagenet/tinyimagenet/iid/seed0/adaptive_js_client/tinyimagenet_dataset_tinyimagenet_iid_js_client_lmax1p00_tau0p85_tkd1p00_nofeat_canonical_seed0_r100.pkl
TinyImageNet,iid,47,0.17109892517328262,0.17206049084663394,/home/minss/fl/DXFL/logs/lambda/final/logs_js_client_ofat_extensions_seed0/dataset/tinyimagenet/tinyimagenet/iid/seed0/adaptive_js_client/tinyimagenet_dataset_tinyimagenet_iid_js_client_lmax1p00_tau0p85_tkd1p00_nofeat_canonical_seed0_r100.pkl
TinyImageNet,iid,48,0.17542693465948106,0.1777588611841202,/home/minss/fl/DXFL/logs/lambda/final/logs_js_client_ofat_extensions_seed0/dataset/tinyimagenet/tinyimagenet/iid/seed0/adaptive_js_client/tinyimagenet_dataset_tinyimagenet_iid_js_client_lmax1p00_tau0p85_tkd1p00_nofeat_canonical_seed0_r100.pkl
TinyImageNet,iid,49,0.19369011521339416,0.18591272652149202,/home/minss/fl/DXFL/logs/lambda/final/logs_js_client_ofat_extensions_seed0/dataset/tinyimagenet/tinyimagenet/iid/seed0/adaptive_js_client/tinyimagenet_dataset_tinyimagenet_iid_js_client_lmax1p00_tau0p85_tkd1p00_nofeat_canonical_seed0_r100.pkl
TinyImageNet,iid,50,0.188628488779068,0.18835482120513916,/home/minss/fl/DXFL/logs/lambda/final/logs_js_client_ofat_extensions_seed0/dataset/tinyimagenet/tinyimagenet/iid/seed0/adaptive_js_client/tinyimagenet_dataset_tinyimagenet_iid_js_client_lmax1p00_tau0p85_tkd1p00_nofeat_canonical_seed0_r100.pkl
TinyImageNet,iid,51,0.2007191687822342,0.19010086059570314,/home/minss/fl/DXFL/logs/lambda/final/logs_js_client_ofat_extensions_seed0/dataset/tinyimagenet/tinyimagenet/iid/seed0/adaptive_js_client/tinyimagenet_dataset_tinyimagenet_iid_js_client_lmax1p00_tau0p85_tkd1p00_nofeat_canonical_seed0_r100.pkl
TinyImageNet,iid,52,0.1833093985915184,0.1884814605116844,/home/minss/fl/DXFL/logs/lambda/final/logs_js_client_ofat_extensions_seed0/dataset/tinyimagenet/tinyimagenet/iid/seed0/adaptive_js_client/tinyimagenet_dataset_tinyimagenet_iid_js_client_lmax1p00_tau0p85_tkd1p00_nofeat_canonical_seed0_r100.pkl
TinyImageNet,iid,53,0.18415713161230088,0.19102296352386475,/home/minss/fl/DXFL/logs/lambda/final/logs_js_client_ofat_extensions_seed0/dataset/tinyimagenet/tinyimagenet/iid/seed0/adaptive_js_client/tinyimagenet_dataset_tinyimagenet_iid_js_client_lmax1p00_tau0p85_tkd1p00_nofeat_canonical_seed0_r100.pkl
TinyImageNet,iid,54,0.18559311479330062,0.18715649008750915,/home/minss/fl/DXFL/logs/lambda/final/logs_js_client_ofat_extensions_seed0/dataset/tinyimagenet/tinyimagenet/iid/seed0/adaptive_js_client/tinyimagenet_dataset_tinyimagenet_iid_js_client_lmax1p00_tau0p85_tkd1p00_nofeat_canonical_seed0_r100.pkl
TinyImageNet,iid,55,0.20133600383996964,0.18694613695144652,/home/minss/fl/DXFL/logs/lambda/final/logs_js_client_ofat_extensions_seed0/dataset/tinyimagenet/tinyimagenet/iid/seed0/adaptive_js_client/tinyimagenet_dataset_tinyimagenet_iid_js_client_lmax1p00_tau0p85_tkd1p00_nofeat_canonical_seed0_r100.pkl
TinyImageNet,iid,56,0.18138680160045623,0.1876625871658325,/home/minss/fl/DXFL/logs/lambda/final/logs_js_client_ofat_extensions_seed0/dataset/tinyimagenet/tinyimagenet/iid/seed0/adaptive_js_client/tinyimagenet_dataset_tinyimagenet_iid_js_client_lmax1p00_tau0p85_tkd1p00_nofeat_canonical_seed0_r100.pkl
TinyImageNet,iid,57,0.18225763291120528,0.18976719290018082,/home/minss/fl/DXFL/logs/lambda/final/logs_js_client_ofat_extensions_seed0/dataset/tinyimagenet/tinyimagenet/iid/seed0/adaptive_js_client/tinyimagenet_dataset_tinyimagenet_iid_js_client_lmax1p00_tau0p85_tkd1p00_nofeat_canonical_seed0_r100.pkl
TinyImageNet,iid,58,0.1877393826842308,0.1894569581747055,/home/minss/fl/DXFL/logs/lambda/final/logs_js_client_ofat_extensions_seed0/dataset/tinyimagenet/tinyimagenet/iid/seed0/adaptive_js_client/tinyimagenet_dataset_tinyimagenet_iid_js_client_lmax1p00_tau0p85_tkd1p00_nofeat_canonical_seed0_r100.pkl
TinyImageNet,iid,59,0.1961161434650421,0.19269282698631288,/home/minss/fl/DXFL/logs/lambda/final/logs_js_client_ofat_extensions_seed0/dataset/tinyimagenet/tinyimagenet/iid/seed0/adaptive_js_client/tinyimagenet_dataset_tinyimagenet_iid_js_client_lmax1p00_tau0p85_tkd1p00_nofeat_canonical_seed0_r100.pkl
TinyImageNet,iid,60,0.19978483021259308,0.19728667736053468,/home/minss/fl/DXFL/logs/lambda/final/logs_js_client_ofat_extensions_seed0/dataset/tinyimagenet/tinyimagenet/iid/seed0/adaptive_js_client/tinyimagenet_dataset_tinyimagenet_iid_js_client_lmax1p00_tau0p85_tkd1p00_nofeat_canonical_seed0_r100.pkl
TinyImageNet,iid,61,0.19756614565849304,0.1996718481183052,/home/minss/fl/DXFL/logs/lambda/final/logs_js_client_ofat_extensions_seed0/dataset/tinyimagenet/tinyimagenet/iid/seed0/adaptive_js_client/tinyimagenet_dataset_tinyimagenet_iid_js_client_lmax1p00_tau0p85_tkd1p00_nofeat_canonical_seed0_r100.pkl
TinyImageNet,iid,62,0.2052268847823143,0.1999385929107666,/home/minss/fl/DXFL/logs/lambda/final/logs_js_client_ofat_extensions_seed0/dataset/tinyimagenet/tinyimagenet/iid/seed0/adaptive_js_client/tinyimagenet_dataset_tinyimagenet_iid_js_client_lmax1p00_tau0p85_tkd1p00_nofeat_canonical_seed0_r100.pkl
TinyImageNet,iid,63,0.19966523647308348,0.1993545776605606,/home/minss/fl/DXFL/logs/lambda/final/logs_js_client_ofat_extensions_seed0/dataset/tinyimagenet/tinyimagenet/iid/seed0/adaptive_js_client/tinyimagenet_dataset_tinyimagenet_iid_js_client_lmax1p00_tau0p85_tkd1p00_nofeat_canonical_seed0_r100.pkl
TinyImageNet,iid,64,0.1974498674273491,0.20011229306459427,/home/minss/fl/DXFL/logs/lambda/final/logs_js_client_ofat_extensions_seed0/dataset/tinyimagenet/tinyimagenet/iid/seed0/adaptive_js_client/tinyimagenet_dataset_tinyimagenet_iid_js_client_lmax1p00_tau0p85_tkd1p00_nofeat_canonical_seed0_r100.pkl
TinyImageNet,iid,65,0.1968647539615631,0.19985027760267257,/home/minss/fl/DXFL/logs/lambda/final/logs_js_client_ofat_extensions_seed0/dataset/tinyimagenet/tinyimagenet/iid/seed0/adaptive_js_client/tinyimagenet_dataset_tinyimagenet_iid_js_client_lmax1p00_tau0p85_tkd1p00_nofeat_canonical_seed0_r100.pkl
TinyImageNet,iid,66,0.20135472267866134,0.1997903722524643,/home/minss/fl/DXFL/logs/lambda/final/logs_js_client_ofat_extensions_seed0/dataset/tinyimagenet/tinyimagenet/iid/seed0/adaptive_js_client/tinyimagenet_dataset_tinyimagenet_iid_js_client_lmax1p00_tau0p85_tkd1p00_nofeat_canonical_seed0_r100.pkl
TinyImageNet,iid,67,0.20391680747270585,0.19959792017936706,/home/minss/fl/DXFL/logs/lambda/final/logs_js_client_ofat_extensions_seed0/dataset/tinyimagenet/tinyimagenet/iid/seed0/adaptive_js_client/tinyimagenet_dataset_tinyimagenet_iid_js_client_lmax1p00_tau0p85_tkd1p00_nofeat_canonical_seed0_r100.pkl
TinyImageNet,iid,68,0.1993657097220421,0.2007088777422905,/home/minss/fl/DXFL/logs/lambda/final/logs_js_client_ofat_extensions_seed0/dataset/tinyimagenet/tinyimagenet/iid/seed0/adaptive_js_client/tinyimagenet_dataset_tinyimagenet_iid_js_client_lmax1p00_tau0p85_tkd1p00_nofeat_canonical_seed0_r100.pkl
TinyImageNet,iid,69,0.19648760706186294,0.1997981145977974,/home/minss/fl/DXFL/logs/lambda/final/logs_js_client_ofat_extensions_seed0/dataset/tinyimagenet/tinyimagenet/iid/seed0/adaptive_js_client/tinyimagenet_dataset_tinyimagenet_iid_js_client_lmax1p00_tau0p85_tkd1p00_nofeat_canonical_seed0_r100.pkl
TinyImageNet,iid,70,0.20241954177618027,0.1999557164311409,/home/minss/fl/DXFL/logs/lambda/final/logs_js_client_ofat_extensions_seed0/dataset/tinyimagenet/tinyimagenet/iid/seed0/adaptive_js_client/tinyimagenet_dataset_tinyimagenet_iid_js_client_lmax1p00_tau0p85_tkd1p00_nofeat_canonical_seed0_r100.pkl
TinyImageNet,iid,71,0.19680090695619584,0.20249581485986712,/home/minss/fl/DXFL/logs/lambda/final/logs_js_client_ofat_extensions_seed0/dataset/tinyimagenet/tinyimagenet/iid/seed0/adaptive_js_client/tinyimagenet_dataset_tinyimagenet_iid_js_client_lmax1p00_tau0p85_tkd1p00_nofeat_canonical_seed0_r100.pkl
TinyImageNet,iid,72,0.20470481663942336,0.20578994005918502,/home/minss/fl/DXFL/logs/lambda/final/logs_js_client_ofat_extensions_seed0/dataset/tinyimagenet/tinyimagenet/iid/seed0/adaptive_js_client/tinyimagenet_dataset_tinyimagenet_iid_js_client_lmax1p00_tau0p85_tkd1p00_nofeat_canonical_seed0_r100.pkl
TinyImageNet,iid,73,0.21206620186567307,0.20657242119312286,/home/minss/fl/DXFL/logs/lambda/final/logs_js_client_ofat_extensions_seed0/dataset/tinyimagenet/tinyimagenet/iid/seed0/adaptive_js_client/tinyimagenet_dataset_tinyimagenet_iid_js_client_lmax1p00_tau0p85_tkd1p00_nofeat_canonical_seed0_r100.pkl
TinyImageNet,iid,74,0.2129582330584526,0.20913308024406432,/home/minss/fl/DXFL/logs/lambda/final/logs_js_client_ofat_extensions_seed0/dataset/tinyimagenet/tinyimagenet/iid/seed0/adaptive_js_client/tinyimagenet_dataset_tinyimagenet_iid_js_client_lmax1p00_tau0p85_tkd1p00_nofeat_canonical_seed0_r100.pkl
TinyImageNet,iid,75,0.20633194744586944,0.21096634656190874,/home/minss/fl/DXFL/logs/lambda/final/logs_js_client_ofat_extensions_seed0/dataset/tinyimagenet/tinyimagenet/iid/seed0/adaptive_js_client/tinyimagenet_dataset_tinyimagenet_iid_js_client_lmax1p00_tau0p85_tkd1p00_nofeat_canonical_seed0_r100.pkl
TinyImageNet,iid,76,0.20960420221090317,0.21297249406576158,/home/minss/fl/DXFL/logs/lambda/final/logs_js_client_ofat_extensions_seed0/dataset/tinyimagenet/tinyimagenet/iid/seed0/adaptive_js_client/tinyimagenet_dataset_tinyimagenet_iid_js_client_lmax1p00_tau0p85_tkd1p00_nofeat_canonical_seed0_r100.pkl
TinyImageNet,iid,77,0.21387114822864534,0.21544316977262498,/home/minss/fl/DXFL/logs/lambda/final/logs_js_client_ofat_extensions_seed0/dataset/tinyimagenet/tinyimagenet/iid/seed0/adaptive_js_client/tinyimagenet_dataset_tinyimagenet_iid_js_client_lmax1p00_tau0p85_tkd1p00_nofeat_canonical_seed0_r100.pkl
TinyImageNet,iid,78,0.2220969393849373,0.21832081049680713,/home/minss/fl/DXFL/logs/lambda/final/logs_js_client_ofat_extensions_seed0/dataset/tinyimagenet/tinyimagenet/iid/seed0/adaptive_js_client/tinyimagenet_dataset_tinyimagenet_iid_js_client_lmax1p00_tau0p85_tkd1p00_nofeat_canonical_seed0_r100.pkl
TinyImageNet,iid,79,0.22531161159276963,0.21998666584491733,/home/minss/fl/DXFL/logs/lambda/final/logs_js_client_ofat_extensions_seed0/dataset/tinyimagenet/tinyimagenet/iid/seed0/adaptive_js_client/tinyimagenet_dataset_tinyimagenet_iid_js_client_lmax1p00_tau0p85_tkd1p00_nofeat_canonical_seed0_r100.pkl
TinyImageNet,iid,80,0.22072015106678008,0.21976739376783372,/home/minss/fl/DXFL/logs/lambda/final/logs_js_client_ofat_extensions_seed0/dataset/tinyimagenet/tinyimagenet/iid/seed0/adaptive_js_client/tinyimagenet_dataset_tinyimagenet_iid_js_client_lmax1p00_tau0p85_tkd1p00_nofeat_canonical_seed0_r100.pkl
TinyImageNet,iid,81,0.21793347895145415,0.21714353412389756,/home/minss/fl/DXFL/logs/lambda/final/logs_js_client_ofat_extensions_seed0/dataset/tinyimagenet/tinyimagenet/iid/seed0/adaptive_js_client/tinyimagenet_dataset_tinyimagenet_iid_js_client_lmax1p00_tau0p85_tkd1p00_nofeat_canonical_seed0_r100.pkl
TinyImageNet,iid,82,0.2127747878432274,0.21521256655454638,/home/minss/fl/DXFL/logs/lambda/final/logs_js_client_ofat_extensions_seed0/dataset/tinyimagenet/tinyimagenet/iid/seed0/adaptive_js_client/tinyimagenet_dataset_tinyimagenet_iid_js_client_lmax1p00_tau0p85_tkd1p00_nofeat_canonical_seed0_r100.pkl
TinyImageNet,iid,83,0.2089776411652565,0.21435604482889176,/home/minss/fl/DXFL/logs/lambda/final/logs_js_client_ofat_extensions_seed0/dataset/tinyimagenet/tinyimagenet/iid/seed0/adaptive_js_client/tinyimagenet_dataset_tinyimagenet_iid_js_client_lmax1p00_tau0p85_tkd1p00_nofeat_canonical_seed0_r100.pkl
TinyImageNet,iid,84,0.21565677374601364,0.21374133348464966,/home/minss/fl/DXFL/logs/lambda/final/logs_js_client_ofat_extensions_seed0/dataset/tinyimagenet/tinyimagenet/iid/seed0/adaptive_js_client/tinyimagenet_dataset_tinyimagenet_iid_js_client_lmax1p00_tau0p85_tkd1p00_nofeat_canonical_seed0_r100.pkl
TinyImageNet,iid,85,0.21643754243850707,0.21265080571174622,/home/minss/fl/DXFL/logs/lambda/final/logs_js_client_ofat_extensions_seed0/dataset/tinyimagenet/tinyimagenet/iid/seed0/adaptive_js_client/tinyimagenet_dataset_tinyimagenet_iid_js_client_lmax1p00_tau0p85_tkd1p00_nofeat_canonical_seed0_r100.pkl
TinyImageNet,iid,86,0.2148599222302437,0.2168025588989258,/home/minss/fl/DXFL/logs/lambda/final/logs_js_client_ofat_extensions_seed0/dataset/tinyimagenet/tinyimagenet/iid/seed0/adaptive_js_client/tinyimagenet_dataset_tinyimagenet_iid_js_client_lmax1p00_tau0p85_tkd1p00_nofeat_canonical_seed0_r100.pkl
TinyImageNet,iid,87,0.20732214897871018,0.21972506493330002,/home/minss/fl/DXFL/logs/lambda/final/logs_js_client_ofat_extensions_seed0/dataset/tinyimagenet/tinyimagenet/iid/seed0/adaptive_js_client/tinyimagenet_dataset_tinyimagenet_iid_js_client_lmax1p00_tau0p85_tkd1p00_nofeat_canonical_seed0_r100.pkl
TinyImageNet,iid,88,0.22973640710115434,0.221890067756176,/home/minss/fl/DXFL/logs/lambda/final/logs_js_client_ofat_extensions_seed0/dataset/tinyimagenet/tinyimagenet/iid/seed0/adaptive_js_client/tinyimagenet_dataset_tinyimagenet_iid_js_client_lmax1p00_tau0p85_tkd1p00_nofeat_canonical_seed0_r100.pkl
TinyImageNet,iid,89,0.23026930391788483,0.2209921991825104,/home/minss/fl/DXFL/logs/lambda/final/logs_js_client_ofat_extensions_seed0/dataset/tinyimagenet/tinyimagenet/iid/seed0/adaptive_js_client/tinyimagenet_dataset_tinyimagenet_iid_js_client_lmax1p00_tau0p85_tkd1p00_nofeat_canonical_seed0_r100.pkl
TinyImageNet,iid,90,0.22726255655288696,0.22277640283107758,/home/minss/fl/DXFL/logs/lambda/final/logs_js_client_ofat_extensions_seed0/dataset/tinyimagenet/tinyimagenet/iid/seed0/adaptive_js_client/tinyimagenet_dataset_tinyimagenet_iid_js_client_lmax1p00_tau0p85_tkd1p00_nofeat_canonical_seed0_r100.pkl
TinyImageNet,iid,91,0.21037057936191558,0.2190497472882271,/home/minss/fl/DXFL/logs/lambda/final/logs_js_client_ofat_extensions_seed0/dataset/tinyimagenet/tinyimagenet/iid/seed0/adaptive_js_client/tinyimagenet_dataset_tinyimagenet_iid_js_client_lmax1p00_tau0p85_tkd1p00_nofeat_canonical_seed0_r100.pkl
TinyImageNet,iid,92,0.21624316722154618,0.21597623139619826,/home/minss/fl/DXFL/logs/lambda/final/logs_js_client_ofat_extensions_seed0/dataset/tinyimagenet/tinyimagenet/iid/seed0/adaptive_js_client/tinyimagenet_dataset_tinyimagenet_iid_js_client_lmax1p00_tau0p85_tkd1p00_nofeat_canonical_seed0_r100.pkl
TinyImageNet,iid,93,0.21110312938690184,0.21553627699613573,/home/minss/fl/DXFL/logs/lambda/final/logs_js_client_ofat_extensions_seed0/dataset/tinyimagenet/tinyimagenet/iid/seed0/adaptive_js_client/tinyimagenet_dataset_tinyimagenet_iid_js_client_lmax1p00_tau0p85_tkd1p00_nofeat_canonical_seed0_r100.pkl
TinyImageNet,iid,94,0.21490172445774078,0.21921732306480407,/home/minss/fl/DXFL/logs/lambda/final/logs_js_client_ofat_extensions_seed0/dataset/tinyimagenet/tinyimagenet/iid/seed0/adaptive_js_client/tinyimagenet_dataset_tinyimagenet_iid_js_client_lmax1p00_tau0p85_tkd1p00_nofeat_canonical_seed0_r100.pkl
TinyImageNet,iid,95,0.22506278455257417,0.2210769471526146,/home/minss/fl/DXFL/logs/lambda/final/logs_js_client_ofat_extensions_seed0/dataset/tinyimagenet/tinyimagenet/iid/seed0/adaptive_js_client/tinyimagenet_dataset_tinyimagenet_iid_js_client_lmax1p00_tau0p85_tkd1p00_nofeat_canonical_seed0_r100.pkl
TinyImageNet,iid,96,0.2287758097052574,0.22385657012462618,/home/minss/fl/DXFL/logs/lambda/final/logs_js_client_ofat_extensions_seed0/dataset/tinyimagenet/tinyimagenet/iid/seed0/adaptive_js_client/tinyimagenet_dataset_tinyimagenet_iid_js_client_lmax1p00_tau0p85_tkd1p00_nofeat_canonical_seed0_r100.pkl
TinyImageNet,iid,97,0.22554128766059875,0.22771217286586762,/home/minss/fl/DXFL/logs/lambda/final/logs_js_client_ofat_extensions_seed0/dataset/tinyimagenet/tinyimagenet/iid/seed0/adaptive_js_client/tinyimagenet_dataset_tinyimagenet_iid_js_client_lmax1p00_tau0p85_tkd1p00_nofeat_canonical_seed0_r100.pkl
TinyImageNet,iid,98,0.2250012442469597,0.2295382222533226,/home/minss/fl/DXFL/logs/lambda/final/logs_js_client_ofat_extensions_seed0/dataset/tinyimagenet/tinyimagenet/iid/seed0/adaptive_js_client/tinyimagenet_dataset_tinyimagenet_iid_js_client_lmax1p00_tau0p85_tkd1p00_nofeat_canonical_seed0_r100.pkl
TinyImageNet,iid,99,0.23417973816394805,0.23062166661024094,/home/minss/fl/DXFL/logs/lambda/final/logs_js_client_ofat_extensions_seed0/dataset/tinyimagenet/tinyimagenet/iid/seed0/adaptive_js_client/tinyimagenet_dataset_tinyimagenet_iid_js_client_lmax1p00_tau0p85_tkd1p00_nofeat_canonical_seed0_r100.pkl
TinyImageNet,iid,100,0.2341930314898491,0.23235201537609101,/home/minss/fl/DXFL/logs/lambda/final/logs_js_client_ofat_extensions_seed0/dataset/tinyimagenet/tinyimagenet/iid/seed0/adaptive_js_client/tinyimagenet_dataset_tinyimagenet_iid_js_client_lmax1p00_tau0p85_tkd1p00_nofeat_canonical_seed0_r100.pkl
TinyImageNet,beta_0.3,1,3.847369747234097e-08,1.5368217270079755e-05,/home/minss/fl/DXFL/logs/lambda/final/logs_js_client_ofat_extensions_seed0/dataset/tinyimagenet/tinyimagenet/beta_0.3/seed0/adaptive_js_client/tinyimagenet_dataset_tinyimagenet_beta_0.3_js_client_lmax1p00_tau0p85_tkd1p00_nofeat_canonical_seed0_r100.pkl
TinyImageNet,beta_0.3,2,1.503357152614626e-05,6.5441931811705e-05,/home/minss/fl/DXFL/logs/lambda/final/logs_js_client_ofat_extensions_seed0/dataset/tinyimagenet/tinyimagenet/beta_0.3/seed0/adaptive_js_client/tinyimagenet_dataset_tinyimagenet_beta_0.3_js_client_lmax1p00_tau0p85_tkd1p00_nofeat_canonical_seed0_r100.pkl
TinyImageNet,beta_0.3,3,6.169209373183549e-05,0.00016099780000836009,/home/minss/fl/DXFL/logs/lambda/final/logs_js_client_ofat_extensions_seed0/dataset/tinyimagenet/tinyimagenet/beta_0.3/seed0/adaptive_js_client/tinyimagenet_dataset_tinyimagenet_beta_0.3_js_client_lmax1p00_tau0p85_tkd1p00_nofeat_canonical_seed0_r100.pkl
TinyImageNet,beta_0.3,4,0.0002504070464055985,0.0003418915118345467,/home/minss/fl/DXFL/logs/lambda/final/logs_js_client_ofat_extensions_seed0/dataset/tinyimagenet/tinyimagenet/beta_0.3/seed0/adaptive_js_client/tinyimagenet_dataset_tinyimagenet_beta_0.3_js_client_lmax1p00_tau0p85_tkd1p00_nofeat_canonical_seed0_r100.pkl
TinyImageNet,beta_0.3,5,0.0004778178146807477,0.0006489737873198464,/home/minss/fl/DXFL/logs/lambda/final/logs_js_client_ofat_extensions_seed0/dataset/tinyimagenet/tinyimagenet/beta_0.3/seed0/adaptive_js_client/tinyimagenet_dataset_tinyimagenet_beta_0.3_js_client_lmax1p00_tau0p85_tkd1p00_nofeat_canonical_seed0_r100.pkl
TinyImageNet,beta_0.3,6,0.0009045070328284055,0.0011066623142687605,/home/minss/fl/DXFL/logs/lambda/final/logs_js_client_ofat_extensions_seed0/dataset/tinyimagenet/tinyimagenet/beta_0.3/seed0/adaptive_js_client/tinyimagenet_dataset_tinyimagenet_beta_0.3_js_client_lmax1p00_tau0p85_tkd1p00_nofeat_canonical_seed0_r100.pkl
TinyImageNet,beta_0.3,7,0.001550444948952645,0.0015807227353798227,/home/minss/fl/DXFL/logs/lambda/final/logs_js_client_ofat_extensions_seed0/dataset/tinyimagenet/tinyimagenet/beta_0.3/seed0/adaptive_js_client/tinyimagenet_dataset_tinyimagenet_beta_0.3_js_client_lmax1p00_tau0p85_tkd1p00_nofeat_canonical_seed0_r100.pkl
TinyImageNet,beta_0.3,8,0.0023501347284764053,0.0022605224780272697,/home/minss/fl/DXFL/logs/lambda/final/logs_js_client_ofat_extensions_seed0/dataset/tinyimagenet/tinyimagenet/beta_0.3/seed0/adaptive_js_client/tinyimagenet_dataset_tinyimagenet_beta_0.3_js_client_lmax1p00_tau0p85_tkd1p00_nofeat_canonical_seed0_r100.pkl
TinyImageNet,beta_0.3,9,0.0026207091519609093,0.003232739681843669,/home/minss/fl/DXFL/logs/lambda/final/logs_js_client_ofat_extensions_seed0/dataset/tinyimagenet/tinyimagenet/beta_0.3/seed0/adaptive_js_client/tinyimagenet_dataset_tinyimagenet_beta_0.3_js_client_lmax1p00_tau0p85_tkd1p00_nofeat_canonical_seed0_r100.pkl
TinyImageNet,beta_0.3,10,0.003876816527917981,0.004166163098998368,/home/minss/fl/DXFL/logs/lambda/final/logs_js_client_ofat_extensions_seed0/dataset/tinyimagenet/tinyimagenet/beta_0.3/seed0/adaptive_js_client/tinyimagenet_dataset_tinyimagenet_beta_0.3_js_client_lmax1p00_tau0p85_tkd1p00_nofeat_canonical_seed0_r100.pkl
TinyImageNet,beta_0.3,11,0.005765593051910401,0.005293398885987699,/home/minss/fl/DXFL/logs/lambda/final/logs_js_client_ofat_extensions_seed0/dataset/tinyimagenet/tinyimagenet/beta_0.3/seed0/adaptive_js_client/tinyimagenet_dataset_tinyimagenet_beta_0.3_js_client_lmax1p00_tau0p85_tkd1p00_nofeat_canonical_seed0_r100.pkl
TinyImageNet,beta_0.3,12,0.006217562034726143,0.0067912453413009645,/home/minss/fl/DXFL/logs/lambda/final/logs_js_client_ofat_extensions_seed0/dataset/tinyimagenet/tinyimagenet/beta_0.3/seed0/adaptive_js_client/tinyimagenet_dataset_tinyimagenet_beta_0.3_js_client_lmax1p00_tau0p85_tkd1p00_nofeat_canonical_seed0_r100.pkl
TinyImageNet,beta_0.3,13,0.007986313663423061,0.00834143447689712,/home/minss/fl/DXFL/logs/lambda/final/logs_js_client_ofat_extensions_seed0/dataset/tinyimagenet/tinyimagenet/beta_0.3/seed0/adaptive_js_client/tinyimagenet_dataset_tinyimagenet_beta_0.3_js_client_lmax1p00_tau0p85_tkd1p00_nofeat_canonical_seed0_r100.pkl
TinyImageNet,beta_0.3,14,0.010109941428527235,0.009908715700730682,/home/minss/fl/DXFL/logs/lambda/final/logs_js_client_ofat_extensions_seed0/dataset/tinyimagenet/tinyimagenet/beta_0.3/seed0/adaptive_js_client/tinyimagenet_dataset_tinyimagenet_beta_0.3_js_client_lmax1p00_tau0p85_tkd1p00_nofeat_canonical_seed0_r100.pkl
TinyImageNet,beta_0.3,15,0.011627762205898761,0.011881327135488392,/home/minss/fl/DXFL/logs/lambda/final/logs_js_client_ofat_extensions_seed0/dataset/tinyimagenet/tinyimagenet/beta_0.3/seed0/adaptive_js_client/tinyimagenet_dataset_tinyimagenet_beta_0.3_js_client_lmax1p00_tau0p85_tkd1p00_nofeat_canonical_seed0_r100.pkl
TinyImageNet,beta_0.3,16,0.013601999171078205,0.013882911605760455,/home/minss/fl/DXFL/logs/lambda/final/logs_js_client_ofat_extensions_seed0/dataset/tinyimagenet/tinyimagenet/beta_0.3/seed0/adaptive_js_client/tinyimagenet_dataset_tinyimagenet_beta_0.3_js_client_lmax1p00_tau0p85_tkd1p00_nofeat_canonical_seed0_r100.pkl
TinyImageNet,beta_0.3,17,0.01608061920851469,0.016460437811911106,/home/minss/fl/DXFL/logs/lambda/final/logs_js_client_ofat_extensions_seed0/dataset/tinyimagenet/tinyimagenet/beta_0.3/seed0/adaptive_js_client/tinyimagenet_dataset_tinyimagenet_beta_0.3_js_client_lmax1p00_tau0p85_tkd1p00_nofeat_canonical_seed0_r100.pkl
TinyImageNet,beta_0.3,18,0.017994236014783383,0.01851692087948322,/home/minss/fl/DXFL/logs/lambda/final/logs_js_client_ofat_extensions_seed0/dataset/tinyimagenet/tinyimagenet/beta_0.3/seed0/adaptive_js_client/tinyimagenet_dataset_tinyimagenet_beta_0.3_js_client_lmax1p00_tau0p85_tkd1p00_nofeat_canonical_seed0_r100.pkl
TinyImageNet,beta_0.3,19,0.02299757245928049,0.02092679712921381,/home/minss/fl/DXFL/logs/lambda/final/logs_js_client_ofat_extensions_seed0/dataset/tinyimagenet/tinyimagenet/beta_0.3/seed0/adaptive_js_client/tinyimagenet_dataset_tinyimagenet_beta_0.3_js_client_lmax1p00_tau0p85_tkd1p00_nofeat_canonical_seed0_r100.pkl
TinyImageNet,beta_0.3,20,0.021910177543759346,0.024343117475509643,/home/minss/fl/DXFL/logs/lambda/final/logs_js_client_ofat_extensions_seed0/dataset/tinyimagenet/tinyimagenet/beta_0.3/seed0/adaptive_js_client/tinyimagenet_dataset_tinyimagenet_beta_0.3_js_client_lmax1p00_tau0p85_tkd1p00_nofeat_canonical_seed0_r100.pkl
TinyImageNet,beta_0.3,21,0.02565138041973114,0.027689013294875622,/home/minss/fl/DXFL/logs/lambda/final/logs_js_client_ofat_extensions_seed0/dataset/tinyimagenet/tinyimagenet/beta_0.3/seed0/adaptive_js_client/tinyimagenet_dataset_tinyimagenet_beta_0.3_js_client_lmax1p00_tau0p85_tkd1p00_nofeat_canonical_seed0_r100.pkl
TinyImageNet,beta_0.3,22,0.03316222093999386,0.030374533571302893,/home/minss/fl/DXFL/logs/lambda/final/logs_js_client_ofat_extensions_seed0/dataset/tinyimagenet/tinyimagenet/beta_0.3/seed0/adaptive_js_client/tinyimagenet_dataset_tinyimagenet_beta_0.3_js_client_lmax1p00_tau0p85_tkd1p00_nofeat_canonical_seed0_r100.pkl
TinyImageNet,beta_0.3,23,0.034723715111613276,0.03340410154312849,/home/minss/fl/DXFL/logs/lambda/final/logs_js_client_ofat_extensions_seed0/dataset/tinyimagenet/tinyimagenet/beta_0.3/seed0/adaptive_js_client/tinyimagenet_dataset_tinyimagenet_beta_0.3_js_client_lmax1p00_tau0p85_tkd1p00_nofeat_canonical_seed0_r100.pkl
TinyImageNet,beta_0.3,24,0.03642517384141684,0.03665688585489989,/home/minss/fl/DXFL/logs/lambda/final/logs_js_client_ofat_extensions_seed0/dataset/tinyimagenet/tinyimagenet/beta_0.3/seed0/adaptive_js_client/tinyimagenet_dataset_tinyimagenet_beta_0.3_js_client_lmax1p00_tau0p85_tkd1p00_nofeat_canonical_seed0_r100.pkl
TinyImageNet,beta_0.3,25,0.03705801740288735,0.03927048664540053,/home/minss/fl/DXFL/logs/lambda/final/logs_js_client_ofat_extensions_seed0/dataset/tinyimagenet/tinyimagenet/beta_0.3/seed0/adaptive_js_client/tinyimagenet_dataset_tinyimagenet_beta_0.3_js_client_lmax1p00_tau0p85_tkd1p00_nofeat_canonical_seed0_r100.pkl
TinyImageNet,beta_0.3,26,0.0419153019785881,0.04226912293583155,/home/minss/fl/DXFL/logs/lambda/final/logs_js_client_ofat_extensions_seed0/dataset/tinyimagenet/tinyimagenet/beta_0.3/seed0/adaptive_js_client/tinyimagenet_dataset_tinyimagenet_beta_0.3_js_client_lmax1p00_tau0p85_tkd1p00_nofeat_canonical_seed0_r100.pkl
TinyImageNet,beta_0.3,27,0.04623022489249706,0.04593044497072697,/home/minss/fl/DXFL/logs/lambda/final/logs_js_client_ofat_extensions_seed0/dataset/tinyimagenet/tinyimagenet/beta_0.3/seed0/adaptive_js_client/tinyimagenet_dataset_tinyimagenet_beta_0.3_js_client_lmax1p00_tau0p85_tkd1p00_nofeat_canonical_seed0_r100.pkl
TinyImageNet,beta_0.3,28,0.04971689656376839,0.04960519246757031,/home/minss/fl/DXFL/logs/lambda/final/logs_js_client_ofat_extensions_seed0/dataset/tinyimagenet/tinyimagenet/beta_0.3/seed0/adaptive_js_client/tinyimagenet_dataset_tinyimagenet_beta_0.3_js_client_lmax1p00_tau0p85_tkd1p00_nofeat_canonical_seed0_r100.pkl
TinyImageNet,beta_0.3,29,0.05473178401589394,0.0541209875047207,/home/minss/fl/DXFL/logs/lambda/final/logs_js_client_ofat_extensions_seed0/dataset/tinyimagenet/tinyimagenet/beta_0.3/seed0/adaptive_js_client/tinyimagenet_dataset_tinyimagenet_beta_0.3_js_client_lmax1p00_tau0p85_tkd1p00_nofeat_canonical_seed0_r100.pkl
TinyImageNet,beta_0.3,30,0.055431754887104036,0.058206672966480265,/home/minss/fl/DXFL/logs/lambda/final/logs_js_client_ofat_extensions_seed0/dataset/tinyimagenet/tinyimagenet/beta_0.3/seed0/adaptive_js_client/tinyimagenet_dataset_tinyimagenet_beta_0.3_js_client_lmax1p00_tau0p85_tkd1p00_nofeat_canonical_seed0_r100.pkl
TinyImageNet,beta_0.3,31,0.06449427716434002,0.06250414043664933,/home/minss/fl/DXFL/logs/lambda/final/logs_js_client_ofat_extensions_seed0/dataset/tinyimagenet/tinyimagenet/beta_0.3/seed0/adaptive_js_client/tinyimagenet_dataset_tinyimagenet_beta_0.3_js_client_lmax1p00_tau0p85_tkd1p00_nofeat_canonical_seed0_r100.pkl
TinyImageNet,beta_0.3,32,0.0666586522012949,0.06564896427094936,/home/minss/fl/DXFL/logs/lambda/final/logs_js_client_ofat_extensions_seed0/dataset/tinyimagenet/tinyimagenet/beta_0.3/seed0/adaptive_js_client/tinyimagenet_dataset_tinyimagenet_beta_0.3_js_client_lmax1p00_tau0p85_tkd1p00_nofeat_canonical_seed0_r100.pkl
TinyImageNet,beta_0.3,33,0.07120423391461372,0.06903416231274605,/home/minss/fl/DXFL/logs/lambda/final/logs_js_client_ofat_extensions_seed0/dataset/tinyimagenet/tinyimagenet/beta_0.3/seed0/adaptive_js_client/tinyimagenet_dataset_tinyimagenet_beta_0.3_js_client_lmax1p00_tau0p85_tkd1p00_nofeat_canonical_seed0_r100.pkl
TinyImageNet,beta_0.3,34,0.07045590318739414,0.07110942460596562,/home/minss/fl/DXFL/logs/lambda/final/logs_js_client_ofat_extensions_seed0/dataset/tinyimagenet/tinyimagenet/beta_0.3/seed0/adaptive_js_client/tinyimagenet_dataset_tinyimagenet_beta_0.3_js_client_lmax1p00_tau0p85_tkd1p00_nofeat_canonical_seed0_r100.pkl
TinyImageNet,beta_0.3,35,0.07235774509608746,0.07472188413143159,/home/minss/fl/DXFL/logs/lambda/final/logs_js_client_ofat_extensions_seed0/dataset/tinyimagenet/tinyimagenet/beta_0.3/seed0/adaptive_js_client/tinyimagenet_dataset_tinyimagenet_beta_0.3_js_client_lmax1p00_tau0p85_tkd1p00_nofeat_canonical_seed0_r100.pkl
TinyImageNet,beta_0.3,36,0.07487058863043786,0.07886100202798843,/home/minss/fl/DXFL/logs/lambda/final/logs_js_client_ofat_extensions_seed0/dataset/tinyimagenet/tinyimagenet/beta_0.3/seed0/adaptive_js_client/tinyimagenet_dataset_tinyimagenet_beta_0.3_js_client_lmax1p00_tau0p85_tkd1p00_nofeat_canonical_seed0_r100.pkl
TinyImageNet,beta_0.3,37,0.08472094982862473,0.08351975075900554,/home/minss/fl/DXFL/logs/lambda/final/logs_js_client_ofat_extensions_seed0/dataset/tinyimagenet/tinyimagenet/beta_0.3/seed0/adaptive_js_client/tinyimagenet_dataset_tinyimagenet_beta_0.3_js_client_lmax1p00_tau0p85_tkd1p00_nofeat_canonical_seed0_r100.pkl
TinyImageNet,beta_0.3,38,0.091899823397398,0.08583172708749771,/home/minss/fl/DXFL/logs/lambda/final/logs_js_client_ofat_extensions_seed0/dataset/tinyimagenet/tinyimagenet/beta_0.3/seed0/adaptive_js_client/tinyimagenet_dataset_tinyimagenet_beta_0.3_js_client_lmax1p00_tau0p85_tkd1p00_nofeat_canonical_seed0_r100.pkl
TinyImageNet,beta_0.3,39,0.0937496468424797,0.08967094659805298,/home/minss/fl/DXFL/logs/lambda/final/logs_js_client_ofat_extensions_seed0/dataset/tinyimagenet/tinyimagenet/beta_0.3/seed0/adaptive_js_client/tinyimagenet_dataset_tinyimagenet_beta_0.3_js_client_lmax1p00_tau0p85_tkd1p00_nofeat_canonical_seed0_r100.pkl
TinyImageNet,beta_0.3,40,0.08391762673854827,0.0944217123091221,/home/minss/fl/DXFL/logs/lambda/final/logs_js_client_ofat_extensions_seed0/dataset/tinyimagenet/tinyimagenet/beta_0.3/seed0/adaptive_js_client/tinyimagenet_dataset_tinyimagenet_beta_0.3_js_client_lmax1p00_tau0p85_tkd1p00_nofeat_canonical_seed0_r100.pkl
TinyImageNet,beta_0.3,41,0.09406668618321419,0.09643234342336655,/home/minss/fl/DXFL/logs/lambda/final/logs_js_client_ofat_extensions_seed0/dataset/tinyimagenet/tinyimagenet/beta_0.3/seed0/adaptive_js_client/tinyimagenet_dataset_tinyimagenet_beta_0.3_js_client_lmax1p00_tau0p85_tkd1p00_nofeat_canonical_seed0_r100.pkl
TinyImageNet,beta_0.3,42,0.10847477838397027,0.09840343311429024,/home/minss/fl/DXFL/logs/lambda/final/logs_js_client_ofat_extensions_seed0/dataset/tinyimagenet/tinyimagenet/beta_0.3/seed0/adaptive_js_client/tinyimagenet_dataset_tinyimagenet_beta_0.3_js_client_lmax1p00_tau0p85_tkd1p00_nofeat_canonical_seed0_r100.pkl
TinyImageNet,beta_0.3,43,0.1019529789686203,0.10411180585622788,/home/minss/fl/DXFL/logs/lambda/final/logs_js_client_ofat_extensions_seed0/dataset/tinyimagenet/tinyimagenet/beta_0.3/seed0/adaptive_js_client/tinyimagenet_dataset_tinyimagenet_beta_0.3_js_client_lmax1p00_tau0p85_tkd1p00_nofeat_canonical_seed0_r100.pkl
TinyImageNet,beta_0.3,44,0.10360509529709816,0.10927853807806968,/home/minss/fl/DXFL/logs/lambda/final/logs_js_client_ofat_extensions_seed0/dataset/tinyimagenet/tinyimagenet/beta_0.3/seed0/adaptive_js_client/tinyimagenet_dataset_tinyimagenet_beta_0.3_js_client_lmax1p00_tau0p85_tkd1p00_nofeat_canonical_seed0_r100.pkl
TinyImageNet,beta_0.3,45,0.11245949044823647,0.1126241897046566,/home/minss/fl/DXFL/logs/lambda/final/logs_js_client_ofat_extensions_seed0/dataset/tinyimagenet/tinyimagenet/beta_0.3/seed0/adaptive_js_client/tinyimagenet_dataset_tinyimagenet_beta_0.3_js_client_lmax1p00_tau0p85_tkd1p00_nofeat_canonical_seed0_r100.pkl
TinyImageNet,beta_0.3,46,0.11990034729242324,0.11595083862543107,/home/minss/fl/DXFL/logs/lambda/final/logs_js_client_ofat_extensions_seed0/dataset/tinyimagenet/tinyimagenet/beta_0.3/seed0/adaptive_js_client/tinyimagenet_dataset_tinyimagenet_beta_0.3_js_client_lmax1p00_tau0p85_tkd1p00_nofeat_canonical_seed0_r100.pkl
TinyImageNet,beta_0.3,47,0.12520303651690484,0.11947831332683563,/home/minss/fl/DXFL/logs/lambda/final/logs_js_client_ofat_extensions_seed0/dataset/tinyimagenet/tinyimagenet/beta_0.3/seed0/adaptive_js_client/tinyimagenet_dataset_tinyimagenet_beta_0.3_js_client_lmax1p00_tau0p85_tkd1p00_nofeat_canonical_seed0_r100.pkl
TinyImageNet,beta_0.3,48,0.1185862235724926,0.12439551815390587,/home/minss/fl/DXFL/logs/lambda/final/logs_js_client_ofat_extensions_seed0/dataset/tinyimagenet/tinyimagenet/beta_0.3/seed0/adaptive_js_client/tinyimagenet_dataset_tinyimagenet_beta_0.3_js_client_lmax1p00_tau0p85_tkd1p00_nofeat_canonical_seed0_r100.pkl
TinyImageNet,beta_0.3,49,0.12124246880412101,0.12676578253507617,/home/minss/fl/DXFL/logs/lambda/final/logs_js_client_ofat_extensions_seed0/dataset/tinyimagenet/tinyimagenet/beta_0.3/seed0/adaptive_js_client/tinyimagenet_dataset_tinyimagenet_beta_0.3_js_client_lmax1p00_tau0p85_tkd1p00_nofeat_canonical_seed0_r100.pkl
TinyImageNet,beta_0.3,50,0.13704551458358766,0.12875993609428404,/home/minss/fl/DXFL/logs/lambda/final/logs_js_client_ofat_extensions_seed0/dataset/tinyimagenet/tinyimagenet/beta_0.3/seed0/adaptive_js_client/tinyimagenet_dataset_tinyimagenet_beta_0.3_js_client_lmax1p00_tau0p85_tkd1p00_nofeat_canonical_seed0_r100.pkl
TinyImageNet,beta_0.3,51,0.1317516691982746,0.13578852012753487,/home/minss/fl/DXFL/logs/lambda/final/logs_js_client_ofat_extensions_seed0/dataset/tinyimagenet/tinyimagenet/beta_0.3/seed0/adaptive_js_client/tinyimagenet_dataset_tinyimagenet_beta_0.3_js_client_lmax1p00_tau0p85_tkd1p00_nofeat_canonical_seed0_r100.pkl
TinyImageNet,beta_0.3,52,0.1351738043129444,0.1395920869708061,/home/minss/fl/DXFL/logs/lambda/final/logs_js_client_ofat_extensions_seed0/dataset/tinyimagenet/tinyimagenet/beta_0.3/seed0/adaptive_js_client/tinyimagenet_dataset_tinyimagenet_beta_0.3_js_client_lmax1p00_tau0p85_tkd1p00_nofeat_canonical_seed0_r100.pkl
TinyImageNet,beta_0.3,53,0.15372914373874663,0.13860165804624558,/home/minss/fl/DXFL/logs/lambda/final/logs_js_client_ofat_extensions_seed0/dataset/tinyimagenet/tinyimagenet/beta_0.3/seed0/adaptive_js_client/tinyimagenet_dataset_tinyimagenet_beta_0.3_js_client_lmax1p00_tau0p85_tkd1p00_nofeat_canonical_seed0_r100.pkl
TinyImageNet,beta_0.3,54,0.1402603030204773,0.14147967532277106,/home/minss/fl/DXFL/logs/lambda/final/logs_js_client_ofat_extensions_seed0/dataset/tinyimagenet/tinyimagenet/beta_0.3/seed0/adaptive_js_client/tinyimagenet_dataset_tinyimagenet_beta_0.3_js_client_lmax1p00_tau0p85_tkd1p00_nofeat_canonical_seed0_r100.pkl
TinyImageNet,beta_0.3,55,0.1320933699607849,0.1439383602142334,/home/minss/fl/DXFL/logs/lambda/final/logs_js_client_ofat_extensions_seed0/dataset/tinyimagenet/tinyimagenet/beta_0.3/seed0/adaptive_js_client/tinyimagenet_dataset_tinyimagenet_beta_0.3_js_client_lmax1p00_tau0p85_tkd1p00_nofeat_canonical_seed0_r100.pkl
TinyImageNet,beta_0.3,56,0.1461417555809021,0.14325513079762459,/home/minss/fl/DXFL/logs/lambda/final/logs_js_client_ofat_extensions_seed0/dataset/tinyimagenet/tinyimagenet/beta_0.3/seed0/adaptive_js_client/tinyimagenet_dataset_tinyimagenet_beta_0.3_js_client_lmax1p00_tau0p85_tkd1p00_nofeat_canonical_seed0_r100.pkl
TinyImageNet,beta_0.3,57,0.14746722877025603,0.14293362691998482,/home/minss/fl/DXFL/logs/lambda/final/logs_js_client_ofat_extensions_seed0/dataset/tinyimagenet/tinyimagenet/beta_0.3/seed0/adaptive_js_client/tinyimagenet_dataset_tinyimagenet_beta_0.3_js_client_lmax1p00_tau0p85_tkd1p00_nofeat_canonical_seed0_r100.pkl
TinyImageNet,beta_0.3,58,0.15031299665570258,0.14680202350020408,/home/minss/fl/DXFL/logs/lambda/final/logs_js_client_ofat_extensions_seed0/dataset/tinyimagenet/tinyimagenet/beta_0.3/seed0/adaptive_js_client/tinyimagenet_dataset_tinyimagenet_beta_0.3_js_client_lmax1p00_tau0p85_tkd1p00_nofeat_canonical_seed0_r100.pkl
TinyImageNet,beta_0.3,59,0.13865278363227845,0.14693477466702462,/home/minss/fl/DXFL/logs/lambda/final/logs_js_client_ofat_extensions_seed0/dataset/tinyimagenet/tinyimagenet/beta_0.3/seed0/adaptive_js_client/tinyimagenet_dataset_tinyimagenet_beta_0.3_js_client_lmax1p00_tau0p85_tkd1p00_nofeat_canonical_seed0_r100.pkl
TinyImageNet,beta_0.3,60,0.15143535286188126,0.14850614085793495,/home/minss/fl/DXFL/logs/lambda/final/logs_js_client_ofat_extensions_seed0/dataset/tinyimagenet/tinyimagenet/beta_0.3/seed0/adaptive_js_client/tinyimagenet_dataset_tinyimagenet_beta_0.3_js_client_lmax1p00_tau0p85_tkd1p00_nofeat_canonical_seed0_r100.pkl
TinyImageNet,beta_0.3,61,0.14680551141500472,0.14552774205803873,/home/minss/fl/DXFL/logs/lambda/final/logs_js_client_ofat_extensions_seed0/dataset/tinyimagenet/tinyimagenet/beta_0.3/seed0/adaptive_js_client/tinyimagenet_dataset_tinyimagenet_beta_0.3_js_client_lmax1p00_tau0p85_tkd1p00_nofeat_canonical_seed0_r100.pkl
TinyImageNet,beta_0.3,62,0.15532405972480773,0.14590024903416635,/home/minss/fl/DXFL/logs/lambda/final/logs_js_client_ofat_extensions_seed0/dataset/tinyimagenet/tinyimagenet/beta_0.3/seed0/adaptive_js_client/tinyimagenet_dataset_tinyimagenet_beta_0.3_js_client_lmax1p00_tau0p85_tkd1p00_nofeat_canonical_seed0_r100.pkl
TinyImageNet,beta_0.3,63,0.1354210026562214,0.1464606638252735,/home/minss/fl/DXFL/logs/lambda/final/logs_js_client_ofat_extensions_seed0/dataset/tinyimagenet/tinyimagenet/beta_0.3/seed0/adaptive_js_client/tinyimagenet_dataset_tinyimagenet_beta_0.3_js_client_lmax1p00_tau0p85_tkd1p00_nofeat_canonical_seed0_r100.pkl
TinyImageNet,beta_0.3,64,0.14051531851291657,0.1465092808008194,/home/minss/fl/DXFL/logs/lambda/final/logs_js_client_ofat_extensions_seed0/dataset/tinyimagenet/tinyimagenet/beta_0.3/seed0/adaptive_js_client/tinyimagenet_dataset_tinyimagenet_beta_0.3_js_client_lmax1p00_tau0p85_tkd1p00_nofeat_canonical_seed0_r100.pkl
TinyImageNet,beta_0.3,65,0.15423742681741714,0.1454675954580307,/home/minss/fl/DXFL/logs/lambda/final/logs_js_client_ofat_extensions_seed0/dataset/tinyimagenet/tinyimagenet/beta_0.3/seed0/adaptive_js_client/tinyimagenet_dataset_tinyimagenet_beta_0.3_js_client_lmax1p00_tau0p85_tkd1p00_nofeat_canonical_seed0_r100.pkl
TinyImageNet,beta_0.3,66,0.14704859629273415,0.14728660151362422,/home/minss/fl/DXFL/logs/lambda/final/logs_js_client_ofat_extensions_seed0/dataset/tinyimagenet/tinyimagenet/beta_0.3/seed0/adaptive_js_client/tinyimagenet_dataset_tinyimagenet_beta_0.3_js_client_lmax1p00_tau0p85_tkd1p00_nofeat_canonical_seed0_r100.pkl
TinyImageNet,beta_0.3,67,0.15011563301086425,0.14918395385146144,/home/minss/fl/DXFL/logs/lambda/final/logs_js_client_ofat_extensions_seed0/dataset/tinyimagenet/tinyimagenet/beta_0.3/seed0/adaptive_js_client/tinyimagenet_dataset_tinyimagenet_beta_0.3_js_client_lmax1p00_tau0p85_tkd1p00_nofeat_canonical_seed0_r100.pkl
TinyImageNet,beta_0.3,68,0.14451603293418885,0.1486428399384022,/home/minss/fl/DXFL/logs/lambda/final/logs_js_client_ofat_extensions_seed0/dataset/tinyimagenet/tinyimagenet/beta_0.3/seed0/adaptive_js_client/tinyimagenet_dataset_tinyimagenet_beta_0.3_js_client_lmax1p00_tau0p85_tkd1p00_nofeat_canonical_seed0_r100.pkl
TinyImageNet,beta_0.3,69,0.15000208020210265,0.15230440050363542,/home/minss/fl/DXFL/logs/lambda/final/logs_js_client_ofat_extensions_seed0/dataset/tinyimagenet/tinyimagenet/beta_0.3/seed0/adaptive_js_client/tinyimagenet_dataset_tinyimagenet_beta_0.3_js_client_lmax1p00_tau0p85_tkd1p00_nofeat_canonical_seed0_r100.pkl
TinyImageNet,beta_0.3,70,0.15153185725212098,0.1547162023186684,/home/minss/fl/DXFL/logs/lambda/final/logs_js_client_ofat_extensions_seed0/dataset/tinyimagenet/tinyimagenet/beta_0.3/seed0/adaptive_js_client/tinyimagenet_dataset_tinyimagenet_beta_0.3_js_client_lmax1p00_tau0p85_tkd1p00_nofeat_canonical_seed0_r100.pkl
TinyImageNet,beta_0.3,71,0.1653563991189003,0.15734526306390761,/home/minss/fl/DXFL/logs/lambda/final/logs_js_client_ofat_extensions_seed0/dataset/tinyimagenet/tinyimagenet/beta_0.3/seed0/adaptive_js_client/tinyimagenet_dataset_tinyimagenet_beta_0.3_js_client_lmax1p00_tau0p85_tkd1p00_nofeat_canonical_seed0_r100.pkl
TinyImageNet,beta_0.3,72,0.16217464208602905,0.15852598249912261,/home/minss/fl/DXFL/logs/lambda/final/logs_js_client_ofat_extensions_seed0/dataset/tinyimagenet/tinyimagenet/beta_0.3/seed0/adaptive_js_client/tinyimagenet_dataset_tinyimagenet_beta_0.3_js_client_lmax1p00_tau0p85_tkd1p00_nofeat_canonical_seed0_r100.pkl
TinyImageNet,beta_0.3,73,0.15766133666038512,0.16149580866098406,/home/minss/fl/DXFL/logs/lambda/final/logs_js_client_ofat_extensions_seed0/dataset/tinyimagenet/tinyimagenet/beta_0.3/seed0/adaptive_js_client/tinyimagenet_dataset_tinyimagenet_beta_0.3_js_client_lmax1p00_tau0p85_tkd1p00_nofeat_canonical_seed0_r100.pkl
TinyImageNet,beta_0.3,74,0.15590567737817765,0.16170059084892274,/home/minss/fl/DXFL/logs/lambda/final/logs_js_client_ofat_extensions_seed0/dataset/tinyimagenet/tinyimagenet/beta_0.3/seed0/adaptive_js_client/tinyimagenet_dataset_tinyimagenet_beta_0.3_js_client_lmax1p00_tau0p85_tkd1p00_nofeat_canonical_seed0_r100.pkl
TinyImageNet,beta_0.3,75,0.16638098806142806,0.16041336327791217,/home/minss/fl/DXFL/logs/lambda/final/logs_js_client_ofat_extensions_seed0/dataset/tinyimagenet/tinyimagenet/beta_0.3/seed0/adaptive_js_client/tinyimagenet_dataset_tinyimagenet_beta_0.3_js_client_lmax1p00_tau0p85_tkd1p00_nofeat_canonical_seed0_r100.pkl
TinyImageNet,beta_0.3,76,0.16638031005859374,0.16066368609666826,/home/minss/fl/DXFL/logs/lambda/final/logs_js_client_ofat_extensions_seed0/dataset/tinyimagenet/tinyimagenet/beta_0.3/seed0/adaptive_js_client/tinyimagenet_dataset_tinyimagenet_beta_0.3_js_client_lmax1p00_tau0p85_tkd1p00_nofeat_canonical_seed0_r100.pkl
TinyImageNet,beta_0.3,77,0.1557385042309761,0.1610670152306557,/home/minss/fl/DXFL/logs/lambda/final/logs_js_client_ofat_extensions_seed0/dataset/tinyimagenet/tinyimagenet/beta_0.3/seed0/adaptive_js_client/tinyimagenet_dataset_tinyimagenet_beta_0.3_js_client_lmax1p00_tau0p85_tkd1p00_nofeat_canonical_seed0_r100.pkl
TinyImageNet,beta_0.3,78,0.15891295075416564,0.15911488324403766,/home/minss/fl/DXFL/logs/lambda/final/logs_js_client_ofat_extensions_seed0/dataset/tinyimagenet/tinyimagenet/beta_0.3/seed0/adaptive_js_client/tinyimagenet_dataset_tinyimagenet_beta_0.3_js_client_lmax1p00_tau0p85_tkd1p00_nofeat_canonical_seed0_r100.pkl
TinyImageNet,beta_0.3,79,0.15792232304811477,0.15748501151800157,/home/minss/fl/DXFL/logs/lambda/final/logs_js_client_ofat_extensions_seed0/dataset/tinyimagenet/tinyimagenet/beta_0.3/seed0/adaptive_js_client/tinyimagenet_dataset_tinyimagenet_beta_0.3_js_client_lmax1p00_tau0p85_tkd1p00_nofeat_canonical_seed0_r100.pkl
TinyImageNet,beta_0.3,80,0.15662032812833787,0.15863690257072452,/home/minss/fl/DXFL/logs/lambda/final/logs_js_client_ofat_extensions_seed0/dataset/tinyimagenet/tinyimagenet/beta_0.3/seed0/adaptive_js_client/tinyimagenet_dataset_tinyimagenet_beta_0.3_js_client_lmax1p00_tau0p85_tkd1p00_nofeat_canonical_seed0_r100.pkl
TinyImageNet,beta_0.3,81,0.1582309514284134,0.15958545923233033,/home/minss/fl/DXFL/logs/lambda/final/logs_js_client_ofat_extensions_seed0/dataset/tinyimagenet/tinyimagenet/beta_0.3/seed0/adaptive_js_client/tinyimagenet_dataset_tinyimagenet_beta_0.3_js_client_lmax1p00_tau0p85_tkd1p00_nofeat_canonical_seed0_r100.pkl
TinyImageNet,beta_0.3,82,0.16149795949459075,0.16010330766439437,/home/minss/fl/DXFL/logs/lambda/final/logs_js_client_ofat_extensions_seed0/dataset/tinyimagenet/tinyimagenet/beta_0.3/seed0/adaptive_js_client/tinyimagenet_dataset_tinyimagenet_beta_0.3_js_client_lmax1p00_tau0p85_tkd1p00_nofeat_canonical_seed0_r100.pkl
TinyImageNet,beta_0.3,83,0.16365573406219483,0.1611678433418274,/home/minss/fl/DXFL/logs/lambda/final/logs_js_client_ofat_extensions_seed0/dataset/tinyimagenet/tinyimagenet/beta_0.3/seed0/adaptive_js_client/tinyimagenet_dataset_tinyimagenet_beta_0.3_js_client_lmax1p00_tau0p85_tkd1p00_nofeat_canonical_seed0_r100.pkl
TinyImageNet,beta_0.3,84,0.16051156520843507,0.1637088316679001,/home/minss/fl/DXFL/logs/lambda/final/logs_js_client_ofat_extensions_seed0/dataset/tinyimagenet/tinyimagenet/beta_0.3/seed0/adaptive_js_client/tinyimagenet_dataset_tinyimagenet_beta_0.3_js_client_lmax1p00_tau0p85_tkd1p00_nofeat_canonical_seed0_r100.pkl
TinyImageNet,beta_0.3,85,0.16194300651550292,0.16521227359771729,/home/minss/fl/DXFL/logs/lambda/final/logs_js_client_ofat_extensions_seed0/dataset/tinyimagenet/tinyimagenet/beta_0.3/seed0/adaptive_js_client/tinyimagenet_dataset_tinyimagenet_beta_0.3_js_client_lmax1p00_tau0p85_tkd1p00_nofeat_canonical_seed0_r100.pkl
TinyImageNet,beta_0.3,86,0.17093589305877685,0.16569088041782382,/home/minss/fl/DXFL/logs/lambda/final/logs_js_client_ofat_extensions_seed0/dataset/tinyimagenet/tinyimagenet/beta_0.3/seed0/adaptive_js_client/tinyimagenet_dataset_tinyimagenet_beta_0.3_js_client_lmax1p00_tau0p85_tkd1p00_nofeat_canonical_seed0_r100.pkl
TinyImageNet,beta_0.3,87,0.16901516914367676,0.16526669204235078,/home/minss/fl/DXFL/logs/lambda/final/logs_js_client_ofat_extensions_seed0/dataset/tinyimagenet/tinyimagenet/beta_0.3/seed0/adaptive_js_client/tinyimagenet_dataset_tinyimagenet_beta_0.3_js_client_lmax1p00_tau0p85_tkd1p00_nofeat_canonical_seed0_r100.pkl
TinyImageNet,beta_0.3,88,0.16604876816272734,0.16608577370643618,/home/minss/fl/DXFL/logs/lambda/final/logs_js_client_ofat_extensions_seed0/dataset/tinyimagenet/tinyimagenet/beta_0.3/seed0/adaptive_js_client/tinyimagenet_dataset_tinyimagenet_beta_0.3_js_client_lmax1p00_tau0p85_tkd1p00_nofeat_canonical_seed0_r100.pkl
TinyImageNet,beta_0.3,89,0.15839062333106996,0.16568219721317293,/home/minss/fl/DXFL/logs/lambda/final/logs_js_client_ofat_extensions_seed0/dataset/tinyimagenet/tinyimagenet/beta_0.3/seed0/adaptive_js_client/tinyimagenet_dataset_tinyimagenet_beta_0.3_js_client_lmax1p00_tau0p85_tkd1p00_nofeat_canonical_seed0_r100.pkl
TinyImageNet,beta_0.3,90,0.16603841483592988,0.1649439635872841,/home/minss/fl/DXFL/logs/lambda/final/logs_js_client_ofat_extensions_seed0/dataset/tinyimagenet/tinyimagenet/beta_0.3/seed0/adaptive_js_client/tinyimagenet_dataset_tinyimagenet_beta_0.3_js_client_lmax1p00_tau0p85_tkd1p00_nofeat_canonical_seed0_r100.pkl
TinyImageNet,beta_0.3,91,0.16891801059246064,0.16446599245071414,/home/minss/fl/DXFL/logs/lambda/final/logs_js_client_ofat_extensions_seed0/dataset/tinyimagenet/tinyimagenet/beta_0.3/seed0/adaptive_js_client/tinyimagenet_dataset_tinyimagenet_beta_0.3_js_client_lmax1p00_tau0p85_tkd1p00_nofeat_canonical_seed0_r100.pkl
TinyImageNet,beta_0.3,92,0.16532400101423264,0.16633232027292252,/home/minss/fl/DXFL/logs/lambda/final/logs_js_client_ofat_extensions_seed0/dataset/tinyimagenet/tinyimagenet/beta_0.3/seed0/adaptive_js_client/tinyimagenet_dataset_tinyimagenet_beta_0.3_js_client_lmax1p00_tau0p85_tkd1p00_nofeat_canonical_seed0_r100.pkl
TinyImageNet,beta_0.3,93,0.16365891247987746,0.1669316127896309,/home/minss/fl/DXFL/logs/lambda/final/logs_js_client_ofat_extensions_seed0/dataset/tinyimagenet/tinyimagenet/beta_0.3/seed0/adaptive_js_client/tinyimagenet_dataset_tinyimagenet_beta_0.3_js_client_lmax1p00_tau0p85_tkd1p00_nofeat_canonical_seed0_r100.pkl
TinyImageNet,beta_0.3,94,0.16772226244211197,0.16990213871002197,/home/minss/fl/DXFL/logs/lambda/final/logs_js_client_ofat_extensions_seed0/dataset/tinyimagenet/tinyimagenet/beta_0.3/seed0/adaptive_js_client/tinyimagenet_dataset_tinyimagenet_beta_0.3_js_client_lmax1p00_tau0p85_tkd1p00_nofeat_canonical_seed0_r100.pkl
TinyImageNet,beta_0.3,95,0.16903487741947174,0.16944526970386506,/home/minss/fl/DXFL/logs/lambda/final/logs_js_client_ofat_extensions_seed0/dataset/tinyimagenet/tinyimagenet/beta_0.3/seed0/adaptive_js_client/tinyimagenet_dataset_tinyimagenet_beta_0.3_js_client_lmax1p00_tau0p85_tkd1p00_nofeat_canonical_seed0_r100.pkl
TinyImageNet,beta_0.3,96,0.18377064019441605,0.17166929572820663,/home/minss/fl/DXFL/logs/lambda/final/logs_js_client_ofat_extensions_seed0/dataset/tinyimagenet/tinyimagenet/beta_0.3/seed0/adaptive_js_client/tinyimagenet_dataset_tinyimagenet_beta_0.3_js_client_lmax1p00_tau0p85_tkd1p00_nofeat_canonical_seed0_r100.pkl
TinyImageNet,beta_0.3,97,0.16303965598344802,0.17423128575086594,/home/minss/fl/DXFL/logs/lambda/final/logs_js_client_ofat_extensions_seed0/dataset/tinyimagenet/tinyimagenet/beta_0.3/seed0/adaptive_js_client/tinyimagenet_dataset_tinyimagenet_beta_0.3_js_client_lmax1p00_tau0p85_tkd1p00_nofeat_canonical_seed0_r100.pkl
TinyImageNet,beta_0.3,98,0.1747790426015854,0.17327511578798294,/home/minss/fl/DXFL/logs/lambda/final/logs_js_client_ofat_extensions_seed0/dataset/tinyimagenet/tinyimagenet/beta_0.3/seed0/adaptive_js_client/tinyimagenet_dataset_tinyimagenet_beta_0.3_js_client_lmax1p00_tau0p85_tkd1p00_nofeat_canonical_seed0_r100.pkl
TinyImageNet,beta_0.3,99,0.18053221255540847,0.1693717932701111,/home/minss/fl/DXFL/logs/lambda/final/logs_js_client_ofat_extensions_seed0/dataset/tinyimagenet/tinyimagenet/beta_0.3/seed0/adaptive_js_client/tinyimagenet_dataset_tinyimagenet_beta_0.3_js_client_lmax1p00_tau0p85_tkd1p00_nofeat_canonical_seed0_r100.pkl
TinyImageNet,beta_0.3,100,0.16425402760505675,0.16961466759443283,/home/minss/fl/DXFL/logs/lambda/final/logs_js_client_ofat_extensions_seed0/dataset/tinyimagenet/tinyimagenet/beta_0.3/seed0/adaptive_js_client/tinyimagenet_dataset_tinyimagenet_beta_0.3_js_client_lmax1p00_tau0p85_tkd1p00_nofeat_canonical_seed0_r100.pkl
TinyImageNet,beta_0.1,1,3.833259469843142e-08,1.3458681751359336e-05,/home/minss/fl/DXFL/logs/lambda/final/logs_js_client_ofat_extensions_seed0/dataset/tinyimagenet/tinyimagenet/beta_0.1/seed0/adaptive_js_client/tinyimagenet_dataset_tinyimagenet_beta_0.1_js_client_lmax1p00_tau0p85_tkd1p00_nofeat_canonical_seed0_r100.pkl
TinyImageNet,beta_0.1,2,2.076596974802669e-05,3.3537647371701955e-05,/home/minss/fl/DXFL/logs/lambda/final/logs_js_client_ofat_extensions_seed0/dataset/tinyimagenet/tinyimagenet/beta_0.1/seed0/adaptive_js_client/tinyimagenet_dataset_tinyimagenet_beta_0.1_js_client_lmax1p00_tau0p85_tkd1p00_nofeat_canonical_seed0_r100.pkl
TinyImageNet,beta_0.1,3,4.641244122467469e-05,7.217586737780834e-05,/home/minss/fl/DXFL/logs/lambda/final/logs_js_client_ofat_extensions_seed0/dataset/tinyimagenet/tinyimagenet/beta_0.1/seed0/adaptive_js_client/tinyimagenet_dataset_tinyimagenet_beta_0.1_js_client_lmax1p00_tau0p85_tkd1p00_nofeat_canonical_seed0_r100.pkl
TinyImageNet,beta_0.1,4,0.0001004331606964115,0.00014593854604754596,/home/minss/fl/DXFL/logs/lambda/final/logs_js_client_ofat_extensions_seed0/dataset/tinyimagenet/tinyimagenet/beta_0.1/seed0/adaptive_js_client/tinyimagenet_dataset_tinyimagenet_beta_0.1_js_client_lmax1p00_tau0p85_tkd1p00_nofeat_canonical_seed0_r100.pkl
TinyImageNet,beta_0.1,5,0.0001932294326252304,0.00026807729278516496,/home/minss/fl/DXFL/logs/lambda/final/logs_js_client_ofat_extensions_seed0/dataset/tinyimagenet/tinyimagenet/beta_0.1/seed0/adaptive_js_client/tinyimagenet_dataset_tinyimagenet_beta_0.1_js_client_lmax1p00_tau0p85_tkd1p00_nofeat_canonical_seed0_r100.pkl
TinyImageNet,beta_0.1,6,0.0003688517259433866,0.0003968209457525518,/home/minss/fl/DXFL/logs/lambda/final/logs_js_client_ofat_extensions_seed0/dataset/tinyimagenet/tinyimagenet/beta_0.1/seed0/adaptive_js_client/tinyimagenet_dataset_tinyimagenet_beta_0.1_js_client_lmax1p00_tau0p85_tkd1p00_nofeat_canonical_seed0_r100.pkl
TinyImageNet,beta_0.1,7,0.0006314597034361213,0.000625123891804833,/home/minss/fl/DXFL/logs/lambda/final/logs_js_client_ofat_extensions_seed0/dataset/tinyimagenet/tinyimagenet/beta_0.1/seed0/adaptive_js_client/tinyimagenet_dataset_tinyimagenet_beta_0.1_js_client_lmax1p00_tau0p85_tkd1p00_nofeat_canonical_seed0_r100.pkl
TinyImageNet,beta_0.1,8,0.0006901307060616091,0.0009556495217839256,/home/minss/fl/DXFL/logs/lambda/final/logs_js_client_ofat_extensions_seed0/dataset/tinyimagenet/tinyimagenet/beta_0.1/seed0/adaptive_js_client/tinyimagenet_dataset_tinyimagenet_beta_0.1_js_client_lmax1p00_tau0p85_tkd1p00_nofeat_canonical_seed0_r100.pkl
TinyImageNet,beta_0.1,9,0.0012419478909578175,0.0014255123893963174,/home/minss/fl/DXFL/logs/lambda/final/logs_js_client_ofat_extensions_seed0/dataset/tinyimagenet/tinyimagenet/beta_0.1/seed0/adaptive_js_client/tinyimagenet_dataset_tinyimagenet_beta_0.1_js_client_lmax1p00_tau0p85_tkd1p00_nofeat_canonical_seed0_r100.pkl
TinyImageNet,beta_0.1,10,0.0018458575825206936,0.002001329985796474,/home/minss/fl/DXFL/logs/lambda/final/logs_js_client_ofat_extensions_seed0/dataset/tinyimagenet/tinyimagenet/beta_0.1/seed0/adaptive_js_client/tinyimagenet_dataset_tinyimagenet_beta_0.1_js_client_lmax1p00_tau0p85_tkd1p00_nofeat_canonical_seed0_r100.pkl
TinyImageNet,beta_0.1,11,0.002718166064005345,0.002768491943133995,/home/minss/fl/DXFL/logs/lambda/final/logs_js_client_ofat_extensions_seed0/dataset/tinyimagenet/tinyimagenet/beta_0.1/seed0/adaptive_js_client/tinyimagenet_dataset_tinyimagenet_beta_0.1_js_client_lmax1p00_tau0p85_tkd1p00_nofeat_canonical_seed0_r100.pkl
TinyImageNet,beta_0.1,12,0.0035105476854369044,0.003390741487964988,/home/minss/fl/DXFL/logs/lambda/final/logs_js_client_ofat_extensions_seed0/dataset/tinyimagenet/tinyimagenet/beta_0.1/seed0/adaptive_js_client/tinyimagenet_dataset_tinyimagenet_beta_0.1_js_client_lmax1p00_tau0p85_tkd1p00_nofeat_canonical_seed0_r100.pkl
TinyImageNet,beta_0.1,13,0.004525940492749214,0.004006293255370111,/home/minss/fl/DXFL/logs/lambda/final/logs_js_client_ofat_extensions_seed0/dataset/tinyimagenet/tinyimagenet/beta_0.1/seed0/adaptive_js_client/tinyimagenet_dataset_tinyimagenet_beta_0.1_js_client_lmax1p00_tau0p85_tkd1p00_nofeat_canonical_seed0_r100.pkl
TinyImageNet,beta_0.1,14,0.004353195615112782,0.004598878608085215,/home/minss/fl/DXFL/logs/lambda/final/logs_js_client_ofat_extensions_seed0/dataset/tinyimagenet/tinyimagenet/beta_0.1/seed0/adaptive_js_client/tinyimagenet_dataset_tinyimagenet_beta_0.1_js_client_lmax1p00_tau0p85_tkd1p00_nofeat_canonical_seed0_r100.pkl
TinyImageNet,beta_0.1,15,0.004923616419546306,0.005558060929179192,/home/minss/fl/DXFL/logs/lambda/final/logs_js_client_ofat_extensions_seed0/dataset/tinyimagenet/tinyimagenet/beta_0.1/seed0/adaptive_js_client/tinyimagenet_dataset_tinyimagenet_beta_0.1_js_client_lmax1p00_tau0p85_tkd1p00_nofeat_canonical_seed0_r100.pkl
TinyImageNet,beta_0.1,16,0.005681092827580869,0.006045245444402099,/home/minss/fl/DXFL/logs/lambda/final/logs_js_client_ofat_extensions_seed0/dataset/tinyimagenet/tinyimagenet/beta_0.1/seed0/adaptive_js_client/tinyimagenet_dataset_tinyimagenet_beta_0.1_js_client_lmax1p00_tau0p85_tkd1p00_nofeat_canonical_seed0_r100.pkl
TinyImageNet,beta_0.1,17,0.008306459290906787,0.007182389562949538,/home/minss/fl/DXFL/logs/lambda/final/logs_js_client_ofat_extensions_seed0/dataset/tinyimagenet/tinyimagenet/beta_0.1/seed0/adaptive_js_client/tinyimagenet_dataset_tinyimagenet_beta_0.1_js_client_lmax1p00_tau0p85_tkd1p00_nofeat_canonical_seed0_r100.pkl
TinyImageNet,beta_0.1,18,0.006961863068863749,0.008295435863547028,/home/minss/fl/DXFL/logs/lambda/final/logs_js_client_ofat_extensions_seed0/dataset/tinyimagenet/tinyimagenet/beta_0.1/seed0/adaptive_js_client/tinyimagenet_dataset_tinyimagenet_beta_0.1_js_client_lmax1p00_tau0p85_tkd1p00_nofeat_canonical_seed0_r100.pkl
TinyImageNet,beta_0.1,19,0.010038916207849979,0.009554209169000386,/home/minss/fl/DXFL/logs/lambda/final/logs_js_client_ofat_extensions_seed0/dataset/tinyimagenet/tinyimagenet/beta_0.1/seed0/adaptive_js_client/tinyimagenet_dataset_tinyimagenet_beta_0.1_js_client_lmax1p00_tau0p85_tkd1p00_nofeat_canonical_seed0_r100.pkl
TinyImageNet,beta_0.1,20,0.01048884792253375,0.01013877741061151,/home/minss/fl/DXFL/logs/lambda/final/logs_js_client_ofat_extensions_seed0/dataset/tinyimagenet/tinyimagenet/beta_0.1/seed0/adaptive_js_client/tinyimagenet_dataset_tinyimagenet_beta_0.1_js_client_lmax1p00_tau0p85_tkd1p00_nofeat_canonical_seed0_r100.pkl
TinyImageNet,beta_0.1,21,0.011974959354847669,0.01198149725794792,/home/minss/fl/DXFL/logs/lambda/final/logs_js_client_ofat_extensions_seed0/dataset/tinyimagenet/tinyimagenet/beta_0.1/seed0/adaptive_js_client/tinyimagenet_dataset_tinyimagenet_beta_0.1_js_client_lmax1p00_tau0p85_tkd1p00_nofeat_canonical_seed0_r100.pkl
TinyImageNet,beta_0.1,22,0.011229300498962402,0.013292824849486351,/home/minss/fl/DXFL/logs/lambda/final/logs_js_client_ofat_extensions_seed0/dataset/tinyimagenet/tinyimagenet/beta_0.1/seed0/adaptive_js_client/tinyimagenet_dataset_tinyimagenet_beta_0.1_js_client_lmax1p00_tau0p85_tkd1p00_nofeat_canonical_seed0_r100.pkl
TinyImageNet,beta_0.1,23,0.016175462305545805,0.014820567388087512,/home/minss/fl/DXFL/logs/lambda/final/logs_js_client_ofat_extensions_seed0/dataset/tinyimagenet/tinyimagenet/beta_0.1/seed0/adaptive_js_client/tinyimagenet_dataset_tinyimagenet_beta_0.1_js_client_lmax1p00_tau0p85_tkd1p00_nofeat_canonical_seed0_r100.pkl
TinyImageNet,beta_0.1,24,0.016595554165542127,0.016378083024173977,/home/minss/fl/DXFL/logs/lambda/final/logs_js_client_ofat_extensions_seed0/dataset/tinyimagenet/tinyimagenet/beta_0.1/seed0/adaptive_js_client/tinyimagenet_dataset_tinyimagenet_beta_0.1_js_client_lmax1p00_tau0p85_tkd1p00_nofeat_canonical_seed0_r100.pkl
TinyImageNet,beta_0.1,25,0.01812756061553955,0.019003818184137343,/home/minss/fl/DXFL/logs/lambda/final/logs_js_client_ofat_extensions_seed0/dataset/tinyimagenet/tinyimagenet/beta_0.1/seed0/adaptive_js_client/tinyimagenet_dataset_tinyimagenet_beta_0.1_js_client_lmax1p00_tau0p85_tkd1p00_nofeat_canonical_seed0_r100.pkl
TinyImageNet,beta_0.1,26,0.01976253753527999,0.020732262171804905,/home/minss/fl/DXFL/logs/lambda/final/logs_js_client_ofat_extensions_seed0/dataset/tinyimagenet/tinyimagenet/beta_0.1/seed0/adaptive_js_client/tinyimagenet_dataset_tinyimagenet_beta_0.1_js_client_lmax1p00_tau0p85_tkd1p00_nofeat_canonical_seed0_r100.pkl
TinyImageNet,beta_0.1,27,0.024357976298779248,0.023252016566693783,/home/minss/fl/DXFL/logs/lambda/final/logs_js_client_ofat_extensions_seed0/dataset/tinyimagenet/tinyimagenet/beta_0.1/seed0/adaptive_js_client/tinyimagenet_dataset_tinyimagenet_beta_0.1_js_client_lmax1p00_tau0p85_tkd1p00_nofeat_canonical_seed0_r100.pkl
TinyImageNet,beta_0.1,28,0.02481768224388361,0.026178295724093914,/home/minss/fl/DXFL/logs/lambda/final/logs_js_client_ofat_extensions_seed0/dataset/tinyimagenet/tinyimagenet/beta_0.1/seed0/adaptive_js_client/tinyimagenet_dataset_tinyimagenet_beta_0.1_js_client_lmax1p00_tau0p85_tkd1p00_nofeat_canonical_seed0_r100.pkl
TinyImageNet,beta_0.1,29,0.029194326139986515,0.029339001867920163,/home/minss/fl/DXFL/logs/lambda/final/logs_js_client_ofat_extensions_seed0/dataset/tinyimagenet/tinyimagenet/beta_0.1/seed0/adaptive_js_client/tinyimagenet_dataset_tinyimagenet_beta_0.1_js_client_lmax1p00_tau0p85_tkd1p00_nofeat_canonical_seed0_r100.pkl
TinyImageNet,beta_0.1,30,0.03275895640254021,0.0322926214709878,/home/minss/fl/DXFL/logs/lambda/final/logs_js_client_ofat_extensions_seed0/dataset/tinyimagenet/tinyimagenet/beta_0.1/seed0/adaptive_js_client/tinyimagenet_dataset_tinyimagenet_beta_0.1_js_client_lmax1p00_tau0p85_tkd1p00_nofeat_canonical_seed0_r100.pkl
TinyImageNet,beta_0.1,31,0.03556606825441122,0.033738232515752316,/home/minss/fl/DXFL/logs/lambda/final/logs_js_client_ofat_extensions_seed0/dataset/tinyimagenet/tinyimagenet/beta_0.1/seed0/adaptive_js_client/tinyimagenet_dataset_tinyimagenet_beta_0.1_js_client_lmax1p00_tau0p85_tkd1p00_nofeat_canonical_seed0_r100.pkl
TinyImageNet,beta_0.1,32,0.03912607431411743,0.03663367796689272,/home/minss/fl/DXFL/logs/lambda/final/logs_js_client_ofat_extensions_seed0/dataset/tinyimagenet/tinyimagenet/beta_0.1/seed0/adaptive_js_client/tinyimagenet_dataset_tinyimagenet_beta_0.1_js_client_lmax1p00_tau0p85_tkd1p00_nofeat_canonical_seed0_r100.pkl
TinyImageNet,beta_0.1,33,0.032045737467706205,0.03907394211739302,/home/minss/fl/DXFL/logs/lambda/final/logs_js_client_ofat_extensions_seed0/dataset/tinyimagenet/tinyimagenet/beta_0.1/seed0/adaptive_js_client/tinyimagenet_dataset_tinyimagenet_beta_0.1_js_client_lmax1p00_tau0p85_tkd1p00_nofeat_canonical_seed0_r100.pkl
TinyImageNet,beta_0.1,34,0.04367155339568853,0.04093949910253287,/home/minss/fl/DXFL/logs/lambda/final/logs_js_client_ofat_extensions_seed0/dataset/tinyimagenet/tinyimagenet/beta_0.1/seed0/adaptive_js_client/tinyimagenet_dataset_tinyimagenet_beta_0.1_js_client_lmax1p00_tau0p85_tkd1p00_nofeat_canonical_seed0_r100.pkl
TinyImageNet,beta_0.1,35,0.044960277155041695,0.0425346053019166,/home/minss/fl/DXFL/logs/lambda/final/logs_js_client_ofat_extensions_seed0/dataset/tinyimagenet/tinyimagenet/beta_0.1/seed0/adaptive_js_client/tinyimagenet_dataset_tinyimagenet_beta_0.1_js_client_lmax1p00_tau0p85_tkd1p00_nofeat_canonical_seed0_r100.pkl
TinyImageNet,beta_0.1,36,0.04489385318011045,0.046580719351768496,/home/minss/fl/DXFL/logs/lambda/final/logs_js_client_ofat_extensions_seed0/dataset/tinyimagenet/tinyimagenet/beta_0.1/seed0/adaptive_js_client/tinyimagenet_dataset_tinyimagenet_beta_0.1_js_client_lmax1p00_tau0p85_tkd1p00_nofeat_canonical_seed0_r100.pkl
TinyImageNet,beta_0.1,37,0.04710160531103611,0.0484952000156045,/home/minss/fl/DXFL/logs/lambda/final/logs_js_client_ofat_extensions_seed0/dataset/tinyimagenet/tinyimagenet/beta_0.1/seed0/adaptive_js_client/tinyimagenet_dataset_tinyimagenet_beta_0.1_js_client_lmax1p00_tau0p85_tkd1p00_nofeat_canonical_seed0_r100.pkl
TinyImageNet,beta_0.1,38,0.052276307716965675,0.05059113208204508,/home/minss/fl/DXFL/logs/lambda/final/logs_js_client_ofat_extensions_seed0/dataset/tinyimagenet/tinyimagenet/beta_0.1/seed0/adaptive_js_client/tinyimagenet_dataset_tinyimagenet_beta_0.1_js_client_lmax1p00_tau0p85_tkd1p00_nofeat_canonical_seed0_r100.pkl
TinyImageNet,beta_0.1,39,0.05324395671486855,0.05329079933464528,/home/minss/fl/DXFL/logs/lambda/final/logs_js_client_ofat_extensions_seed0/dataset/tinyimagenet/tinyimagenet/beta_0.1/seed0/adaptive_js_client/tinyimagenet_dataset_tinyimagenet_beta_0.1_js_client_lmax1p00_tau0p85_tkd1p00_nofeat_canonical_seed0_r100.pkl
TinyImageNet,beta_0.1,40,0.05543993748724461,0.05819419473409654,/home/minss/fl/DXFL/logs/lambda/final/logs_js_client_ofat_extensions_seed0/dataset/tinyimagenet/tinyimagenet/beta_0.1/seed0/adaptive_js_client/tinyimagenet_dataset_tinyimagenet_beta_0.1_js_client_lmax1p00_tau0p85_tkd1p00_nofeat_canonical_seed0_r100.pkl
TinyImageNet,beta_0.1,41,0.05839218944311142,0.06230450719594956,/home/minss/fl/DXFL/logs/lambda/final/logs_js_client_ofat_extensions_seed0/dataset/tinyimagenet/tinyimagenet/beta_0.1/seed0/adaptive_js_client/tinyimagenet_dataset_tinyimagenet_beta_0.1_js_client_lmax1p00_tau0p85_tkd1p00_nofeat_canonical_seed0_r100.pkl
TinyImageNet,beta_0.1,42,0.07161858230829239,0.06381407409906388,/home/minss/fl/DXFL/logs/lambda/final/logs_js_client_ofat_extensions_seed0/dataset/tinyimagenet/tinyimagenet/beta_0.1/seed0/adaptive_js_client/tinyimagenet_dataset_tinyimagenet_beta_0.1_js_client_lmax1p00_tau0p85_tkd1p00_nofeat_canonical_seed0_r100.pkl
TinyImageNet,beta_0.1,43,0.07282787002623081,0.0686077670007944,/home/minss/fl/DXFL/logs/lambda/final/logs_js_client_ofat_extensions_seed0/dataset/tinyimagenet/tinyimagenet/beta_0.1/seed0/adaptive_js_client/tinyimagenet_dataset_tinyimagenet_beta_0.1_js_client_lmax1p00_tau0p85_tkd1p00_nofeat_canonical_seed0_r100.pkl
TinyImageNet,beta_0.1,44,0.06079179123044014,0.0694857107102871,/home/minss/fl/DXFL/logs/lambda/final/logs_js_client_ofat_extensions_seed0/dataset/tinyimagenet/tinyimagenet/beta_0.1/seed0/adaptive_js_client/tinyimagenet_dataset_tinyimagenet_beta_0.1_js_client_lmax1p00_tau0p85_tkd1p00_nofeat_canonical_seed0_r100.pkl
TinyImageNet,beta_0.1,45,0.0794084019958973,0.06907370425760745,/home/minss/fl/DXFL/logs/lambda/final/logs_js_client_ofat_extensions_seed0/dataset/tinyimagenet/tinyimagenet/beta_0.1/seed0/adaptive_js_client/tinyimagenet_dataset_tinyimagenet_beta_0.1_js_client_lmax1p00_tau0p85_tkd1p00_nofeat_canonical_seed0_r100.pkl
TinyImageNet,beta_0.1,46,0.06278190799057484,0.06777607299387456,/home/minss/fl/DXFL/logs/lambda/final/logs_js_client_ofat_extensions_seed0/dataset/tinyimagenet/tinyimagenet/beta_0.1/seed0/adaptive_js_client/tinyimagenet_dataset_tinyimagenet_beta_0.1_js_client_lmax1p00_tau0p85_tkd1p00_nofeat_canonical_seed0_r100.pkl
TinyImageNet,beta_0.1,47,0.06955855004489422,0.07100949324667455,/home/minss/fl/DXFL/logs/lambda/final/logs_js_client_ofat_extensions_seed0/dataset/tinyimagenet/tinyimagenet/beta_0.1/seed0/adaptive_js_client/tinyimagenet_dataset_tinyimagenet_beta_0.1_js_client_lmax1p00_tau0p85_tkd1p00_nofeat_canonical_seed0_r100.pkl
TinyImageNet,beta_0.1,48,0.06633971370756626,0.07073095083236695,/home/minss/fl/DXFL/logs/lambda/final/logs_js_client_ofat_extensions_seed0/dataset/tinyimagenet/tinyimagenet/beta_0.1/seed0/adaptive_js_client/tinyimagenet_dataset_tinyimagenet_beta_0.1_js_client_lmax1p00_tau0p85_tkd1p00_nofeat_canonical_seed0_r100.pkl
TinyImageNet,beta_0.1,49,0.07695889249444007,0.0750821226835251,/home/minss/fl/DXFL/logs/lambda/final/logs_js_client_ofat_extensions_seed0/dataset/tinyimagenet/tinyimagenet/beta_0.1/seed0/adaptive_js_client/tinyimagenet_dataset_tinyimagenet_beta_0.1_js_client_lmax1p00_tau0p85_tkd1p00_nofeat_canonical_seed0_r100.pkl
TinyImageNet,beta_0.1,50,0.07801568992435932,0.07926320470869541,/home/minss/fl/DXFL/logs/lambda/final/logs_js_client_ofat_extensions_seed0/dataset/tinyimagenet/tinyimagenet/beta_0.1/seed0/adaptive_js_client/tinyimagenet_dataset_tinyimagenet_beta_0.1_js_client_lmax1p00_tau0p85_tkd1p00_nofeat_canonical_seed0_r100.pkl
TinyImageNet,beta_0.1,51,0.08453776724636555,0.08542985185980798,/home/minss/fl/DXFL/logs/lambda/final/logs_js_client_ofat_extensions_seed0/dataset/tinyimagenet/tinyimagenet/beta_0.1/seed0/adaptive_js_client/tinyimagenet_dataset_tinyimagenet_beta_0.1_js_client_lmax1p00_tau0p85_tkd1p00_nofeat_canonical_seed0_r100.pkl
TinyImageNet,beta_0.1,52,0.09046396017074584,0.08728412456810475,/home/minss/fl/DXFL/logs/lambda/final/logs_js_client_ofat_extensions_seed0/dataset/tinyimagenet/tinyimagenet/beta_0.1/seed0/adaptive_js_client/tinyimagenet_dataset_tinyimagenet_beta_0.1_js_client_lmax1p00_tau0p85_tkd1p00_nofeat_canonical_seed0_r100.pkl
TinyImageNet,beta_0.1,53,0.09717294946312904,0.09083878964185715,/home/minss/fl/DXFL/logs/lambda/final/logs_js_client_ofat_extensions_seed0/dataset/tinyimagenet/tinyimagenet/beta_0.1/seed0/adaptive_js_client/tinyimagenet_dataset_tinyimagenet_beta_0.1_js_client_lmax1p00_tau0p85_tkd1p00_nofeat_canonical_seed0_r100.pkl
TinyImageNet,beta_0.1,54,0.08623025603592396,0.08934988841414453,/home/minss/fl/DXFL/logs/lambda/final/logs_js_client_ofat_extensions_seed0/dataset/tinyimagenet/tinyimagenet/beta_0.1/seed0/adaptive_js_client/tinyimagenet_dataset_tinyimagenet_beta_0.1_js_client_lmax1p00_tau0p85_tkd1p00_nofeat_canonical_seed0_r100.pkl
TinyImageNet,beta_0.1,55,0.09578901529312134,0.08761381149291994,/home/minss/fl/DXFL/logs/lambda/final/logs_js_client_ofat_extensions_seed0/dataset/tinyimagenet/tinyimagenet/beta_0.1/seed0/adaptive_js_client/tinyimagenet_dataset_tinyimagenet_beta_0.1_js_client_lmax1p00_tau0p85_tkd1p00_nofeat_canonical_seed0_r100.pkl
TinyImageNet,beta_0.1,56,0.07709326110780239,0.08599728383123875,/home/minss/fl/DXFL/logs/lambda/final/logs_js_client_ofat_extensions_seed0/dataset/tinyimagenet/tinyimagenet/beta_0.1/seed0/adaptive_js_client/tinyimagenet_dataset_tinyimagenet_beta_0.1_js_client_lmax1p00_tau0p85_tkd1p00_nofeat_canonical_seed0_r100.pkl
TinyImageNet,beta_0.1,57,0.08178357556462287,0.0864310696721077,/home/minss/fl/DXFL/logs/lambda/final/logs_js_client_ofat_extensions_seed0/dataset/tinyimagenet/tinyimagenet/beta_0.1/seed0/adaptive_js_client/tinyimagenet_dataset_tinyimagenet_beta_0.1_js_client_lmax1p00_tau0p85_tkd1p00_nofeat_canonical_seed0_r100.pkl
TinyImageNet,beta_0.1,58,0.08909031115472317,0.08616235673427582,/home/minss/fl/DXFL/logs/lambda/final/logs_js_client_ofat_extensions_seed0/dataset/tinyimagenet/tinyimagenet/beta_0.1/seed0/adaptive_js_client/tinyimagenet_dataset_tinyimagenet_beta_0.1_js_client_lmax1p00_tau0p85_tkd1p00_nofeat_canonical_seed0_r100.pkl
TinyImageNet,beta_0.1,59,0.08839918524026871,0.09093731127679348,/home/minss/fl/DXFL/logs/lambda/final/logs_js_client_ofat_extensions_seed0/dataset/tinyimagenet/tinyimagenet/beta_0.1/seed0/adaptive_js_client/tinyimagenet_dataset_tinyimagenet_beta_0.1_js_client_lmax1p00_tau0p85_tkd1p00_nofeat_canonical_seed0_r100.pkl
TinyImageNet,beta_0.1,60,0.09444545060396195,0.09377039410173893,/home/minss/fl/DXFL/logs/lambda/final/logs_js_client_ofat_extensions_seed0/dataset/tinyimagenet/tinyimagenet/beta_0.1/seed0/adaptive_js_client/tinyimagenet_dataset_tinyimagenet_beta_0.1_js_client_lmax1p00_tau0p85_tkd1p00_nofeat_canonical_seed0_r100.pkl
TinyImageNet,beta_0.1,61,0.1009680338203907,0.09569519788026809,/home/minss/fl/DXFL/logs/lambda/final/logs_js_client_ofat_extensions_seed0/dataset/tinyimagenet/tinyimagenet/beta_0.1/seed0/adaptive_js_client/tinyimagenet_dataset_tinyimagenet_beta_0.1_js_client_lmax1p00_tau0p85_tkd1p00_nofeat_canonical_seed0_r100.pkl
TinyImageNet,beta_0.1,62,0.09594898968935013,0.09761083856225014,/home/minss/fl/DXFL/logs/lambda/final/logs_js_client_ofat_extensions_seed0/dataset/tinyimagenet/tinyimagenet/beta_0.1/seed0/adaptive_js_client/tinyimagenet_dataset_tinyimagenet_beta_0.1_js_client_lmax1p00_tau0p85_tkd1p00_nofeat_canonical_seed0_r100.pkl
TinyImageNet,beta_0.1,63,0.098714330047369,0.09923107117414473,/home/minss/fl/DXFL/logs/lambda/final/logs_js_client_ofat_extensions_seed0/dataset/tinyimagenet/tinyimagenet/beta_0.1/seed0/adaptive_js_client/tinyimagenet_dataset_tinyimagenet_beta_0.1_js_client_lmax1p00_tau0p85_tkd1p00_nofeat_canonical_seed0_r100.pkl
TinyImageNet,beta_0.1,64,0.09797738865017891,0.09814514607191085,/home/minss/fl/DXFL/logs/lambda/final/logs_js_client_ofat_extensions_seed0/dataset/tinyimagenet/tinyimagenet/beta_0.1/seed0/adaptive_js_client/tinyimagenet_dataset_tinyimagenet_beta_0.1_js_client_lmax1p00_tau0p85_tkd1p00_nofeat_canonical_seed0_r100.pkl
TinyImageNet,beta_0.1,65,0.10254661366343498,0.09463655784726144,/home/minss/fl/DXFL/logs/lambda/final/logs_js_client_ofat_extensions_seed0/dataset/tinyimagenet/tinyimagenet/beta_0.1/seed0/adaptive_js_client/tinyimagenet_dataset_tinyimagenet_beta_0.1_js_client_lmax1p00_tau0p85_tkd1p00_nofeat_canonical_seed0_r100.pkl
TinyImageNet,beta_0.1,66,0.09553840830922126,0.09607815653085709,/home/minss/fl/DXFL/logs/lambda/final/logs_js_client_ofat_extensions_seed0/dataset/tinyimagenet/tinyimagenet/beta_0.1/seed0/adaptive_js_client/tinyimagenet_dataset_tinyimagenet_beta_0.1_js_client_lmax1p00_tau0p85_tkd1p00_nofeat_canonical_seed0_r100.pkl
TinyImageNet,beta_0.1,67,0.07840604856610298,0.09617674782872201,/home/minss/fl/DXFL/logs/lambda/final/logs_js_client_ofat_extensions_seed0/dataset/tinyimagenet/tinyimagenet/beta_0.1/seed0/adaptive_js_client/tinyimagenet_dataset_tinyimagenet_beta_0.1_js_client_lmax1p00_tau0p85_tkd1p00_nofeat_canonical_seed0_r100.pkl
TinyImageNet,beta_0.1,68,0.10592232346534729,0.09486244663596152,/home/minss/fl/DXFL/logs/lambda/final/logs_js_client_ofat_extensions_seed0/dataset/tinyimagenet/tinyimagenet/beta_0.1/seed0/adaptive_js_client/tinyimagenet_dataset_tinyimagenet_beta_0.1_js_client_lmax1p00_tau0p85_tkd1p00_nofeat_canonical_seed0_r100.pkl
TinyImageNet,beta_0.1,69,0.09847034513950348,0.09321905598044397,/home/minss/fl/DXFL/logs/lambda/final/logs_js_client_ofat_extensions_seed0/dataset/tinyimagenet/tinyimagenet/beta_0.1/seed0/adaptive_js_client/tinyimagenet_dataset_tinyimagenet_beta_0.1_js_client_lmax1p00_tau0p85_tkd1p00_nofeat_canonical_seed0_r100.pkl
TinyImageNet,beta_0.1,70,0.09597510769963265,0.09715791508555413,/home/minss/fl/DXFL/logs/lambda/final/logs_js_client_ofat_extensions_seed0/dataset/tinyimagenet/tinyimagenet/beta_0.1/seed0/adaptive_js_client/tinyimagenet_dataset_tinyimagenet_beta_0.1_js_client_lmax1p00_tau0p85_tkd1p00_nofeat_canonical_seed0_r100.pkl
TinyImageNet,beta_0.1,71,0.08732145503163338,0.0961967694759369,/home/minss/fl/DXFL/logs/lambda/final/logs_js_client_ofat_extensions_seed0/dataset/tinyimagenet/tinyimagenet/beta_0.1/seed0/adaptive_js_client/tinyimagenet_dataset_tinyimagenet_beta_0.1_js_client_lmax1p00_tau0p85_tkd1p00_nofeat_canonical_seed0_r100.pkl
TinyImageNet,beta_0.1,72,0.09810034409165383,0.0969747942686081,/home/minss/fl/DXFL/logs/lambda/final/logs_js_client_ofat_extensions_seed0/dataset/tinyimagenet/tinyimagenet/beta_0.1/seed0/adaptive_js_client/tinyimagenet_dataset_tinyimagenet_beta_0.1_js_client_lmax1p00_tau0p85_tkd1p00_nofeat_canonical_seed0_r100.pkl
TinyImageNet,beta_0.1,73,0.10111659541726112,0.09642743863165379,/home/minss/fl/DXFL/logs/lambda/final/logs_js_client_ofat_extensions_seed0/dataset/tinyimagenet/tinyimagenet/beta_0.1/seed0/adaptive_js_client/tinyimagenet_dataset_tinyimagenet_beta_0.1_js_client_lmax1p00_tau0p85_tkd1p00_nofeat_canonical_seed0_r100.pkl
TinyImageNet,beta_0.1,74,0.1023604691028595,0.10048391140997409,/home/minss/fl/DXFL/logs/lambda/final/logs_js_client_ofat_extensions_seed0/dataset/tinyimagenet/tinyimagenet/beta_0.1/seed0/adaptive_js_client/tinyimagenet_dataset_tinyimagenet_beta_0.1_js_client_lmax1p00_tau0p85_tkd1p00_nofeat_canonical_seed0_r100.pkl
TinyImageNet,beta_0.1,75,0.0932383295148611,0.10139874137938022,/home/minss/fl/DXFL/logs/lambda/final/logs_js_client_ofat_extensions_seed0/dataset/tinyimagenet/tinyimagenet/beta_0.1/seed0/adaptive_js_client/tinyimagenet_dataset_tinyimagenet_beta_0.1_js_client_lmax1p00_tau0p85_tkd1p00_nofeat_canonical_seed0_r100.pkl
TinyImageNet,beta_0.1,76,0.10760381892323494,0.10096331872045994,/home/minss/fl/DXFL/logs/lambda/final/logs_js_client_ofat_extensions_seed0/dataset/tinyimagenet/tinyimagenet/beta_0.1/seed0/adaptive_js_client/tinyimagenet_dataset_tinyimagenet_beta_0.1_js_client_lmax1p00_tau0p85_tkd1p00_nofeat_canonical_seed0_r100.pkl
TinyImageNet,beta_0.1,77,0.10267449393868447,0.10017667420208454,/home/minss/fl/DXFL/logs/lambda/final/logs_js_client_ofat_extensions_seed0/dataset/tinyimagenet/tinyimagenet/beta_0.1/seed0/adaptive_js_client/tinyimagenet_dataset_tinyimagenet_beta_0.1_js_client_lmax1p00_tau0p85_tkd1p00_nofeat_canonical_seed0_r100.pkl
TinyImageNet,beta_0.1,78,0.09893948212265968,0.10047165587544443,/home/minss/fl/DXFL/logs/lambda/final/logs_js_client_ofat_extensions_seed0/dataset/tinyimagenet/tinyimagenet/beta_0.1/seed0/adaptive_js_client/tinyimagenet_dataset_tinyimagenet_beta_0.1_js_client_lmax1p00_tau0p85_tkd1p00_nofeat_canonical_seed0_r100.pkl
TinyImageNet,beta_0.1,79,0.09842724651098252,0.09911582410335543,/home/minss/fl/DXFL/logs/lambda/final/logs_js_client_ofat_extensions_seed0/dataset/tinyimagenet/tinyimagenet/beta_0.1/seed0/adaptive_js_client/tinyimagenet_dataset_tinyimagenet_beta_0.1_js_client_lmax1p00_tau0p85_tkd1p00_nofeat_canonical_seed0_r100.pkl
TinyImageNet,beta_0.1,80,0.09471323788166046,0.10095317199826243,/home/minss/fl/DXFL/logs/lambda/final/logs_js_client_ofat_extensions_seed0/dataset/tinyimagenet/tinyimagenet/beta_0.1/seed0/adaptive_js_client/tinyimagenet_dataset_tinyimagenet_beta_0.1_js_client_lmax1p00_tau0p85_tkd1p00_nofeat_canonical_seed0_r100.pkl
TinyImageNet,beta_0.1,81,0.10082466006278992,0.10482972472906113,/home/minss/fl/DXFL/logs/lambda/final/logs_js_client_ofat_extensions_seed0/dataset/tinyimagenet/tinyimagenet/beta_0.1/seed0/adaptive_js_client/tinyimagenet_dataset_tinyimagenet_beta_0.1_js_client_lmax1p00_tau0p85_tkd1p00_nofeat_canonical_seed0_r100.pkl
TinyImageNet,beta_0.1,82,0.11186123341321945,0.10732298478484155,/home/minss/fl/DXFL/logs/lambda/final/logs_js_client_ofat_extensions_seed0/dataset/tinyimagenet/tinyimagenet/beta_0.1/seed0/adaptive_js_client/tinyimagenet_dataset_tinyimagenet_beta_0.1_js_client_lmax1p00_tau0p85_tkd1p00_nofeat_canonical_seed0_r100.pkl
TinyImageNet,beta_0.1,83,0.11832224577665329,0.10692432045936585,/home/minss/fl/DXFL/logs/lambda/final/logs_js_client_ofat_extensions_seed0/dataset/tinyimagenet/tinyimagenet/beta_0.1/seed0/adaptive_js_client/tinyimagenet_dataset_tinyimagenet_beta_0.1_js_client_lmax1p00_tau0p85_tkd1p00_nofeat_canonical_seed0_r100.pkl
TinyImageNet,beta_0.1,84,0.11089354678988457,0.10738105967640879,/home/minss/fl/DXFL/logs/lambda/final/logs_js_client_ofat_extensions_seed0/dataset/tinyimagenet/tinyimagenet/beta_0.1/seed0/adaptive_js_client/tinyimagenet_dataset_tinyimagenet_beta_0.1_js_client_lmax1p00_tau0p85_tkd1p00_nofeat_canonical_seed0_r100.pkl
TinyImageNet,beta_0.1,85,0.092719916254282,0.10464743077754976,/home/minss/fl/DXFL/logs/lambda/final/logs_js_client_ofat_extensions_seed0/dataset/tinyimagenet/tinyimagenet/beta_0.1/seed0/adaptive_js_client/tinyimagenet_dataset_tinyimagenet_beta_0.1_js_client_lmax1p00_tau0p85_tkd1p00_nofeat_canonical_seed0_r100.pkl
TinyImageNet,beta_0.1,86,0.10310835614800454,0.1018040406703949,/home/minss/fl/DXFL/logs/lambda/final/logs_js_client_ofat_extensions_seed0/dataset/tinyimagenet/tinyimagenet/beta_0.1/seed0/adaptive_js_client/tinyimagenet_dataset_tinyimagenet_beta_0.1_js_client_lmax1p00_tau0p85_tkd1p00_nofeat_canonical_seed0_r100.pkl
TinyImageNet,beta_0.1,87,0.09819308891892434,0.10311016246676445,/home/minss/fl/DXFL/logs/lambda/final/logs_js_client_ofat_extensions_seed0/dataset/tinyimagenet/tinyimagenet/beta_0.1/seed0/adaptive_js_client/tinyimagenet_dataset_tinyimagenet_beta_0.1_js_client_lmax1p00_tau0p85_tkd1p00_nofeat_canonical_seed0_r100.pkl
TinyImageNet,beta_0.1,88,0.10410529524087905,0.10341090455651285,/home/minss/fl/DXFL/logs/lambda/final/logs_js_client_ofat_extensions_seed0/dataset/tinyimagenet/tinyimagenet/beta_0.1/seed0/adaptive_js_client/tinyimagenet_dataset_tinyimagenet_beta_0.1_js_client_lmax1p00_tau0p85_tkd1p00_nofeat_canonical_seed0_r100.pkl
TinyImageNet,beta_0.1,89,0.11742415577173233,0.10500574082136155,/home/minss/fl/DXFL/logs/lambda/final/logs_js_client_ofat_extensions_seed0/dataset/tinyimagenet/tinyimagenet/beta_0.1/seed0/adaptive_js_client/tinyimagenet_dataset_tinyimagenet_beta_0.1_js_client_lmax1p00_tau0p85_tkd1p00_nofeat_canonical_seed0_r100.pkl
TinyImageNet,beta_0.1,90,0.09422362670302391,0.10545991882681847,/home/minss/fl/DXFL/logs/lambda/final/logs_js_client_ofat_extensions_seed0/dataset/tinyimagenet/tinyimagenet/beta_0.1/seed0/adaptive_js_client/tinyimagenet_dataset_tinyimagenet_beta_0.1_js_client_lmax1p00_tau0p85_tkd1p00_nofeat_canonical_seed0_r100.pkl
TinyImageNet,beta_0.1,91,0.11108253747224808,0.10547328889369965,/home/minss/fl/DXFL/logs/lambda/final/logs_js_client_ofat_extensions_seed0/dataset/tinyimagenet/tinyimagenet/beta_0.1/seed0/adaptive_js_client/tinyimagenet_dataset_tinyimagenet_beta_0.1_js_client_lmax1p00_tau0p85_tkd1p00_nofeat_canonical_seed0_r100.pkl
TinyImageNet,beta_0.1,92,0.10046397894620895,0.10309426501393319,/home/minss/fl/DXFL/logs/lambda/final/logs_js_client_ofat_extensions_seed0/dataset/tinyimagenet/tinyimagenet/beta_0.1/seed0/adaptive_js_client/tinyimagenet_dataset_tinyimagenet_beta_0.1_js_client_lmax1p00_tau0p85_tkd1p00_nofeat_canonical_seed0_r100.pkl
TinyImageNet,beta_0.1,93,0.10417214557528495,0.10610043466091157,/home/minss/fl/DXFL/logs/lambda/final/logs_js_client_ofat_extensions_seed0/dataset/tinyimagenet/tinyimagenet/beta_0.1/seed0/adaptive_js_client/tinyimagenet_dataset_tinyimagenet_beta_0.1_js_client_lmax1p00_tau0p85_tkd1p00_nofeat_canonical_seed0_r100.pkl
TinyImageNet,beta_0.1,94,0.10552903637290001,0.10641279995441438,/home/minss/fl/DXFL/logs/lambda/final/logs_js_client_ofat_extensions_seed0/dataset/tinyimagenet/tinyimagenet/beta_0.1/seed0/adaptive_js_client/tinyimagenet_dataset_tinyimagenet_beta_0.1_js_client_lmax1p00_tau0p85_tkd1p00_nofeat_canonical_seed0_r100.pkl
TinyImageNet,beta_0.1,95,0.1092544749379158,0.10977875918149949,/home/minss/fl/DXFL/logs/lambda/final/logs_js_client_ofat_extensions_seed0/dataset/tinyimagenet/tinyimagenet/beta_0.1/seed0/adaptive_js_client/tinyimagenet_dataset_tinyimagenet_beta_0.1_js_client_lmax1p00_tau0p85_tkd1p00_nofeat_canonical_seed0_r100.pkl
TinyImageNet,beta_0.1,96,0.11264436393976211,0.10871392250061038,/home/minss/fl/DXFL/logs/lambda/final/logs_js_client_ofat_extensions_seed0/dataset/tinyimagenet/tinyimagenet/beta_0.1/seed0/adaptive_js_client/tinyimagenet_dataset_tinyimagenet_beta_0.1_js_client_lmax1p00_tau0p85_tkd1p00_nofeat_canonical_seed0_r100.pkl
TinyImageNet,beta_0.1,97,0.11729377508163452,0.1104798024892807,/home/minss/fl/DXFL/logs/lambda/final/logs_js_client_ofat_extensions_seed0/dataset/tinyimagenet/tinyimagenet/beta_0.1/seed0/adaptive_js_client/tinyimagenet_dataset_tinyimagenet_beta_0.1_js_client_lmax1p00_tau0p85_tkd1p00_nofeat_canonical_seed0_r100.pkl
TinyImageNet,beta_0.1,98,0.09884796217083931,0.11189848095178603,/home/minss/fl/DXFL/logs/lambda/final/logs_js_client_ofat_extensions_seed0/dataset/tinyimagenet/tinyimagenet/beta_0.1/seed0/adaptive_js_client/tinyimagenet_dataset_tinyimagenet_beta_0.1_js_client_lmax1p00_tau0p85_tkd1p00_nofeat_canonical_seed0_r100.pkl
TinyImageNet,beta_0.1,99,0.11435843631625175,0.11263918161392214,/home/minss/fl/DXFL/logs/lambda/final/logs_js_client_ofat_extensions_seed0/dataset/tinyimagenet/tinyimagenet/beta_0.1/seed0/adaptive_js_client/tinyimagenet_dataset_tinyimagenet_beta_0.1_js_client_lmax1p00_tau0p85_tkd1p00_nofeat_canonical_seed0_r100.pkl
TinyImageNet,beta_0.1,100,0.11634786725044251,0.11245000004768374,/home/minss/fl/DXFL/logs/lambda/final/logs_js_client_ofat_extensions_seed0/dataset/tinyimagenet/tinyimagenet/beta_0.1/seed0/adaptive_js_client/tinyimagenet_dataset_tinyimagenet_beta_0.1_js_client_lmax1p00_tau0p85_tkd1p00_nofeat_canonical_seed0_r100.pkl
ImageNet100-64,iid,1,7.737383711514667e-08,6.66348444612197e-05,/home/minss/fl/DXFL/logs/lambda/final/logs_js_client_ofat_extensions_seed0/dataset/imagenet100_64/imagenet100_64/iid/seed0/adaptive_js_client/imagenet100_64_dataset_imagenet100_64_iid_js_client_lmax1p00_tau0p85_tkd1p00_nofeat_canonical_seed0_r100.pkl
ImageNet100-64,iid,2,3.886188133037649e-05,0.0002298655696480978,/home/minss/fl/DXFL/logs/lambda/final/logs_js_client_ofat_extensions_seed0/dataset/imagenet100_64/imagenet100_64/iid/seed0/adaptive_js_client/imagenet100_64_dataset_imagenet100_64_iid_js_client_lmax1p00_tau0p85_tkd1p00_nofeat_canonical_seed0_r100.pkl
ImageNet100-64,iid,3,0.0002940802194643766,0.0005266932282818005,/home/minss/fl/DXFL/logs/lambda/final/logs_js_client_ofat_extensions_seed0/dataset/imagenet100_64/imagenet100_64/iid/seed0/adaptive_js_client/imagenet100_64_dataset_imagenet100_64_iid_js_client_lmax1p00_tau0p85_tkd1p00_nofeat_canonical_seed0_r100.pkl
ImageNet100-64,iid,4,0.0008162309997715056,0.0010714903350162786,/home/minss/fl/DXFL/logs/lambda/final/logs_js_client_ofat_extensions_seed0/dataset/imagenet100_64/imagenet100_64/iid/seed0/adaptive_js_client/imagenet100_64_dataset_imagenet100_64_iid_js_client_lmax1p00_tau0p85_tkd1p00_nofeat_canonical_seed0_r100.pkl
ImageNet100-64,iid,5,0.0014842156670056283,0.0019355776917655023,/home/minss/fl/DXFL/logs/lambda/final/logs_js_client_ofat_extensions_seed0/dataset/imagenet100_64/imagenet100_64/iid/seed0/adaptive_js_client/imagenet100_64_dataset_imagenet100_64_iid_js_client_lmax1p00_tau0p85_tkd1p00_nofeat_canonical_seed0_r100.pkl
ImageNet100-64,iid,6,0.0027240629075095057,0.0031304452335461975,/home/minss/fl/DXFL/logs/lambda/final/logs_js_client_ofat_extensions_seed0/dataset/imagenet100_64/imagenet100_64/iid/seed0/adaptive_js_client/imagenet100_64_dataset_imagenet100_64_iid_js_client_lmax1p00_tau0p85_tkd1p00_nofeat_canonical_seed0_r100.pkl
ImageNet100-64,iid,7,0.004359298665076494,0.004787056858185679,/home/minss/fl/DXFL/logs/lambda/final/logs_js_client_ofat_extensions_seed0/dataset/imagenet100_64/imagenet100_64/iid/seed0/adaptive_js_client/imagenet100_64_dataset_imagenet100_64_iid_js_client_lmax1p00_tau0p85_tkd1p00_nofeat_canonical_seed0_r100.pkl
ImageNet100-64,iid,8,0.006268417928367853,0.007178192003630102,/home/minss/fl/DXFL/logs/lambda/final/logs_js_client_ofat_extensions_seed0/dataset/imagenet100_64/imagenet100_64/iid/seed0/adaptive_js_client/imagenet100_64_dataset_imagenet100_64_iid_js_client_lmax1p00_tau0p85_tkd1p00_nofeat_canonical_seed0_r100.pkl
ImageNet100-64,iid,9,0.009099289122968913,0.009945024512708187,/home/minss/fl/DXFL/logs/lambda/final/logs_js_client_ofat_extensions_seed0/dataset/imagenet100_64/imagenet100_64/iid/seed0/adaptive_js_client/imagenet100_64_dataset_imagenet100_64_iid_js_client_lmax1p00_tau0p85_tkd1p00_nofeat_canonical_seed0_r100.pkl
ImageNet100-64,iid,10,0.013439891394227743,0.01349707944318652,/home/minss/fl/DXFL/logs/lambda/final/logs_js_client_ofat_extensions_seed0/dataset/imagenet100_64/imagenet100_64/iid/seed0/adaptive_js_client/imagenet100_64_dataset_imagenet100_64_iid_js_client_lmax1p00_tau0p85_tkd1p00_nofeat_canonical_seed0_r100.pkl
ImageNet100-64,iid,11,0.016558225452899932,0.017255201414227483,/home/minss/fl/DXFL/logs/lambda/final/logs_js_client_ofat_extensions_seed0/dataset/imagenet100_64/imagenet100_64/iid/seed0/adaptive_js_client/imagenet100_64_dataset_imagenet100_64_iid_js_client_lmax1p00_tau0p85_tkd1p00_nofeat_canonical_seed0_r100.pkl
ImageNet100-64,iid,12,0.022119573317468166,0.021698047984391452,/home/minss/fl/DXFL/logs/lambda/final/logs_js_client_ofat_extensions_seed0/dataset/imagenet100_64/imagenet100_64/iid/seed0/adaptive_js_client/imagenet100_64_dataset_imagenet100_64_iid_js_client_lmax1p00_tau0p85_tkd1p00_nofeat_canonical_seed0_r100.pkl
ImageNet100-64,iid,13,0.025059027783572673,0.026299060545861723,/home/minss/fl/DXFL/logs/lambda/final/logs_js_client_ofat_extensions_seed0/dataset/imagenet100_64/imagenet100_64/iid/seed0/adaptive_js_client/imagenet100_64_dataset_imagenet100_64_iid_js_client_lmax1p00_tau0p85_tkd1p00_nofeat_canonical_seed0_r100.pkl
ImageNet100-64,iid,14,0.03131352197378874,0.0316168862208724,/home/minss/fl/DXFL/logs/lambda/final/logs_js_client_ofat_extensions_seed0/dataset/imagenet100_64/imagenet100_64/iid/seed0/adaptive_js_client/imagenet100_64_dataset_imagenet100_64_iid_js_client_lmax1p00_tau0p85_tkd1p00_nofeat_canonical_seed0_r100.pkl
ImageNet100-64,iid,15,0.036444954201579095,0.03686699554324151,/home/minss/fl/DXFL/logs/lambda/final/logs_js_client_ofat_extensions_seed0/dataset/imagenet100_64/imagenet100_64/iid/seed0/adaptive_js_client/imagenet100_64_dataset_imagenet100_64_iid_js_client_lmax1p00_tau0p85_tkd1p00_nofeat_canonical_seed0_r100.pkl
ImageNet100-64,iid,16,0.04314735382795334,0.042997310273349285,/home/minss/fl/DXFL/logs/lambda/final/logs_js_client_ofat_extensions_seed0/dataset/imagenet100_64/imagenet100_64/iid/seed0/adaptive_js_client/imagenet100_64_dataset_imagenet100_64_iid_js_client_lmax1p00_tau0p85_tkd1p00_nofeat_canonical_seed0_r100.pkl
ImageNet100-64,iid,17,0.04837011992931366,0.04926773183047771,/home/minss/fl/DXFL/logs/lambda/final/logs_js_client_ofat_extensions_seed0/dataset/imagenet100_64/imagenet100_64/iid/seed0/adaptive_js_client/imagenet100_64_dataset_imagenet100_64_iid_js_client_lmax1p00_tau0p85_tkd1p00_nofeat_canonical_seed0_r100.pkl
ImageNet100-64,iid,18,0.05571060143411159,0.05525514520704747,/home/minss/fl/DXFL/logs/lambda/final/logs_js_client_ofat_extensions_seed0/dataset/imagenet100_64/imagenet100_64/iid/seed0/adaptive_js_client/imagenet100_64_dataset_imagenet100_64_iid_js_client_lmax1p00_tau0p85_tkd1p00_nofeat_canonical_seed0_r100.pkl
ImageNet100-64,iid,19,0.06266562975943088,0.06219053201377392,/home/minss/fl/DXFL/logs/lambda/final/logs_js_client_ofat_extensions_seed0/dataset/imagenet100_64/imagenet100_64/iid/seed0/adaptive_js_client/imagenet100_64_dataset_imagenet100_64_iid_js_client_lmax1p00_tau0p85_tkd1p00_nofeat_canonical_seed0_r100.pkl
ImageNet100-64,iid,20,0.06638202108442784,0.06945814438164234,/home/minss/fl/DXFL/logs/lambda/final/logs_js_client_ofat_extensions_seed0/dataset/imagenet100_64/imagenet100_64/iid/seed0/adaptive_js_client/imagenet100_64_dataset_imagenet100_64_iid_js_client_lmax1p00_tau0p85_tkd1p00_nofeat_canonical_seed0_r100.pkl
ImageNet100-64,iid,21,0.07782428786158561,0.07673420399427414,/home/minss/fl/DXFL/logs/lambda/final/logs_js_client_ofat_extensions_seed0/dataset/imagenet100_64/imagenet100_64/iid/seed0/adaptive_js_client/imagenet100_64_dataset_imagenet100_64_iid_js_client_lmax1p00_tau0p85_tkd1p00_nofeat_canonical_seed0_r100.pkl
ImageNet100-64,iid,22,0.08470818176865577,0.08384453751146793,/home/minss/fl/DXFL/logs/lambda/final/logs_js_client_ofat_extensions_seed0/dataset/imagenet100_64/imagenet100_64/iid/seed0/adaptive_js_client/imagenet100_64_dataset_imagenet100_64_iid_js_client_lmax1p00_tau0p85_tkd1p00_nofeat_canonical_seed0_r100.pkl
ImageNet100-64,iid,23,0.09209089949727059,0.09204219490289688,/home/minss/fl/DXFL/logs/lambda/final/logs_js_client_ofat_extensions_seed0/dataset/imagenet100_64/imagenet100_64/iid/seed0/adaptive_js_client/imagenet100_64_dataset_imagenet100_64_iid_js_client_lmax1p00_tau0p85_tkd1p00_nofeat_canonical_seed0_r100.pkl
ImageNet100-64,iid,24,0.09821729734539986,0.0993934166431427,/home/minss/fl/DXFL/logs/lambda/final/logs_js_client_ofat_extensions_seed0/dataset/imagenet100_64/imagenet100_64/iid/seed0/adaptive_js_client/imagenet100_64_dataset_imagenet100_64_iid_js_client_lmax1p00_tau0p85_tkd1p00_nofeat_canonical_seed0_r100.pkl
ImageNet100-64,iid,25,0.10737030804157258,0.10624578401446341,/home/minss/fl/DXFL/logs/lambda/final/logs_js_client_ofat_extensions_seed0/dataset/imagenet100_64/imagenet100_64/iid/seed0/adaptive_js_client/imagenet100_64_dataset_imagenet100_64_iid_js_client_lmax1p00_tau0p85_tkd1p00_nofeat_canonical_seed0_r100.pkl
ImageNet100-64,iid,26,0.11458039656281471,0.1144922184944153,/home/minss/fl/DXFL/logs/lambda/final/logs_js_client_ofat_extensions_seed0/dataset/imagenet100_64/imagenet100_64/iid/seed0/adaptive_js_client/imagenet100_64_dataset_imagenet100_64_iid_js_client_lmax1p00_tau0p85_tkd1p00_nofeat_canonical_seed0_r100.pkl
ImageNet100-64,iid,27,0.1189700186252594,0.12118535563349725,/home/minss/fl/DXFL/logs/lambda/final/logs_js_client_ofat_extensions_seed0/dataset/imagenet100_64/imagenet100_64/iid/seed0/adaptive_js_client/imagenet100_64_dataset_imagenet100_64_iid_js_client_lmax1p00_tau0p85_tkd1p00_nofeat_canonical_seed0_r100.pkl
ImageNet100-64,iid,28,0.13332307189702988,0.12835062965750696,/home/minss/fl/DXFL/logs/lambda/final/logs_js_client_ofat_extensions_seed0/dataset/imagenet100_64/imagenet100_64/iid/seed0/adaptive_js_client/imagenet100_64_dataset_imagenet100_64_iid_js_client_lmax1p00_tau0p85_tkd1p00_nofeat_canonical_seed0_r100.pkl
ImageNet100-64,iid,29,0.13168298304080964,0.13619847804307939,/home/minss/fl/DXFL/logs/lambda/final/logs_js_client_ofat_extensions_seed0/dataset/imagenet100_64/imagenet100_64/iid/seed0/adaptive_js_client/imagenet100_64_dataset_imagenet100_64_iid_js_client_lmax1p00_tau0p85_tkd1p00_nofeat_canonical_seed0_r100.pkl
ImageNet100-64,iid,30,0.1431966781616211,0.1435845756530762,/home/minss/fl/DXFL/logs/lambda/final/logs_js_client_ofat_extensions_seed0/dataset/imagenet100_64/imagenet100_64/iid/seed0/adaptive_js_client/imagenet100_64_dataset_imagenet100_64_iid_js_client_lmax1p00_tau0p85_tkd1p00_nofeat_canonical_seed0_r100.pkl
ImageNet100-64,iid,31,0.15381963849067687,0.15063180387020114,/home/minss/fl/DXFL/logs/lambda/final/logs_js_client_ofat_extensions_seed0/dataset/imagenet100_64/imagenet100_64/iid/seed0/adaptive_js_client/imagenet100_64_dataset_imagenet100_64_iid_js_client_lmax1p00_tau0p85_tkd1p00_nofeat_canonical_seed0_r100.pkl
ImageNet100-64,iid,32,0.15590050667524338,0.15889198392629628,/home/minss/fl/DXFL/logs/lambda/final/logs_js_client_ofat_extensions_seed0/dataset/imagenet100_64/imagenet100_64/iid/seed0/adaptive_js_client/imagenet100_64_dataset_imagenet100_64_iid_js_client_lmax1p00_tau0p85_tkd1p00_nofeat_canonical_seed0_r100.pkl
ImageNet100-64,iid,33,0.16855921298265458,0.16663150072097782,/home/minss/fl/DXFL/logs/lambda/final/logs_js_client_ofat_extensions_seed0/dataset/imagenet100_64/imagenet100_64/iid/seed0/adaptive_js_client/imagenet100_64_dataset_imagenet100_64_iid_js_client_lmax1p00_tau0p85_tkd1p00_nofeat_canonical_seed0_r100.pkl
ImageNet100-64,iid,34,0.17298388332128525,0.1733940473198891,/home/minss/fl/DXFL/logs/lambda/final/logs_js_client_ofat_extensions_seed0/dataset/imagenet100_64/imagenet100_64/iid/seed0/adaptive_js_client/imagenet100_64_dataset_imagenet100_64_iid_js_client_lmax1p00_tau0p85_tkd1p00_nofeat_canonical_seed0_r100.pkl
ImageNet100-64,iid,35,0.18189426213502885,0.18233341932296754,/home/minss/fl/DXFL/logs/lambda/final/logs_js_client_ofat_extensions_seed0/dataset/imagenet100_64/imagenet100_64/iid/seed0/adaptive_js_client/imagenet100_64_dataset_imagenet100_64_iid_js_client_lmax1p00_tau0p85_tkd1p00_nofeat_canonical_seed0_r100.pkl
ImageNet100-64,iid,36,0.18763237148523332,0.18882505506277086,/home/minss/fl/DXFL/logs/lambda/final/logs_js_client_ofat_extensions_seed0/dataset/imagenet100_64/imagenet100_64/iid/seed0/adaptive_js_client/imagenet100_64_dataset_imagenet100_64_iid_js_client_lmax1p00_tau0p85_tkd1p00_nofeat_canonical_seed0_r100.pkl
ImageNet100-64,iid,37,0.2005973666906357,0.19679925411939625,/home/minss/fl/DXFL/logs/lambda/final/logs_js_client_ofat_extensions_seed0/dataset/imagenet100_64/imagenet100_64/iid/seed0/adaptive_js_client/imagenet100_64_dataset_imagenet100_64_iid_js_client_lmax1p00_tau0p85_tkd1p00_nofeat_canonical_seed0_r100.pkl
ImageNet100-64,iid,38,0.20101739168167115,0.2053991034626961,/home/minss/fl/DXFL/logs/lambda/final/logs_js_client_ofat_extensions_seed0/dataset/imagenet100_64/imagenet100_64/iid/seed0/adaptive_js_client/imagenet100_64_dataset_imagenet100_64_iid_js_client_lmax1p00_tau0p85_tkd1p00_nofeat_canonical_seed0_r100.pkl
ImageNet100-64,iid,39,0.21285487860441207,0.21137236177921298,/home/minss/fl/DXFL/logs/lambda/final/logs_js_client_ofat_extensions_seed0/dataset/imagenet100_64/imagenet100_64/iid/seed0/adaptive_js_client/imagenet100_64_dataset_imagenet100_64_iid_js_client_lmax1p00_tau0p85_tkd1p00_nofeat_canonical_seed0_r100.pkl
ImageNet100-64,iid,40,0.22489350885152817,0.21768308132886888,/home/minss/fl/DXFL/logs/lambda/final/logs_js_client_ofat_extensions_seed0/dataset/imagenet100_64/imagenet100_64/iid/seed0/adaptive_js_client/imagenet100_64_dataset_imagenet100_64_iid_js_client_lmax1p00_tau0p85_tkd1p00_nofeat_canonical_seed0_r100.pkl
ImageNet100-64,iid,41,0.21749866306781768,0.22664367794990542,/home/minss/fl/DXFL/logs/lambda/final/logs_js_client_ofat_extensions_seed0/dataset/imagenet100_64/imagenet100_64/iid/seed0/adaptive_js_client/imagenet100_64_dataset_imagenet100_64_iid_js_client_lmax1p00_tau0p85_tkd1p00_nofeat_canonical_seed0_r100.pkl
ImageNet100-64,iid,42,0.23215096443891525,0.23326066046953203,/home/minss/fl/DXFL/logs/lambda/final/logs_js_client_ofat_extensions_seed0/dataset/imagenet100_64/imagenet100_64/iid/seed0/adaptive_js_client/imagenet100_64_dataset_imagenet100_64_iid_js_client_lmax1p00_tau0p85_tkd1p00_nofeat_canonical_seed0_r100.pkl
ImageNet100-64,iid,43,0.24582037478685378,0.23838725179433826,/home/minss/fl/DXFL/logs/lambda/final/logs_js_client_ofat_extensions_seed0/dataset/imagenet100_64/imagenet100_64/iid/seed0/adaptive_js_client/imagenet100_64_dataset_imagenet100_64_iid_js_client_lmax1p00_tau0p85_tkd1p00_nofeat_canonical_seed0_r100.pkl
ImageNet100-64,iid,44,0.24593979120254517,0.24802337706089023,/home/minss/fl/DXFL/logs/lambda/final/logs_js_client_ofat_extensions_seed0/dataset/imagenet100_64/imagenet100_64/iid/seed0/adaptive_js_client/imagenet100_64_dataset_imagenet100_64_iid_js_client_lmax1p00_tau0p85_tkd1p00_nofeat_canonical_seed0_r100.pkl
ImageNet100-64,iid,45,0.25052646547555923,0.2562283727526665,/home/minss/fl/DXFL/logs/lambda/final/logs_js_client_ofat_extensions_seed0/dataset/imagenet100_64/imagenet100_64/iid/seed0/adaptive_js_client/imagenet100_64_dataset_imagenet100_64_iid_js_client_lmax1p00_tau0p85_tkd1p00_nofeat_canonical_seed0_r100.pkl
ImageNet100-64,iid,46,0.26567928940057756,0.26235044956207276,/home/minss/fl/DXFL/logs/lambda/final/logs_js_client_ofat_extensions_seed0/dataset/imagenet100_64/imagenet100_64/iid/seed0/adaptive_js_client/imagenet100_64_dataset_imagenet100_64_iid_js_client_lmax1p00_tau0p85_tkd1p00_nofeat_canonical_seed0_r100.pkl
ImageNet100-64,iid,47,0.2731759428977966,0.27011161267757416,/home/minss/fl/DXFL/logs/lambda/final/logs_js_client_ofat_extensions_seed0/dataset/imagenet100_64/imagenet100_64/iid/seed0/adaptive_js_client/imagenet100_64_dataset_imagenet100_64_iid_js_client_lmax1p00_tau0p85_tkd1p00_nofeat_canonical_seed0_r100.pkl
ImageNet100-64,iid,48,0.2764307588338852,0.27844050496816636,/home/minss/fl/DXFL/logs/lambda/final/logs_js_client_ofat_extensions_seed0/dataset/imagenet100_64/imagenet100_64/iid/seed0/adaptive_js_client/imagenet100_64_dataset_imagenet100_64_iid_js_client_lmax1p00_tau0p85_tkd1p00_nofeat_canonical_seed0_r100.pkl
ImageNet100-64,iid,49,0.2847456067800522,0.28351477563381194,/home/minss/fl/DXFL/logs/lambda/final/logs_js_client_ofat_extensions_seed0/dataset/imagenet100_64/imagenet100_64/iid/seed0/adaptive_js_client/imagenet100_64_dataset_imagenet100_64_iid_js_client_lmax1p00_tau0p85_tkd1p00_nofeat_canonical_seed0_r100.pkl
ImageNet100-64,iid,50,0.2921709269285202,0.28638300478458406,/home/minss/fl/DXFL/logs/lambda/final/logs_js_client_ofat_extensions_seed0/dataset/imagenet100_64/imagenet100_64/iid/seed0/adaptive_js_client/imagenet100_64_dataset_imagenet100_64_iid_js_client_lmax1p00_tau0p85_tkd1p00_nofeat_canonical_seed0_r100.pkl
ImageNet100-64,iid,51,0.29105064272880554,0.28897068321704866,/home/minss/fl/DXFL/logs/lambda/final/logs_js_client_ofat_extensions_seed0/dataset/imagenet100_64/imagenet100_64/iid/seed0/adaptive_js_client/imagenet100_64_dataset_imagenet100_64_iid_js_client_lmax1p00_tau0p85_tkd1p00_nofeat_canonical_seed0_r100.pkl
ImageNet100-64,iid,52,0.2875170886516571,0.29052523076534276,/home/minss/fl/DXFL/logs/lambda/final/logs_js_client_ofat_extensions_seed0/dataset/imagenet100_64/imagenet100_64/iid/seed0/adaptive_js_client/imagenet100_64_dataset_imagenet100_64_iid_js_client_lmax1p00_tau0p85_tkd1p00_nofeat_canonical_seed0_r100.pkl
ImageNet100-64,iid,53,0.2893691509962082,0.2903823465108871,/home/minss/fl/DXFL/logs/lambda/final/logs_js_client_ofat_extensions_seed0/dataset/imagenet100_64/imagenet100_64/iid/seed0/adaptive_js_client/imagenet100_64_dataset_imagenet100_64_iid_js_client_lmax1p00_tau0p85_tkd1p00_nofeat_canonical_seed0_r100.pkl
ImageNet100-64,iid,54,0.29251834452152253,0.2919932520389557,/home/minss/fl/DXFL/logs/lambda/final/logs_js_client_ofat_extensions_seed0/dataset/imagenet100_64/imagenet100_64/iid/seed0/adaptive_js_client/imagenet100_64_dataset_imagenet100_64_iid_js_client_lmax1p00_tau0p85_tkd1p00_nofeat_canonical_seed0_r100.pkl
ImageNet100-64,iid,55,0.29145650565624237,0.2931621927022934,/home/minss/fl/DXFL/logs/lambda/final/logs_js_client_ofat_extensions_seed0/dataset/imagenet100_64/imagenet100_64/iid/seed0/adaptive_js_client/imagenet100_64_dataset_imagenet100_64_iid_js_client_lmax1p00_tau0p85_tkd1p00_nofeat_canonical_seed0_r100.pkl
ImageNet100-64,iid,56,0.29910517036914824,0.2934248352050781,/home/minss/fl/DXFL/logs/lambda/final/logs_js_client_ofat_extensions_seed0/dataset/imagenet100_64/imagenet100_64/iid/seed0/adaptive_js_client/imagenet100_64_dataset_imagenet100_64_iid_js_client_lmax1p00_tau0p85_tkd1p00_nofeat_canonical_seed0_r100.pkl
ImageNet100-64,iid,57,0.29336179196834566,0.29358326375484467,/home/minss/fl/DXFL/logs/lambda/final/logs_js_client_ofat_extensions_seed0/dataset/imagenet100_64/imagenet100_64/iid/seed0/adaptive_js_client/imagenet100_64_dataset_imagenet100_64_iid_js_client_lmax1p00_tau0p85_tkd1p00_nofeat_canonical_seed0_r100.pkl
ImageNet100-64,iid,58,0.2906823635101318,0.29287958383560186,/home/minss/fl/DXFL/logs/lambda/final/logs_js_client_ofat_extensions_seed0/dataset/imagenet100_64/imagenet100_64/iid/seed0/adaptive_js_client/imagenet100_64_dataset_imagenet100_64_iid_js_client_lmax1p00_tau0p85_tkd1p00_nofeat_canonical_seed0_r100.pkl
ImageNet100-64,iid,59,0.29331048727035525,0.29110266506671906,/home/minss/fl/DXFL/logs/lambda/final/logs_js_client_ofat_extensions_seed0/dataset/imagenet100_64/imagenet100_64/iid/seed0/adaptive_js_client/imagenet100_64_dataset_imagenet100_64_iid_js_client_lmax1p00_tau0p85_tkd1p00_nofeat_canonical_seed0_r100.pkl
ImageNet100-64,iid,60,0.28793810606002807,0.2924884843826294,/home/minss/fl/DXFL/logs/lambda/final/logs_js_client_ofat_extensions_seed0/dataset/imagenet100_64/imagenet100_64/iid/seed0/adaptive_js_client/imagenet100_64_dataset_imagenet100_64_iid_js_client_lmax1p00_tau0p85_tkd1p00_nofeat_canonical_seed0_r100.pkl
ImageNet100-64,iid,61,0.2902205765247345,0.29234129667282105,/home/minss/fl/DXFL/logs/lambda/final/logs_js_client_ofat_extensions_seed0/dataset/imagenet100_64/imagenet100_64/iid/seed0/adaptive_js_client/imagenet100_64_dataset_imagenet100_64_iid_js_client_lmax1p00_tau0p85_tkd1p00_nofeat_canonical_seed0_r100.pkl
ImageNet100-64,iid,62,0.3002908885478973,0.29266787469387057,/home/minss/fl/DXFL/logs/lambda/final/logs_js_client_ofat_extensions_seed0/dataset/imagenet100_64/imagenet100_64/iid/seed0/adaptive_js_client/imagenet100_64_dataset_imagenet100_64_iid_js_client_lmax1p00_tau0p85_tkd1p00_nofeat_canonical_seed0_r100.pkl
ImageNet100-64,iid,63,0.2899464249610901,0.2927110552787781,/home/minss/fl/DXFL/logs/lambda/final/logs_js_client_ofat_extensions_seed0/dataset/imagenet100_64/imagenet100_64/iid/seed0/adaptive_js_client/imagenet100_64_dataset_imagenet100_64_iid_js_client_lmax1p00_tau0p85_tkd1p00_nofeat_canonical_seed0_r100.pkl
ImageNet100-64,iid,64,0.2949433773756027,0.2931548821926117,/home/minss/fl/DXFL/logs/lambda/final/logs_js_client_ofat_extensions_seed0/dataset/imagenet100_64/imagenet100_64/iid/seed0/adaptive_js_client/imagenet100_64_dataset_imagenet100_64_iid_js_client_lmax1p00_tau0p85_tkd1p00_nofeat_canonical_seed0_r100.pkl
ImageNet100-64,iid,65,0.2881540089845657,0.2918727195262909,/home/minss/fl/DXFL/logs/lambda/final/logs_js_client_ofat_extensions_seed0/dataset/imagenet100_64/imagenet100_64/iid/seed0/adaptive_js_client/imagenet100_64_dataset_imagenet100_64_iid_js_client_lmax1p00_tau0p85_tkd1p00_nofeat_canonical_seed0_r100.pkl
ImageNet100-64,iid,66,0.2924397110939026,0.2911673623323441,/home/minss/fl/DXFL/logs/lambda/final/logs_js_client_ofat_extensions_seed0/dataset/imagenet100_64/imagenet100_64/iid/seed0/adaptive_js_client/imagenet100_64_dataset_imagenet100_64_iid_js_client_lmax1p00_tau0p85_tkd1p00_nofeat_canonical_seed0_r100.pkl
ImageNet100-64,iid,67,0.29388007521629333,0.2891724133491516,/home/minss/fl/DXFL/logs/lambda/final/logs_js_client_ofat_extensions_seed0/dataset/imagenet100_64/imagenet100_64/iid/seed0/adaptive_js_client/imagenet100_64_dataset_imagenet100_64_iid_js_client_lmax1p00_tau0p85_tkd1p00_nofeat_canonical_seed0_r100.pkl
ImageNet100-64,iid,68,0.2864196389913559,0.2898640149831772,/home/minss/fl/DXFL/logs/lambda/final/logs_js_client_ofat_extensions_seed0/dataset/imagenet100_64/imagenet100_64/iid/seed0/adaptive_js_client/imagenet100_64_dataset_imagenet100_64_iid_js_client_lmax1p00_tau0p85_tkd1p00_nofeat_canonical_seed0_r100.pkl
ImageNet100-64,iid,69,0.2849686324596405,0.28978599548339845,/home/minss/fl/DXFL/logs/lambda/final/logs_js_client_ofat_extensions_seed0/dataset/imagenet100_64/imagenet100_64/iid/seed0/adaptive_js_client/imagenet100_64_dataset_imagenet100_64_iid_js_client_lmax1p00_tau0p85_tkd1p00_nofeat_canonical_seed0_r100.pkl
ImageNet100-64,iid,70,0.2916120171546936,0.291504077911377,/home/minss/fl/DXFL/logs/lambda/final/logs_js_client_ofat_extensions_seed0/dataset/imagenet100_64/imagenet100_64/iid/seed0/adaptive_js_client/imagenet100_64_dataset_imagenet100_64_iid_js_client_lmax1p00_tau0p85_tkd1p00_nofeat_canonical_seed0_r100.pkl
ImageNet100-64,iid,71,0.29204961359500886,0.2941700267791748,/home/minss/fl/DXFL/logs/lambda/final/logs_js_client_ofat_extensions_seed0/dataset/imagenet100_64/imagenet100_64/iid/seed0/adaptive_js_client/imagenet100_64_dataset_imagenet100_64_iid_js_client_lmax1p00_tau0p85_tkd1p00_nofeat_canonical_seed0_r100.pkl
ImageNet100-64,iid,72,0.3024704873561859,0.2947742158174515,/home/minss/fl/DXFL/logs/lambda/final/logs_js_client_ofat_extensions_seed0/dataset/imagenet100_64/imagenet100_64/iid/seed0/adaptive_js_client/imagenet100_64_dataset_imagenet100_64_iid_js_client_lmax1p00_tau0p85_tkd1p00_nofeat_canonical_seed0_r100.pkl
ImageNet100-64,iid,73,0.2997493833303452,0.2953420221805573,/home/minss/fl/DXFL/logs/lambda/final/logs_js_client_ofat_extensions_seed0/dataset/imagenet100_64/imagenet100_64/iid/seed0/adaptive_js_client/imagenet100_64_dataset_imagenet100_64_iid_js_client_lmax1p00_tau0p85_tkd1p00_nofeat_canonical_seed0_r100.pkl
ImageNet100-64,iid,74,0.28798957765102384,0.29577929735183717,/home/minss/fl/DXFL/logs/lambda/final/logs_js_client_ofat_extensions_seed0/dataset/imagenet100_64/imagenet100_64/iid/seed0/adaptive_js_client/imagenet100_64_dataset_imagenet100_64_iid_js_client_lmax1p00_tau0p85_tkd1p00_nofeat_canonical_seed0_r100.pkl
ImageNet100-64,iid,75,0.29445104897022245,0.29275942981243136,/home/minss/fl/DXFL/logs/lambda/final/logs_js_client_ofat_extensions_seed0/dataset/imagenet100_64/imagenet100_64/iid/seed0/adaptive_js_client/imagenet100_64_dataset_imagenet100_64_iid_js_client_lmax1p00_tau0p85_tkd1p00_nofeat_canonical_seed0_r100.pkl
ImageNet100-64,iid,76,0.2942359894514084,0.29011235892772674,/home/minss/fl/DXFL/logs/lambda/final/logs_js_client_ofat_extensions_seed0/dataset/imagenet100_64/imagenet100_64/iid/seed0/adaptive_js_client/imagenet100_64_dataset_imagenet100_64_iid_js_client_lmax1p00_tau0p85_tkd1p00_nofeat_canonical_seed0_r100.pkl
ImageNet100-64,iid,77,0.2873711496591568,0.2905637258291245,/home/minss/fl/DXFL/logs/lambda/final/logs_js_client_ofat_extensions_seed0/dataset/imagenet100_64/imagenet100_64/iid/seed0/adaptive_js_client/imagenet100_64_dataset_imagenet100_64_iid_js_client_lmax1p00_tau0p85_tkd1p00_nofeat_canonical_seed0_r100.pkl
ImageNet100-64,iid,78,0.2865140289068222,0.2885934269428253,/home/minss/fl/DXFL/logs/lambda/final/logs_js_client_ofat_extensions_seed0/dataset/imagenet100_64/imagenet100_64/iid/seed0/adaptive_js_client/imagenet100_64_dataset_imagenet100_64_iid_js_client_lmax1p00_tau0p85_tkd1p00_nofeat_canonical_seed0_r100.pkl
ImageNet100-64,iid,79,0.2902464121580124,0.28940666139125826,/home/minss/fl/DXFL/logs/lambda/final/logs_js_client_ofat_extensions_seed0/dataset/imagenet100_64/imagenet100_64/iid/seed0/adaptive_js_client/imagenet100_64_dataset_imagenet100_64_iid_js_client_lmax1p00_tau0p85_tkd1p00_nofeat_canonical_seed0_r100.pkl
ImageNet100-64,iid,80,0.2845995545387268,0.28955862879753114,/home/minss/fl/DXFL/logs/lambda/final/logs_js_client_ofat_extensions_seed0/dataset/imagenet100_64/imagenet100_64/iid/seed0/adaptive_js_client/imagenet100_64_dataset_imagenet100_64_iid_js_client_lmax1p00_tau0p85_tkd1p00_nofeat_canonical_seed0_r100.pkl
ImageNet100-64,iid,81,0.298302161693573,0.29203390896320347,/home/minss/fl/DXFL/logs/lambda/final/logs_js_client_ofat_extensions_seed0/dataset/imagenet100_64/imagenet100_64/iid/seed0/adaptive_js_client/imagenet100_64_dataset_imagenet100_64_iid_js_client_lmax1p00_tau0p85_tkd1p00_nofeat_canonical_seed0_r100.pkl
ImageNet100-64,iid,82,0.28813098669052123,0.29230923891067506,/home/minss/fl/DXFL/logs/lambda/final/logs_js_client_ofat_extensions_seed0/dataset/imagenet100_64/imagenet100_64/iid/seed0/adaptive_js_client/imagenet100_64_dataset_imagenet100_64_iid_js_client_lmax1p00_tau0p85_tkd1p00_nofeat_canonical_seed0_r100.pkl
ImageNet100-64,iid,83,0.2988904297351837,0.29272556960582735,/home/minss/fl/DXFL/logs/lambda/final/logs_js_client_ofat_extensions_seed0/dataset/imagenet100_64/imagenet100_64/iid/seed0/adaptive_js_client/imagenet100_64_dataset_imagenet100_64_iid_js_client_lmax1p00_tau0p85_tkd1p00_nofeat_canonical_seed0_r100.pkl
ImageNet100-64,iid,84,0.29162306189537046,0.2898856741189957,/home/minss/fl/DXFL/logs/lambda/final/logs_js_client_ofat_extensions_seed0/dataset/imagenet100_64/imagenet100_64/iid/seed0/adaptive_js_client/imagenet100_64_dataset_imagenet100_64_iid_js_client_lmax1p00_tau0p85_tkd1p00_nofeat_canonical_seed0_r100.pkl
ImageNet100-64,iid,85,0.2866812080144882,0.290734543800354,/home/minss/fl/DXFL/logs/lambda/final/logs_js_client_ofat_extensions_seed0/dataset/imagenet100_64/imagenet100_64/iid/seed0/adaptive_js_client/imagenet100_64_dataset_imagenet100_64_iid_js_client_lmax1p00_tau0p85_tkd1p00_nofeat_canonical_seed0_r100.pkl
ImageNet100-64,iid,86,0.28410268425941465,0.28963725864887235,/home/minss/fl/DXFL/logs/lambda/final/logs_js_client_ofat_extensions_seed0/dataset/imagenet100_64/imagenet100_64/iid/seed0/adaptive_js_client/imagenet100_64_dataset_imagenet100_64_iid_js_client_lmax1p00_tau0p85_tkd1p00_nofeat_canonical_seed0_r100.pkl
ImageNet100-64,iid,87,0.29237533509731295,0.28838642656803126,/home/minss/fl/DXFL/logs/lambda/final/logs_js_client_ofat_extensions_seed0/dataset/imagenet100_64/imagenet100_64/iid/seed0/adaptive_js_client/imagenet100_64_dataset_imagenet100_64_iid_js_client_lmax1p00_tau0p85_tkd1p00_nofeat_canonical_seed0_r100.pkl
ImageNet100-64,iid,88,0.29340400397777555,0.2887780886888504,/home/minss/fl/DXFL/logs/lambda/final/logs_js_client_ofat_extensions_seed0/dataset/imagenet100_64/imagenet100_64/iid/seed0/adaptive_js_client/imagenet100_64_dataset_imagenet100_64_iid_js_client_lmax1p00_tau0p85_tkd1p00_nofeat_canonical_seed0_r100.pkl
ImageNet100-64,iid,89,0.28536890149116517,0.2884059077501297,/home/minss/fl/DXFL/logs/lambda/final/logs_js_client_ofat_extensions_seed0/dataset/imagenet100_64/imagenet100_64/iid/seed0/adaptive_js_client/imagenet100_64_dataset_imagenet100_64_iid_js_client_lmax1p00_tau0p85_tkd1p00_nofeat_canonical_seed0_r100.pkl
ImageNet100-64,iid,90,0.28863951861858367,0.2855635780096054,/home/minss/fl/DXFL/logs/lambda/final/logs_js_client_ofat_extensions_seed0/dataset/imagenet100_64/imagenet100_64/iid/seed0/adaptive_js_client/imagenet100_64_dataset_imagenet100_64_iid_js_client_lmax1p00_tau0p85_tkd1p00_nofeat_canonical_seed0_r100.pkl
ImageNet100-64,iid,91,0.28224177956581115,0.28363025665283204,/home/minss/fl/DXFL/logs/lambda/final/logs_js_client_ofat_extensions_seed0/dataset/imagenet100_64/imagenet100_64/iid/seed0/adaptive_js_client/imagenet100_64_dataset_imagenet100_64_iid_js_client_lmax1p00_tau0p85_tkd1p00_nofeat_canonical_seed0_r100.pkl
ImageNet100-64,iid,92,0.27816368639469147,0.2850221437215805,/home/minss/fl/DXFL/logs/lambda/final/logs_js_client_ofat_extensions_seed0/dataset/imagenet100_64/imagenet100_64/iid/seed0/adaptive_js_client/imagenet100_64_dataset_imagenet100_64_iid_js_client_lmax1p00_tau0p85_tkd1p00_nofeat_canonical_seed0_r100.pkl
ImageNet100-64,iid,93,0.28373739719390867,0.2842448055744171,/home/minss/fl/DXFL/logs/lambda/final/logs_js_client_ofat_extensions_seed0/dataset/imagenet100_64/imagenet100_64/iid/seed0/adaptive_js_client/imagenet100_64_dataset_imagenet100_64_iid_js_client_lmax1p00_tau0p85_tkd1p00_nofeat_canonical_seed0_r100.pkl
ImageNet100-64,iid,94,0.29232833683490755,0.2853797298669815,/home/minss/fl/DXFL/logs/lambda/final/logs_js_client_ofat_extensions_seed0/dataset/imagenet100_64/imagenet100_64/iid/seed0/adaptive_js_client/imagenet100_64_dataset_imagenet100_64_iid_js_client_lmax1p00_tau0p85_tkd1p00_nofeat_canonical_seed0_r100.pkl
ImageNet100-64,iid,95,0.28475282788276673,0.2870467293262482,/home/minss/fl/DXFL/logs/lambda/final/logs_js_client_ofat_extensions_seed0/dataset/imagenet100_64/imagenet100_64/iid/seed0/adaptive_js_client/imagenet100_64_dataset_imagenet100_64_iid_js_client_lmax1p00_tau0p85_tkd1p00_nofeat_canonical_seed0_r100.pkl
ImageNet100-64,iid,96,0.28791640102863314,0.28718566775321963,/home/minss/fl/DXFL/logs/lambda/final/logs_js_client_ofat_extensions_seed0/dataset/imagenet100_64/imagenet100_64/iid/seed0/adaptive_js_client/imagenet100_64_dataset_imagenet100_64_iid_js_client_lmax1p00_tau0p85_tkd1p00_nofeat_canonical_seed0_r100.pkl
ImageNet100-64,iid,97,0.28649868369102477,0.286643939614296,/home/minss/fl/DXFL/logs/lambda/final/logs_js_client_ofat_extensions_seed0/dataset/imagenet100_64/imagenet100_64/iid/seed0/adaptive_js_client/imagenet100_64_dataset_imagenet100_64_iid_js_client_lmax1p00_tau0p85_tkd1p00_nofeat_canonical_seed0_r100.pkl
ImageNet100-64,iid,98,0.28443208932876585,0.2866421866416931,/home/minss/fl/DXFL/logs/lambda/final/logs_js_client_ofat_extensions_seed0/dataset/imagenet100_64/imagenet100_64/iid/seed0/adaptive_js_client/imagenet100_64_dataset_imagenet100_64_iid_js_client_lmax1p00_tau0p85_tkd1p00_nofeat_canonical_seed0_r100.pkl
ImageNet100-64,iid,99,0.2896196961402893,0.286007719039917,/home/minss/fl/DXFL/logs/lambda/final/logs_js_client_ofat_extensions_seed0/dataset/imagenet100_64/imagenet100_64/iid/seed0/adaptive_js_client/imagenet100_64_dataset_imagenet100_64_iid_js_client_lmax1p00_tau0p85_tkd1p00_nofeat_canonical_seed0_r100.pkl
ImageNet100-64,iid,100,0.2847440630197525,0.2856567949056626,/home/minss/fl/DXFL/logs/lambda/final/logs_js_client_ofat_extensions_seed0/dataset/imagenet100_64/imagenet100_64/iid/seed0/adaptive_js_client/imagenet100_64_dataset_imagenet100_64_iid_js_client_lmax1p00_tau0p85_tkd1p00_nofeat_canonical_seed0_r100.pkl
ImageNet100-64,beta_0.3,1,7.747099033394988e-08,3.110709453977734e-05,/home/minss/fl/DXFL/logs/lambda/final/logs_js_client_ofat_extensions_seed0/dataset/imagenet100_64/imagenet100_64/beta_0.3/seed0/adaptive_js_client/imagenet100_64_dataset_imagenet100_64_beta_0.3_js_client_lmax1p00_tau0p85_tkd1p00_nofeat_canonical_seed0_r100.pkl
ImageNet100-64,beta_0.3,2,3.354662476340309e-05,9.93392864819498e-05,/home/minss/fl/DXFL/logs/lambda/final/logs_js_client_ofat_extensions_seed0/dataset/imagenet100_64/imagenet100_64/beta_0.3/seed0/adaptive_js_client/imagenet100_64_dataset_imagenet100_64_beta_0.3_js_client_lmax1p00_tau0p85_tkd1p00_nofeat_canonical_seed0_r100.pkl
ImageNet100-64,beta_0.3,3,0.00012175643496448174,0.00025262586995353334,/home/minss/fl/DXFL/logs/lambda/final/logs_js_client_ofat_extensions_seed0/dataset/imagenet100_64/imagenet100_64/beta_0.3/seed0/adaptive_js_client/imagenet100_64_dataset_imagenet100_64_beta_0.3_js_client_lmax1p00_tau0p85_tkd1p00_nofeat_canonical_seed0_r100.pkl
ImageNet100-64,beta_0.3,4,0.00034123843070119617,0.0005093767476500944,/home/minss/fl/DXFL/logs/lambda/final/logs_js_client_ofat_extensions_seed0/dataset/imagenet100_64/imagenet100_64/beta_0.3/seed0/adaptive_js_client/imagenet100_64_dataset_imagenet100_64_beta_0.3_js_client_lmax1p00_tau0p85_tkd1p00_nofeat_canonical_seed0_r100.pkl
ImageNet100-64,beta_0.3,5,0.0007665103883482515,0.0008416600248892792,/home/minss/fl/DXFL/logs/lambda/final/logs_js_client_ofat_extensions_seed0/dataset/imagenet100_64/imagenet100_64/beta_0.3/seed0/adaptive_js_client/imagenet100_64_dataset_imagenet100_64_beta_0.3_js_client_lmax1p00_tau0p85_tkd1p00_nofeat_canonical_seed0_r100.pkl
ImageNet100-64,beta_0.3,6,0.001283831859473139,0.0013242189516313374,/home/minss/fl/DXFL/logs/lambda/final/logs_js_client_ofat_extensions_seed0/dataset/imagenet100_64/imagenet100_64/beta_0.3/seed0/adaptive_js_client/imagenet100_64_dataset_imagenet100_64_beta_0.3_js_client_lmax1p00_tau0p85_tkd1p00_nofeat_canonical_seed0_r100.pkl
ImageNet100-64,beta_0.3,7,0.0016949630109593273,0.002034371343906969,/home/minss/fl/DXFL/logs/lambda/final/logs_js_client_ofat_extensions_seed0/dataset/imagenet100_64/imagenet100_64/beta_0.3/seed0/adaptive_js_client/imagenet100_64_dataset_imagenet100_64_beta_0.3_js_client_lmax1p00_tau0p85_tkd1p00_nofeat_canonical_seed0_r100.pkl
ImageNet100-64,beta_0.3,8,0.002534551068674773,0.0030749895004555583,/home/minss/fl/DXFL/logs/lambda/final/logs_js_client_ofat_extensions_seed0/dataset/imagenet100_64/imagenet100_64/beta_0.3/seed0/adaptive_js_client/imagenet100_64_dataset_imagenet100_64_beta_0.3_js_client_lmax1p00_tau0p85_tkd1p00_nofeat_canonical_seed0_r100.pkl
ImageNet100-64,beta_0.3,9,0.0038920003920793534,0.004244850410614163,/home/minss/fl/DXFL/logs/lambda/final/logs_js_client_ofat_extensions_seed0/dataset/imagenet100_64/imagenet100_64/beta_0.3/seed0/adaptive_js_client/imagenet100_64_dataset_imagenet100_64_beta_0.3_js_client_lmax1p00_tau0p85_tkd1p00_nofeat_canonical_seed0_r100.pkl
ImageNet100-64,beta_0.3,10,0.005969601171091199,0.005905333820264787,/home/minss/fl/DXFL/logs/lambda/final/logs_js_client_ofat_extensions_seed0/dataset/imagenet100_64/imagenet100_64/beta_0.3/seed0/adaptive_js_client/imagenet100_64_dataset_imagenet100_64_beta_0.3_js_client_lmax1p00_tau0p85_tkd1p00_nofeat_canonical_seed0_r100.pkl
ImageNet100-64,beta_0.3,11,0.007133136410266161,0.0077752739936113365,/home/minss/fl/DXFL/logs/lambda/final/logs_js_client_ofat_extensions_seed0/dataset/imagenet100_64/imagenet100_64/beta_0.3/seed0/adaptive_js_client/imagenet100_64_dataset_imagenet100_64_beta_0.3_js_client_lmax1p00_tau0p85_tkd1p00_nofeat_canonical_seed0_r100.pkl
ImageNet100-64,beta_0.3,12,0.009997380059212446,0.009708056561648845,/home/minss/fl/DXFL/logs/lambda/final/logs_js_client_ofat_extensions_seed0/dataset/imagenet100_64/imagenet100_64/beta_0.3/seed0/adaptive_js_client/imagenet100_64_dataset_imagenet100_64_beta_0.3_js_client_lmax1p00_tau0p85_tkd1p00_nofeat_canonical_seed0_r100.pkl
ImageNet100-64,beta_0.3,13,0.011884251935407519,0.011593248965218662,/home/minss/fl/DXFL/logs/lambda/final/logs_js_client_ofat_extensions_seed0/dataset/imagenet100_64/imagenet100_64/beta_0.3/seed0/adaptive_js_client/imagenet100_64_dataset_imagenet100_64_beta_0.3_js_client_lmax1p00_tau0p85_tkd1p00_nofeat_canonical_seed0_r100.pkl
ImageNet100-64,beta_0.3,14,0.013555913232266903,0.014616771368309855,/home/minss/fl/DXFL/logs/lambda/final/logs_js_client_ofat_extensions_seed0/dataset/imagenet100_64/imagenet100_64/beta_0.3/seed0/adaptive_js_client/imagenet100_64_dataset_imagenet100_64_beta_0.3_js_client_lmax1p00_tau0p85_tkd1p00_nofeat_canonical_seed0_r100.pkl
ImageNet100-64,beta_0.3,15,0.015395563188940286,0.017715221801772714,/home/minss/fl/DXFL/logs/lambda/final/logs_js_client_ofat_extensions_seed0/dataset/imagenet100_64/imagenet100_64/beta_0.3/seed0/adaptive_js_client/imagenet100_64_dataset_imagenet100_64_beta_0.3_js_client_lmax1p00_tau0p85_tkd1p00_nofeat_canonical_seed0_r100.pkl
ImageNet100-64,beta_0.3,16,0.02225074842572212,0.02125484710559249,/home/minss/fl/DXFL/logs/lambda/final/logs_js_client_ofat_extensions_seed0/dataset/imagenet100_64/imagenet100_64/beta_0.3/seed0/adaptive_js_client/imagenet100_64_dataset_imagenet100_64_beta_0.3_js_client_lmax1p00_tau0p85_tkd1p00_nofeat_canonical_seed0_r100.pkl
ImageNet100-64,beta_0.3,17,0.025489632226526737,0.025275440085679293,/home/minss/fl/DXFL/logs/lambda/final/logs_js_client_ofat_extensions_seed0/dataset/imagenet100_64/imagenet100_64/beta_0.3/seed0/adaptive_js_client/imagenet100_64_dataset_imagenet100_64_beta_0.3_js_client_lmax1p00_tau0p85_tkd1p00_nofeat_canonical_seed0_r100.pkl
ImageNet100-64,beta_0.3,18,0.029582378454506397,0.030763324573636057,/home/minss/fl/DXFL/logs/lambda/final/logs_js_client_ofat_extensions_seed0/dataset/imagenet100_64/imagenet100_64/beta_0.3/seed0/adaptive_js_client/imagenet100_64_dataset_imagenet100_64_beta_0.3_js_client_lmax1p00_tau0p85_tkd1p00_nofeat_canonical_seed0_r100.pkl
ImageNet100-64,beta_0.3,19,0.03365887813270092,0.03437025554478169,/home/minss/fl/DXFL/logs/lambda/final/logs_js_client_ofat_extensions_seed0/dataset/imagenet100_64/imagenet100_64/beta_0.3/seed0/adaptive_js_client/imagenet100_64_dataset_imagenet100_64_beta_0.3_js_client_lmax1p00_tau0p85_tkd1p00_nofeat_canonical_seed0_r100.pkl
ImageNet100-64,beta_0.3,20,0.0428349856287241,0.039272320903837685,/home/minss/fl/DXFL/logs/lambda/final/logs_js_client_ofat_extensions_seed0/dataset/imagenet100_64/imagenet100_64/beta_0.3/seed0/adaptive_js_client/imagenet100_64_dataset_imagenet100_64_beta_0.3_js_client_lmax1p00_tau0p85_tkd1p00_nofeat_canonical_seed0_r100.pkl
ImageNet100-64,beta_0.3,21,0.04028540328145027,0.04479328230023384,/home/minss/fl/DXFL/logs/lambda/final/logs_js_client_ofat_extensions_seed0/dataset/imagenet100_64/imagenet100_64/beta_0.3/seed0/adaptive_js_client/imagenet100_64_dataset_imagenet100_64_beta_0.3_js_client_lmax1p00_tau0p85_tkd1p00_nofeat_canonical_seed0_r100.pkl
ImageNet100-64,beta_0.3,22,0.04999995902180672,0.05042088970541954,/home/minss/fl/DXFL/logs/lambda/final/logs_js_client_ofat_extensions_seed0/dataset/imagenet100_64/imagenet100_64/beta_0.3/seed0/adaptive_js_client/imagenet100_64_dataset_imagenet100_64_beta_0.3_js_client_lmax1p00_tau0p85_tkd1p00_nofeat_canonical_seed0_r100.pkl
ImageNet100-64,beta_0.3,23,0.057187185436487195,0.05508556261658669,/home/minss/fl/DXFL/logs/lambda/final/logs_js_client_ofat_extensions_seed0/dataset/imagenet100_64/imagenet100_64/beta_0.3/seed0/adaptive_js_client/imagenet100_64_dataset_imagenet100_64_beta_0.3_js_client_lmax1p00_tau0p85_tkd1p00_nofeat_canonical_seed0_r100.pkl
ImageNet100-64,beta_0.3,24,0.061796915158629416,0.06173257201910019,/home/minss/fl/DXFL/logs/lambda/final/logs_js_client_ofat_extensions_seed0/dataset/imagenet100_64/imagenet100_64/beta_0.3/seed0/adaptive_js_client/imagenet100_64_dataset_imagenet100_64_beta_0.3_js_client_lmax1p00_tau0p85_tkd1p00_nofeat_canonical_seed0_r100.pkl
ImageNet100-64,beta_0.3,25,0.06615835018455982,0.06594653964042664,/home/minss/fl/DXFL/logs/lambda/final/logs_js_client_ofat_extensions_seed0/dataset/imagenet100_64/imagenet100_64/beta_0.3/seed0/adaptive_js_client/imagenet100_64_dataset_imagenet100_64_beta_0.3_js_client_lmax1p00_tau0p85_tkd1p00_nofeat_canonical_seed0_r100.pkl
ImageNet100-64,beta_0.3,26,0.0735204502940178,0.07009952142834663,/home/minss/fl/DXFL/logs/lambda/final/logs_js_client_ofat_extensions_seed0/dataset/imagenet100_64/imagenet100_64/beta_0.3/seed0/adaptive_js_client/imagenet100_64_dataset_imagenet100_64_beta_0.3_js_client_lmax1p00_tau0p85_tkd1p00_nofeat_canonical_seed0_r100.pkl
ImageNet100-64,beta_0.3,27,0.07106979712843894,0.0761884681135416,/home/minss/fl/DXFL/logs/lambda/final/logs_js_client_ofat_extensions_seed0/dataset/imagenet100_64/imagenet100_64/beta_0.3/seed0/adaptive_js_client/imagenet100_64_dataset_imagenet100_64_beta_0.3_js_client_lmax1p00_tau0p85_tkd1p00_nofeat_canonical_seed0_r100.pkl
ImageNet100-64,beta_0.3,28,0.07795209437608719,0.08140702806413175,/home/minss/fl/DXFL/logs/lambda/final/logs_js_client_ofat_extensions_seed0/dataset/imagenet100_64/imagenet100_64/beta_0.3/seed0/adaptive_js_client/imagenet100_64_dataset_imagenet100_64_beta_0.3_js_client_lmax1p00_tau0p85_tkd1p00_nofeat_canonical_seed0_r100.pkl
ImageNet100-64,beta_0.3,29,0.09224164858460426,0.08684537328779697,/home/minss/fl/DXFL/logs/lambda/final/logs_js_client_ofat_extensions_seed0/dataset/imagenet100_64/imagenet100_64/beta_0.3/seed0/adaptive_js_client/imagenet100_64_dataset_imagenet100_64_beta_0.3_js_client_lmax1p00_tau0p85_tkd1p00_nofeat_canonical_seed0_r100.pkl
ImageNet100-64,beta_0.3,30,0.09225114993751049,0.09445249743759633,/home/minss/fl/DXFL/logs/lambda/final/logs_js_client_ofat_extensions_seed0/dataset/imagenet100_64/imagenet100_64/beta_0.3/seed0/adaptive_js_client/imagenet100_64_dataset_imagenet100_64_beta_0.3_js_client_lmax1p00_tau0p85_tkd1p00_nofeat_canonical_seed0_r100.pkl
ImageNet100-64,beta_0.3,31,0.10071217641234398,0.10208000995218754,/home/minss/fl/DXFL/logs/lambda/final/logs_js_client_ofat_extensions_seed0/dataset/imagenet100_64/imagenet100_64/beta_0.3/seed0/adaptive_js_client/imagenet100_64_dataset_imagenet100_64_beta_0.3_js_client_lmax1p00_tau0p85_tkd1p00_nofeat_canonical_seed0_r100.pkl
ImageNet100-64,beta_0.3,32,0.10910541787743569,0.10746821962296964,/home/minss/fl/DXFL/logs/lambda/final/logs_js_client_ofat_extensions_seed0/dataset/imagenet100_64/imagenet100_64/beta_0.3/seed0/adaptive_js_client/imagenet100_64_dataset_imagenet100_64_beta_0.3_js_client_lmax1p00_tau0p85_tkd1p00_nofeat_canonical_seed0_r100.pkl
ImageNet100-64,beta_0.3,33,0.11608965694904327,0.11153483644127846,/home/minss/fl/DXFL/logs/lambda/final/logs_js_client_ofat_extensions_seed0/dataset/imagenet100_64/imagenet100_64/beta_0.3/seed0/adaptive_js_client/imagenet100_64_dataset_imagenet100_64_beta_0.3_js_client_lmax1p00_tau0p85_tkd1p00_nofeat_canonical_seed0_r100.pkl
ImageNet100-64,beta_0.3,34,0.11918269693851472,0.11719620227813721,/home/minss/fl/DXFL/logs/lambda/final/logs_js_client_ofat_extensions_seed0/dataset/imagenet100_64/imagenet100_64/beta_0.3/seed0/adaptive_js_client/imagenet100_64_dataset_imagenet100_64_beta_0.3_js_client_lmax1p00_tau0p85_tkd1p00_nofeat_canonical_seed0_r100.pkl
ImageNet100-64,beta_0.3,35,0.11258423402905464,0.12049691706895829,/home/minss/fl/DXFL/logs/lambda/final/logs_js_client_ofat_extensions_seed0/dataset/imagenet100_64/imagenet100_64/beta_0.3/seed0/adaptive_js_client/imagenet100_64_dataset_imagenet100_64_beta_0.3_js_client_lmax1p00_tau0p85_tkd1p00_nofeat_canonical_seed0_r100.pkl
ImageNet100-64,beta_0.3,36,0.12901900559663773,0.12562851056456567,/home/minss/fl/DXFL/logs/lambda/final/logs_js_client_ofat_extensions_seed0/dataset/imagenet100_64/imagenet100_64/beta_0.3/seed0/adaptive_js_client/imagenet100_64_dataset_imagenet100_64_beta_0.3_js_client_lmax1p00_tau0p85_tkd1p00_nofeat_canonical_seed0_r100.pkl
ImageNet100-64,beta_0.3,37,0.12560899183154106,0.13188425078988075,/home/minss/fl/DXFL/logs/lambda/final/logs_js_client_ofat_extensions_seed0/dataset/imagenet100_64/imagenet100_64/beta_0.3/seed0/adaptive_js_client/imagenet100_64_dataset_imagenet100_64_beta_0.3_js_client_lmax1p00_tau0p85_tkd1p00_nofeat_canonical_seed0_r100.pkl
ImageNet100-64,beta_0.3,38,0.14174762442708017,0.13670790672302247,/home/minss/fl/DXFL/logs/lambda/final/logs_js_client_ofat_extensions_seed0/dataset/imagenet100_64/imagenet100_64/beta_0.3/seed0/adaptive_js_client/imagenet100_64_dataset_imagenet100_64_beta_0.3_js_client_lmax1p00_tau0p85_tkd1p00_nofeat_canonical_seed0_r100.pkl
ImageNet100-64,beta_0.3,39,0.15046139806509018,0.1419417127966881,/home/minss/fl/DXFL/logs/lambda/final/logs_js_client_ofat_extensions_seed0/dataset/imagenet100_64/imagenet100_64/beta_0.3/seed0/adaptive_js_client/imagenet100_64_dataset_imagenet100_64_beta_0.3_js_client_lmax1p00_tau0p85_tkd1p00_nofeat_canonical_seed0_r100.pkl
ImageNet100-64,beta_0.3,40,0.1367025136947632,0.1500680746138096,/home/minss/fl/DXFL/logs/lambda/final/logs_js_client_ofat_extensions_seed0/dataset/imagenet100_64/imagenet100_64/beta_0.3/seed0/adaptive_js_client/imagenet100_64_dataset_imagenet100_64_beta_0.3_js_client_lmax1p00_tau0p85_tkd1p00_nofeat_canonical_seed0_r100.pkl
ImageNet100-64,beta_0.3,41,0.15518803596496583,0.15630774557590488,/home/minss/fl/DXFL/logs/lambda/final/logs_js_client_ofat_extensions_seed0/dataset/imagenet100_64/imagenet100_64/beta_0.3/seed0/adaptive_js_client/imagenet100_64_dataset_imagenet100_64_beta_0.3_js_client_lmax1p00_tau0p85_tkd1p00_nofeat_canonical_seed0_r100.pkl
ImageNet100-64,beta_0.3,42,0.1662408009171486,0.15942119628190995,/home/minss/fl/DXFL/logs/lambda/final/logs_js_client_ofat_extensions_seed0/dataset/imagenet100_64/imagenet100_64/beta_0.3/seed0/adaptive_js_client/imagenet100_64_dataset_imagenet100_64_beta_0.3_js_client_lmax1p00_tau0p85_tkd1p00_nofeat_canonical_seed0_r100.pkl
ImageNet100-64,beta_0.3,43,0.17294597923755645,0.16950711816549302,/home/minss/fl/DXFL/logs/lambda/final/logs_js_client_ofat_extensions_seed0/dataset/imagenet100_64/imagenet100_64/beta_0.3/seed0/adaptive_js_client/imagenet100_64_dataset_imagenet100_64_beta_0.3_js_client_lmax1p00_tau0p85_tkd1p00_nofeat_canonical_seed0_r100.pkl
ImageNet100-64,beta_0.3,44,0.16602865159511565,0.1731092742085457,/home/minss/fl/DXFL/logs/lambda/final/logs_js_client_ofat_extensions_seed0/dataset/imagenet100_64/imagenet100_64/beta_0.3/seed0/adaptive_js_client/imagenet100_64_dataset_imagenet100_64_beta_0.3_js_client_lmax1p00_tau0p85_tkd1p00_nofeat_canonical_seed0_r100.pkl
ImageNet100-64,beta_0.3,45,0.18713212311267852,0.17611730724573135,/home/minss/fl/DXFL/logs/lambda/final/logs_js_client_ofat_extensions_seed0/dataset/imagenet100_64/imagenet100_64/beta_0.3/seed0/adaptive_js_client/imagenet100_64_dataset_imagenet100_64_beta_0.3_js_client_lmax1p00_tau0p85_tkd1p00_nofeat_canonical_seed0_r100.pkl
ImageNet100-64,beta_0.3,46,0.1731988161802292,0.17802924916148186,/home/minss/fl/DXFL/logs/lambda/final/logs_js_client_ofat_extensions_seed0/dataset/imagenet100_64/imagenet100_64/beta_0.3/seed0/adaptive_js_client/imagenet100_64_dataset_imagenet100_64_beta_0.3_js_client_lmax1p00_tau0p85_tkd1p00_nofeat_canonical_seed0_r100.pkl
ImageNet100-64,beta_0.3,47,0.18128096610307692,0.18573762074112893,/home/minss/fl/DXFL/logs/lambda/final/logs_js_client_ofat_extensions_seed0/dataset/imagenet100_64/imagenet100_64/beta_0.3/seed0/adaptive_js_client/imagenet100_64_dataset_imagenet100_64_beta_0.3_js_client_lmax1p00_tau0p85_tkd1p00_nofeat_canonical_seed0_r100.pkl
ImageNet100-64,beta_0.3,48,0.18250568881630896,0.1919589702785015,/home/minss/fl/DXFL/logs/lambda/final/logs_js_client_ofat_extensions_seed0/dataset/imagenet100_64/imagenet100_64/beta_0.3/seed0/adaptive_js_client/imagenet100_64_dataset_imagenet100_64_beta_0.3_js_client_lmax1p00_tau0p85_tkd1p00_nofeat_canonical_seed0_r100.pkl
ImageNet100-64,beta_0.3,49,0.20457050949335098,0.1981825490295887,/home/minss/fl/DXFL/logs/lambda/final/logs_js_client_ofat_extensions_seed0/dataset/imagenet100_64/imagenet100_64/beta_0.3/seed0/adaptive_js_client/imagenet100_64_dataset_imagenet100_64_beta_0.3_js_client_lmax1p00_tau0p85_tkd1p00_nofeat_canonical_seed0_r100.pkl
ImageNet100-64,beta_0.3,50,0.21823887079954146,0.20586693540215495,/home/minss/fl/DXFL/logs/lambda/final/logs_js_client_ofat_extensions_seed0/dataset/imagenet100_64/imagenet100_64/beta_0.3/seed0/adaptive_js_client/imagenet100_64_dataset_imagenet100_64_beta_0.3_js_client_lmax1p00_tau0p85_tkd1p00_nofeat_canonical_seed0_r100.pkl
ImageNet100-64,beta_0.3,51,0.20431670993566514,0.2079992100596428,/home/minss/fl/DXFL/logs/lambda/final/logs_js_client_ofat_extensions_seed0/dataset/imagenet100_64/imagenet100_64/beta_0.3/seed0/adaptive_js_client/imagenet100_64_dataset_imagenet100_64_beta_0.3_js_client_lmax1p00_tau0p85_tkd1p00_nofeat_canonical_seed0_r100.pkl
ImageNet100-64,beta_0.3,52,0.21970289796590806,0.2095243075489998,/home/minss/fl/DXFL/logs/lambda/final/logs_js_client_ofat_extensions_seed0/dataset/imagenet100_64/imagenet100_64/beta_0.3/seed0/adaptive_js_client/imagenet100_64_dataset_imagenet100_64_beta_0.3_js_client_lmax1p00_tau0p85_tkd1p00_nofeat_canonical_seed0_r100.pkl
ImageNet100-64,beta_0.3,53,0.19316706210374832,0.20514049232006074,/home/minss/fl/DXFL/logs/lambda/final/logs_js_client_ofat_extensions_seed0/dataset/imagenet100_64/imagenet100_64/beta_0.3/seed0/adaptive_js_client/imagenet100_64_dataset_imagenet100_64_beta_0.3_js_client_lmax1p00_tau0p85_tkd1p00_nofeat_canonical_seed0_r100.pkl
ImageNet100-64,beta_0.3,54,0.21219599694013597,0.20581347435712816,/home/minss/fl/DXFL/logs/lambda/final/logs_js_client_ofat_extensions_seed0/dataset/imagenet100_64/imagenet100_64/beta_0.3/seed0/adaptive_js_client/imagenet100_64_dataset_imagenet100_64_beta_0.3_js_client_lmax1p00_tau0p85_tkd1p00_nofeat_canonical_seed0_r100.pkl
ImageNet100-64,beta_0.3,55,0.1963197946548462,0.2028917384147644,/home/minss/fl/DXFL/logs/lambda/final/logs_js_client_ofat_extensions_seed0/dataset/imagenet100_64/imagenet100_64/beta_0.3/seed0/adaptive_js_client/imagenet100_64_dataset_imagenet100_64_beta_0.3_js_client_lmax1p00_tau0p85_tkd1p00_nofeat_canonical_seed0_r100.pkl
ImageNet100-64,beta_0.3,56,0.2076816201210022,0.20609472364187242,/home/minss/fl/DXFL/logs/lambda/final/logs_js_client_ofat_extensions_seed0/dataset/imagenet100_64/imagenet100_64/beta_0.3/seed0/adaptive_js_client/imagenet100_64_dataset_imagenet100_64_beta_0.3_js_client_lmax1p00_tau0p85_tkd1p00_nofeat_canonical_seed0_r100.pkl
ImageNet100-64,beta_0.3,57,0.20509421825408936,0.20524801403284074,/home/minss/fl/DXFL/logs/lambda/final/logs_js_client_ofat_extensions_seed0/dataset/imagenet100_64/imagenet100_64/beta_0.3/seed0/adaptive_js_client/imagenet100_64_dataset_imagenet100_64_beta_0.3_js_client_lmax1p00_tau0p85_tkd1p00_nofeat_canonical_seed0_r100.pkl
ImageNet100-64,beta_0.3,58,0.20918198823928832,0.20789882093667983,/home/minss/fl/DXFL/logs/lambda/final/logs_js_client_ofat_extensions_seed0/dataset/imagenet100_64/imagenet100_64/beta_0.3/seed0/adaptive_js_client/imagenet100_64_dataset_imagenet100_64_beta_0.3_js_client_lmax1p00_tau0p85_tkd1p00_nofeat_canonical_seed0_r100.pkl
ImageNet100-64,beta_0.3,59,0.20796244889497756,0.21150833040475844,/home/minss/fl/DXFL/logs/lambda/final/logs_js_client_ofat_extensions_seed0/dataset/imagenet100_64/imagenet100_64/beta_0.3/seed0/adaptive_js_client/imagenet100_64_dataset_imagenet100_64_beta_0.3_js_client_lmax1p00_tau0p85_tkd1p00_nofeat_canonical_seed0_r100.pkl
ImageNet100-64,beta_0.3,60,0.20957382917404174,0.21624526917934417,/home/minss/fl/DXFL/logs/lambda/final/logs_js_client_ofat_extensions_seed0/dataset/imagenet100_64/imagenet100_64/beta_0.3/seed0/adaptive_js_client/imagenet100_64_dataset_imagenet100_64_beta_0.3_js_client_lmax1p00_tau0p85_tkd1p00_nofeat_canonical_seed0_r100.pkl
ImageNet100-64,beta_0.3,61,0.22572916746139526,0.21787240862846374,/home/minss/fl/DXFL/logs/lambda/final/logs_js_client_ofat_extensions_seed0/dataset/imagenet100_64/imagenet100_64/beta_0.3/seed0/adaptive_js_client/imagenet100_64_dataset_imagenet100_64_beta_0.3_js_client_lmax1p00_tau0p85_tkd1p00_nofeat_canonical_seed0_r100.pkl
ImageNet100-64,beta_0.3,62,0.22877891212701798,0.2185140883922577,/home/minss/fl/DXFL/logs/lambda/final/logs_js_client_ofat_extensions_seed0/dataset/imagenet100_64/imagenet100_64/beta_0.3/seed0/adaptive_js_client/imagenet100_64_dataset_imagenet100_64_beta_0.3_js_client_lmax1p00_tau0p85_tkd1p00_nofeat_canonical_seed0_r100.pkl
ImageNet100-64,beta_0.3,63,0.21731768548488617,0.21944326668977737,/home/minss/fl/DXFL/logs/lambda/final/logs_js_client_ofat_extensions_seed0/dataset/imagenet100_64/imagenet100_64/beta_0.3/seed0/adaptive_js_client/imagenet100_64_dataset_imagenet100_64_beta_0.3_js_client_lmax1p00_tau0p85_tkd1p00_nofeat_canonical_seed0_r100.pkl
ImageNet100-64,beta_0.3,64,0.21117084771394729,0.2151564446091652,/home/minss/fl/DXFL/logs/lambda/final/logs_js_client_ofat_extensions_seed0/dataset/imagenet100_64/imagenet100_64/beta_0.3/seed0/adaptive_js_client/imagenet100_64_dataset_imagenet100_64_beta_0.3_js_client_lmax1p00_tau0p85_tkd1p00_nofeat_canonical_seed0_r100.pkl
ImageNet100-64,beta_0.3,65,0.21421972066164016,0.216116161942482,/home/minss/fl/DXFL/logs/lambda/final/logs_js_client_ofat_extensions_seed0/dataset/imagenet100_64/imagenet100_64/beta_0.3/seed0/adaptive_js_client/imagenet100_64_dataset_imagenet100_64_beta_0.3_js_client_lmax1p00_tau0p85_tkd1p00_nofeat_canonical_seed0_r100.pkl
ImageNet100-64,beta_0.3,66,0.20429505705833434,0.2162261167168617,/home/minss/fl/DXFL/logs/lambda/final/logs_js_client_ofat_extensions_seed0/dataset/imagenet100_64/imagenet100_64/beta_0.3/seed0/adaptive_js_client/imagenet100_64_dataset_imagenet100_64_beta_0.3_js_client_lmax1p00_tau0p85_tkd1p00_nofeat_canonical_seed0_r100.pkl
ImageNet100-64,beta_0.3,67,0.23357749879360198,0.2202375495433807,/home/minss/fl/DXFL/logs/lambda/final/logs_js_client_ofat_extensions_seed0/dataset/imagenet100_64/imagenet100_64/beta_0.3/seed0/adaptive_js_client/imagenet100_64_dataset_imagenet100_64_beta_0.3_js_client_lmax1p00_tau0p85_tkd1p00_nofeat_canonical_seed0_r100.pkl
ImageNet100-64,beta_0.3,68,0.2178674593567848,0.2226902860403061,/home/minss/fl/DXFL/logs/lambda/final/logs_js_client_ofat_extensions_seed0/dataset/imagenet100_64/imagenet100_64/beta_0.3/seed0/adaptive_js_client/imagenet100_64_dataset_imagenet100_64_beta_0.3_js_client_lmax1p00_tau0p85_tkd1p00_nofeat_canonical_seed0_r100.pkl
ImageNet100-64,beta_0.3,69,0.23122801184654235,0.22513233184814455,/home/minss/fl/DXFL/logs/lambda/final/logs_js_client_ofat_extensions_seed0/dataset/imagenet100_64/imagenet100_64/beta_0.3/seed0/adaptive_js_client/imagenet100_64_dataset_imagenet100_64_beta_0.3_js_client_lmax1p00_tau0p85_tkd1p00_nofeat_canonical_seed0_r100.pkl
ImageNet100-64,beta_0.3,70,0.22648340314626694,0.225928937792778,/home/minss/fl/DXFL/logs/lambda/final/logs_js_client_ofat_extensions_seed0/dataset/imagenet100_64/imagenet100_64/beta_0.3/seed0/adaptive_js_client/imagenet100_64_dataset_imagenet100_64_beta_0.3_js_client_lmax1p00_tau0p85_tkd1p00_nofeat_canonical_seed0_r100.pkl
ImageNet100-64,beta_0.3,71,0.21650528609752656,0.22797633051872254,/home/minss/fl/DXFL/logs/lambda/final/logs_js_client_ofat_extensions_seed0/dataset/imagenet100_64/imagenet100_64/beta_0.3/seed0/adaptive_js_client/imagenet100_64_dataset_imagenet100_64_beta_0.3_js_client_lmax1p00_tau0p85_tkd1p00_nofeat_canonical_seed0_r100.pkl
ImageNet100-64,beta_0.3,72,0.2375605285167694,0.22381594568490984,/home/minss/fl/DXFL/logs/lambda/final/logs_js_client_ofat_extensions_seed0/dataset/imagenet100_64/imagenet100_64/beta_0.3/seed0/adaptive_js_client/imagenet100_64_dataset_imagenet100_64_beta_0.3_js_client_lmax1p00_tau0p85_tkd1p00_nofeat_canonical_seed0_r100.pkl
ImageNet100-64,beta_0.3,73,0.2281044229865074,0.22325728774070744,/home/minss/fl/DXFL/logs/lambda/final/logs_js_client_ofat_extensions_seed0/dataset/imagenet100_64/imagenet100_64/beta_0.3/seed0/adaptive_js_client/imagenet100_64_dataset_imagenet100_64_beta_0.3_js_client_lmax1p00_tau0p85_tkd1p00_nofeat_canonical_seed0_r100.pkl
ImageNet100-64,beta_0.3,74,0.21042608767747878,0.22060591876506808,/home/minss/fl/DXFL/logs/lambda/final/logs_js_client_ofat_extensions_seed0/dataset/imagenet100_64/imagenet100_64/beta_0.3/seed0/adaptive_js_client/imagenet100_64_dataset_imagenet100_64_beta_0.3_js_client_lmax1p00_tau0p85_tkd1p00_nofeat_canonical_seed0_r100.pkl
ImageNet100-64,beta_0.3,75,0.22369011342525483,0.21880943119525914,/home/minss/fl/DXFL/logs/lambda/final/logs_js_client_ofat_extensions_seed0/dataset/imagenet100_64/imagenet100_64/beta_0.3/seed0/adaptive_js_client/imagenet100_64_dataset_imagenet100_64_beta_0.3_js_client_lmax1p00_tau0p85_tkd1p00_nofeat_canonical_seed0_r100.pkl
ImageNet100-64,beta_0.3,76,0.20324844121932983,0.2158534035086632,/home/minss/fl/DXFL/logs/lambda/final/logs_js_client_ofat_extensions_seed0/dataset/imagenet100_64/imagenet100_64/beta_0.3/seed0/adaptive_js_client/imagenet100_64_dataset_imagenet100_64_beta_0.3_js_client_lmax1p00_tau0p85_tkd1p00_nofeat_canonical_seed0_r100.pkl
ImageNet100-64,beta_0.3,77,0.2285780906677246,0.21714758217334748,/home/minss/fl/DXFL/logs/lambda/final/logs_js_client_ofat_extensions_seed0/dataset/imagenet100_64/imagenet100_64/beta_0.3/seed0/adaptive_js_client/imagenet100_64_dataset_imagenet100_64_beta_0.3_js_client_lmax1p00_tau0p85_tkd1p00_nofeat_canonical_seed0_r100.pkl
ImageNet100-64,beta_0.3,78,0.21332428455352784,0.21844415575265885,/home/minss/fl/DXFL/logs/lambda/final/logs_js_client_ofat_extensions_seed0/dataset/imagenet100_64/imagenet100_64/beta_0.3/seed0/adaptive_js_client/imagenet100_64_dataset_imagenet100_64_beta_0.3_js_client_lmax1p00_tau0p85_tkd1p00_nofeat_canonical_seed0_r100.pkl
ImageNet100-64,beta_0.3,79,0.21689698100090027,0.2216229492425919,/home/minss/fl/DXFL/logs/lambda/final/logs_js_client_ofat_extensions_seed0/dataset/imagenet100_64/imagenet100_64/beta_0.3/seed0/adaptive_js_client/imagenet100_64_dataset_imagenet100_64_beta_0.3_js_client_lmax1p00_tau0p85_tkd1p00_nofeat_canonical_seed0_r100.pkl
ImageNet100-64,beta_0.3,80,0.2301729813218117,0.22080148607492447,/home/minss/fl/DXFL/logs/lambda/final/logs_js_client_ofat_extensions_seed0/dataset/imagenet100_64/imagenet100_64/beta_0.3/seed0/adaptive_js_client/imagenet100_64_dataset_imagenet100_64_beta_0.3_js_client_lmax1p00_tau0p85_tkd1p00_nofeat_canonical_seed0_r100.pkl
ImageNet100-64,beta_0.3,81,0.2191424086689949,0.22132154405117038,/home/minss/fl/DXFL/logs/lambda/final/logs_js_client_ofat_extensions_seed0/dataset/imagenet100_64/imagenet100_64/beta_0.3/seed0/adaptive_js_client/imagenet100_64_dataset_imagenet100_64_beta_0.3_js_client_lmax1p00_tau0p85_tkd1p00_nofeat_canonical_seed0_r100.pkl
ImageNet100-64,beta_0.3,82,0.22447077482938765,0.22298076122999191,/home/minss/fl/DXFL/logs/lambda/final/logs_js_client_ofat_extensions_seed0/dataset/imagenet100_64/imagenet100_64/beta_0.3/seed0/adaptive_js_client/imagenet100_64_dataset_imagenet100_64_beta_0.3_js_client_lmax1p00_tau0p85_tkd1p00_nofeat_canonical_seed0_r100.pkl
ImageNet100-64,beta_0.3,83,0.21592457443475724,0.22012140691280366,/home/minss/fl/DXFL/logs/lambda/final/logs_js_client_ofat_extensions_seed0/dataset/imagenet100_64/imagenet100_64/beta_0.3/seed0/adaptive_js_client/imagenet100_64_dataset_imagenet100_64_beta_0.3_js_client_lmax1p00_tau0p85_tkd1p00_nofeat_canonical_seed0_r100.pkl
ImageNet100-64,beta_0.3,84,0.2251930668950081,0.22228147864341735,/home/minss/fl/DXFL/logs/lambda/final/logs_js_client_ofat_extensions_seed0/dataset/imagenet100_64/imagenet100_64/beta_0.3/seed0/adaptive_js_client/imagenet100_64_dataset_imagenet100_64_beta_0.3_js_client_lmax1p00_tau0p85_tkd1p00_nofeat_canonical_seed0_r100.pkl
ImageNet100-64,beta_0.3,85,0.21587620973587035,0.22222922921180724,/home/minss/fl/DXFL/logs/lambda/final/logs_js_client_ofat_extensions_seed0/dataset/imagenet100_64/imagenet100_64/beta_0.3/seed0/adaptive_js_client/imagenet100_64_dataset_imagenet100_64_beta_0.3_js_client_lmax1p00_tau0p85_tkd1p00_nofeat_canonical_seed0_r100.pkl
ImageNet100-64,beta_0.3,86,0.22994276732206345,0.2239143681526184,/home/minss/fl/DXFL/logs/lambda/final/logs_js_client_ofat_extensions_seed0/dataset/imagenet100_64/imagenet100_64/beta_0.3/seed0/adaptive_js_client/imagenet100_64_dataset_imagenet100_64_beta_0.3_js_client_lmax1p00_tau0p85_tkd1p00_nofeat_canonical_seed0_r100.pkl
ImageNet100-64,beta_0.3,87,0.22420952767133712,0.22317876309156418,/home/minss/fl/DXFL/logs/lambda/final/logs_js_client_ofat_extensions_seed0/dataset/imagenet100_64/imagenet100_64/beta_0.3/seed0/adaptive_js_client/imagenet100_64_dataset_imagenet100_64_beta_0.3_js_client_lmax1p00_tau0p85_tkd1p00_nofeat_canonical_seed0_r100.pkl
ImageNet100-64,beta_0.3,88,0.224350269138813,0.22586041271686555,/home/minss/fl/DXFL/logs/lambda/final/logs_js_client_ofat_extensions_seed0/dataset/imagenet100_64/imagenet100_64/beta_0.3/seed0/adaptive_js_client/imagenet100_64_dataset_imagenet100_64_beta_0.3_js_client_lmax1p00_tau0p85_tkd1p00_nofeat_canonical_seed0_r100.pkl
ImageNet100-64,beta_0.3,89,0.22151504158973695,0.22408768236637117,/home/minss/fl/DXFL/logs/lambda/final/logs_js_client_ofat_extensions_seed0/dataset/imagenet100_64/imagenet100_64/beta_0.3/seed0/adaptive_js_client/imagenet100_64_dataset_imagenet100_64_beta_0.3_js_client_lmax1p00_tau0p85_tkd1p00_nofeat_canonical_seed0_r100.pkl
ImageNet100-64,beta_0.3,90,0.22928445786237717,0.22169086039066316,/home/minss/fl/DXFL/logs/lambda/final/logs_js_client_ofat_extensions_seed0/dataset/imagenet100_64/imagenet100_64/beta_0.3/seed0/adaptive_js_client/imagenet100_64_dataset_imagenet100_64_beta_0.3_js_client_lmax1p00_tau0p85_tkd1p00_nofeat_canonical_seed0_r100.pkl
ImageNet100-64,beta_0.3,91,0.22107911556959153,0.22355195879936218,/home/minss/fl/DXFL/logs/lambda/final/logs_js_client_ofat_extensions_seed0/dataset/imagenet100_64/imagenet100_64/beta_0.3/seed0/adaptive_js_client/imagenet100_64_dataset_imagenet100_64_beta_0.3_js_client_lmax1p00_tau0p85_tkd1p00_nofeat_canonical_seed0_r100.pkl
ImageNet100-64,beta_0.3,92,0.21222541779279708,0.22622587352991105,/home/minss/fl/DXFL/logs/lambda/final/logs_js_client_ofat_extensions_seed0/dataset/imagenet100_64/imagenet100_64/beta_0.3/seed0/adaptive_js_client/imagenet100_64_dataset_imagenet100_64_beta_0.3_js_client_lmax1p00_tau0p85_tkd1p00_nofeat_canonical_seed0_r100.pkl
ImageNet100-64,beta_0.3,93,0.23365576118230819,0.22664454430341718,/home/minss/fl/DXFL/logs/lambda/final/logs_js_client_ofat_extensions_seed0/dataset/imagenet100_64/imagenet100_64/beta_0.3/seed0/adaptive_js_client/imagenet100_64_dataset_imagenet100_64_beta_0.3_js_client_lmax1p00_tau0p85_tkd1p00_nofeat_canonical_seed0_r100.pkl
ImageNet100-64,beta_0.3,94,0.23488461524248122,0.22817889392375945,/home/minss/fl/DXFL/logs/lambda/final/logs_js_client_ofat_extensions_seed0/dataset/imagenet100_64/imagenet100_64/beta_0.3/seed0/adaptive_js_client/imagenet100_64_dataset_imagenet100_64_beta_0.3_js_client_lmax1p00_tau0p85_tkd1p00_nofeat_canonical_seed0_r100.pkl
ImageNet100-64,beta_0.3,95,0.23137781172990798,0.2323235711455345,/home/minss/fl/DXFL/logs/lambda/final/logs_js_client_ofat_extensions_seed0/dataset/imagenet100_64/imagenet100_64/beta_0.3/seed0/adaptive_js_client/imagenet100_64_dataset_imagenet100_64_beta_0.3_js_client_lmax1p00_tau0p85_tkd1p00_nofeat_canonical_seed0_r100.pkl
ImageNet100-64,beta_0.3,96,0.2287508636713028,0.2304423275589943,/home/minss/fl/DXFL/logs/lambda/final/logs_js_client_ofat_extensions_seed0/dataset/imagenet100_64/imagenet100_64/beta_0.3/seed0/adaptive_js_client/imagenet100_64_dataset_imagenet100_64_beta_0.3_js_client_lmax1p00_tau0p85_tkd1p00_nofeat_canonical_seed0_r100.pkl
ImageNet100-64,beta_0.3,97,0.23294880390167236,0.2281686741113663,/home/minss/fl/DXFL/logs/lambda/final/logs_js_client_ofat_extensions_seed0/dataset/imagenet100_64/imagenet100_64/beta_0.3/seed0/adaptive_js_client/imagenet100_64_dataset_imagenet100_64_beta_0.3_js_client_lmax1p00_tau0p85_tkd1p00_nofeat_canonical_seed0_r100.pkl
ImageNet100-64,beta_0.3,98,0.22424954324960708,0.2262585756182671,/home/minss/fl/DXFL/logs/lambda/final/logs_js_client_ofat_extensions_seed0/dataset/imagenet100_64/imagenet100_64/beta_0.3/seed0/adaptive_js_client/imagenet100_64_dataset_imagenet100_64_beta_0.3_js_client_lmax1p00_tau0p85_tkd1p00_nofeat_canonical_seed0_r100.pkl
ImageNet100-64,beta_0.3,99,0.22351634800434111,0.22487386673688892,/home/minss/fl/DXFL/logs/lambda/final/logs_js_client_ofat_extensions_seed0/dataset/imagenet100_64/imagenet100_64/beta_0.3/seed0/adaptive_js_client/imagenet100_64_dataset_imagenet100_64_beta_0.3_js_client_lmax1p00_tau0p85_tkd1p00_nofeat_canonical_seed0_r100.pkl
ImageNet100-64,beta_0.3,100,0.22182731926441193,0.22264956980943684,/home/minss/fl/DXFL/logs/lambda/final/logs_js_client_ofat_extensions_seed0/dataset/imagenet100_64/imagenet100_64/beta_0.3/seed0/adaptive_js_client/imagenet100_64_dataset_imagenet100_64_beta_0.3_js_client_lmax1p00_tau0p85_tkd1p00_nofeat_canonical_seed0_r100.pkl
ImageNet100-64,beta_0.1,1,7.790816809460921e-08,2.6997256538408012e-05,/home/minss/fl/DXFL/logs/lambda/final/logs_js_client_ofat_extensions_seed0/dataset/imagenet100_64/imagenet100_64/beta_0.1/seed0/adaptive_js_client/imagenet100_64_dataset_imagenet100_64_beta_0.1_js_client_lmax1p00_tau0p85_tkd1p00_nofeat_canonical_seed0_r100.pkl
ImageNet100-64,beta_0.1,2,3.954620897275163e-05,7.313207724536142e-05,/home/minss/fl/DXFL/logs/lambda/final/logs_js_client_ofat_extensions_seed0/dataset/imagenet100_64/imagenet100_64/beta_0.1/seed0/adaptive_js_client/imagenet100_64_dataset_imagenet100_64_beta_0.1_js_client_lmax1p00_tau0p85_tkd1p00_nofeat_canonical_seed0_r100.pkl
ImageNet100-64,beta_0.1,3,9.520634921500459e-05,0.00011844095016144251,/home/minss/fl/DXFL/logs/lambda/final/logs_js_client_ofat_extensions_seed0/dataset/imagenet100_64/imagenet100_64/beta_0.1/seed0/adaptive_js_client/imagenet100_64_dataset_imagenet100_64_beta_0.1_js_client_lmax1p00_tau0p85_tkd1p00_nofeat_canonical_seed0_r100.pkl
ImageNet100-64,beta_0.1,4,0.00023075201170286164,0.0002046703442101716,/home/minss/fl/DXFL/logs/lambda/final/logs_js_client_ofat_extensions_seed0/dataset/imagenet100_64/imagenet100_64/beta_0.1/seed0/adaptive_js_client/imagenet100_64_dataset_imagenet100_64_beta_0.1_js_client_lmax1p00_tau0p85_tkd1p00_nofeat_canonical_seed0_r100.pkl
ImageNet100-64,beta_0.1,5,0.0002266222727485001,0.00031320340931415556,/home/minss/fl/DXFL/logs/lambda/final/logs_js_client_ofat_extensions_seed0/dataset/imagenet100_64/imagenet100_64/beta_0.1/seed0/adaptive_js_client/imagenet100_64_dataset_imagenet100_64_beta_0.1_js_client_lmax1p00_tau0p85_tkd1p00_nofeat_canonical_seed0_r100.pkl
ImageNet100-64,beta_0.1,6,0.00043122487841174006,0.0004715445145848208,/home/minss/fl/DXFL/logs/lambda/final/logs_js_client_ofat_extensions_seed0/dataset/imagenet100_64/imagenet100_64/beta_0.1/seed0/adaptive_js_client/imagenet100_64_dataset_imagenet100_64_beta_0.1_js_client_lmax1p00_tau0p85_tkd1p00_nofeat_canonical_seed0_r100.pkl
ImageNet100-64,beta_0.1,7,0.0005822115344926715,0.0008754434133879841,/home/minss/fl/DXFL/logs/lambda/final/logs_js_client_ofat_extensions_seed0/dataset/imagenet100_64/imagenet100_64/beta_0.1/seed0/adaptive_js_client/imagenet100_64_dataset_imagenet100_64_beta_0.1_js_client_lmax1p00_tau0p85_tkd1p00_nofeat_canonical_seed0_r100.pkl
ImageNet100-64,beta_0.1,8,0.0008869118755683303,0.001340246570762247,/home/minss/fl/DXFL/logs/lambda/final/logs_js_client_ofat_extensions_seed0/dataset/imagenet100_64/imagenet100_64/beta_0.1/seed0/adaptive_js_client/imagenet100_64_dataset_imagenet100_64_beta_0.1_js_client_lmax1p00_tau0p85_tkd1p00_nofeat_canonical_seed0_r100.pkl
ImageNet100-64,beta_0.1,9,0.0022502465057186783,0.0018587878299877046,/home/minss/fl/DXFL/logs/lambda/final/logs_js_client_ofat_extensions_seed0/dataset/imagenet100_64/imagenet100_64/beta_0.1/seed0/adaptive_js_client/imagenet100_64_dataset_imagenet100_64_beta_0.1_js_client_lmax1p00_tau0p85_tkd1p00_nofeat_canonical_seed0_r100.pkl
ImageNet100-64,beta_0.1,10,0.0025506380596198143,0.002580119548365474,/home/minss/fl/DXFL/logs/lambda/final/logs_js_client_ofat_extensions_seed0/dataset/imagenet100_64/imagenet100_64/beta_0.1/seed0/adaptive_js_client/imagenet100_64_dataset_imagenet100_64_beta_0.1_js_client_lmax1p00_tau0p85_tkd1p00_nofeat_canonical_seed0_r100.pkl
ImageNet100-64,beta_0.1,11,0.0030239311745390296,0.003382696490734816,/home/minss/fl/DXFL/logs/lambda/final/logs_js_client_ofat_extensions_seed0/dataset/imagenet100_64/imagenet100_64/beta_0.1/seed0/adaptive_js_client/imagenet100_64_dataset_imagenet100_64_beta_0.1_js_client_lmax1p00_tau0p85_tkd1p00_nofeat_canonical_seed0_r100.pkl
ImageNet100-64,beta_0.1,12,0.004188870126381516,0.0044681159802712495,/home/minss/fl/DXFL/logs/lambda/final/logs_js_client_ofat_extensions_seed0/dataset/imagenet100_64/imagenet100_64/beta_0.1/seed0/adaptive_js_client/imagenet100_64_dataset_imagenet100_64_beta_0.1_js_client_lmax1p00_tau0p85_tkd1p00_nofeat_canonical_seed0_r100.pkl
ImageNet100-64,beta_0.1,13,0.00489979658741504,0.005548175526782871,/home/minss/fl/DXFL/logs/lambda/final/logs_js_client_ofat_extensions_seed0/dataset/imagenet100_64/imagenet100_64/beta_0.1/seed0/adaptive_js_client/imagenet100_64_dataset_imagenet100_64_beta_0.1_js_client_lmax1p00_tau0p85_tkd1p00_nofeat_canonical_seed0_r100.pkl
ImageNet100-64,beta_0.1,14,0.00767734395340085,0.006244962154887616,/home/minss/fl/DXFL/logs/lambda/final/logs_js_client_ofat_extensions_seed0/dataset/imagenet100_64/imagenet100_64/beta_0.1/seed0/adaptive_js_client/imagenet100_64_dataset_imagenet100_64_beta_0.1_js_client_lmax1p00_tau0p85_tkd1p00_nofeat_canonical_seed0_r100.pkl
ImageNet100-64,beta_0.1,15,0.007950935792177916,0.007146294829435646,/home/minss/fl/DXFL/logs/lambda/final/logs_js_client_ofat_extensions_seed0/dataset/imagenet100_64/imagenet100_64/beta_0.1/seed0/adaptive_js_client/imagenet100_64_dataset_imagenet100_64_beta_0.1_js_client_lmax1p00_tau0p85_tkd1p00_nofeat_canonical_seed0_r100.pkl
ImageNet100-64,beta_0.1,16,0.006507864315062761,0.008620217330753802,/home/minss/fl/DXFL/logs/lambda/final/logs_js_client_ofat_extensions_seed0/dataset/imagenet100_64/imagenet100_64/beta_0.1/seed0/adaptive_js_client/imagenet100_64_dataset_imagenet100_64_beta_0.1_js_client_lmax1p00_tau0p85_tkd1p00_nofeat_canonical_seed0_r100.pkl
ImageNet100-64,beta_0.1,17,0.008695533499121666,0.009285560650750995,/home/minss/fl/DXFL/logs/lambda/final/logs_js_client_ofat_extensions_seed0/dataset/imagenet100_64/imagenet100_64/beta_0.1/seed0/adaptive_js_client/imagenet100_64_dataset_imagenet100_64_beta_0.1_js_client_lmax1p00_tau0p85_tkd1p00_nofeat_canonical_seed0_r100.pkl
ImageNet100-64,beta_0.1,18,0.012269409094005822,0.010746225817129017,/home/minss/fl/DXFL/logs/lambda/final/logs_js_client_ofat_extensions_seed0/dataset/imagenet100_64/imagenet100_64/beta_0.1/seed0/adaptive_js_client/imagenet100_64_dataset_imagenet100_64_beta_0.1_js_client_lmax1p00_tau0p85_tkd1p00_nofeat_canonical_seed0_r100.pkl
ImageNet100-64,beta_0.1,19,0.011004060553386808,0.013780962945893408,/home/minss/fl/DXFL/logs/lambda/final/logs_js_client_ofat_extensions_seed0/dataset/imagenet100_64/imagenet100_64/beta_0.1/seed0/adaptive_js_client/imagenet100_64_dataset_imagenet100_64_beta_0.1_js_client_lmax1p00_tau0p85_tkd1p00_nofeat_canonical_seed0_r100.pkl
ImageNet100-64,beta_0.1,20,0.015254261624068021,0.015534083070233465,/home/minss/fl/DXFL/logs/lambda/final/logs_js_client_ofat_extensions_seed0/dataset/imagenet100_64/imagenet100_64/beta_0.1/seed0/adaptive_js_client/imagenet100_64_dataset_imagenet100_64_beta_0.1_js_client_lmax1p00_tau0p85_tkd1p00_nofeat_canonical_seed0_r100.pkl
ImageNet100-64,beta_0.1,21,0.021681549958884716,0.01792701522819698,/home/minss/fl/DXFL/logs/lambda/final/logs_js_client_ofat_extensions_seed0/dataset/imagenet100_64/imagenet100_64/beta_0.1/seed0/adaptive_js_client/imagenet100_64_dataset_imagenet100_64_beta_0.1_js_client_lmax1p00_tau0p85_tkd1p00_nofeat_canonical_seed0_r100.pkl
ImageNet100-64,beta_0.1,22,0.017461134120821953,0.02081139722838998,/home/minss/fl/DXFL/logs/lambda/final/logs_js_client_ofat_extensions_seed0/dataset/imagenet100_64/imagenet100_64/beta_0.1/seed0/adaptive_js_client/imagenet100_64_dataset_imagenet100_64_beta_0.1_js_client_lmax1p00_tau0p85_tkd1p00_nofeat_canonical_seed0_r100.pkl
ImageNet100-64,beta_0.1,23,0.024234069883823393,0.02302436735481024,/home/minss/fl/DXFL/logs/lambda/final/logs_js_client_ofat_extensions_seed0/dataset/imagenet100_64/imagenet100_64/beta_0.1/seed0/adaptive_js_client/imagenet100_64_dataset_imagenet100_64_beta_0.1_js_client_lmax1p00_tau0p85_tkd1p00_nofeat_canonical_seed0_r100.pkl
ImageNet100-64,beta_0.1,24,0.025425970554351807,0.023937591277062895,/home/minss/fl/DXFL/logs/lambda/final/logs_js_client_ofat_extensions_seed0/dataset/imagenet100_64/imagenet100_64/beta_0.1/seed0/adaptive_js_client/imagenet100_64_dataset_imagenet100_64_beta_0.1_js_client_lmax1p00_tau0p85_tkd1p00_nofeat_canonical_seed0_r100.pkl
ImageNet100-64,beta_0.1,25,0.02631911225616932,0.02590877586975694,/home/minss/fl/DXFL/logs/lambda/final/logs_js_client_ofat_extensions_seed0/dataset/imagenet100_64/imagenet100_64/beta_0.1/seed0/adaptive_js_client/imagenet100_64_dataset_imagenet100_64_beta_0.1_js_client_lmax1p00_tau0p85_tkd1p00_nofeat_canonical_seed0_r100.pkl
ImageNet100-64,beta_0.1,26,0.026247669570147993,0.028734174836426978,/home/minss/fl/DXFL/logs/lambda/final/logs_js_client_ofat_extensions_seed0/dataset/imagenet100_64/imagenet100_64/beta_0.1/seed0/adaptive_js_client/imagenet100_64_dataset_imagenet100_64_beta_0.1_js_client_lmax1p00_tau0p85_tkd1p00_nofeat_canonical_seed0_r100.pkl
ImageNet100-64,beta_0.1,27,0.027317057084292173,0.03216833705082536,/home/minss/fl/DXFL/logs/lambda/final/logs_js_client_ofat_extensions_seed0/dataset/imagenet100_64/imagenet100_64/beta_0.1/seed0/adaptive_js_client/imagenet100_64_dataset_imagenet100_64_beta_0.1_js_client_lmax1p00_tau0p85_tkd1p00_nofeat_canonical_seed0_r100.pkl
ImageNet100-64,beta_0.1,28,0.03836106471717358,0.03479320919141174,/home/minss/fl/DXFL/logs/lambda/final/logs_js_client_ofat_extensions_seed0/dataset/imagenet100_64/imagenet100_64/beta_0.1/seed0/adaptive_js_client/imagenet100_64_dataset_imagenet100_64_beta_0.1_js_client_lmax1p00_tau0p85_tkd1p00_nofeat_canonical_seed0_r100.pkl
ImageNet100-64,beta_0.1,29,0.04259678162634373,0.038088123295456175,/home/minss/fl/DXFL/logs/lambda/final/logs_js_client_ofat_extensions_seed0/dataset/imagenet100_64/imagenet100_64/beta_0.1/seed0/adaptive_js_client/imagenet100_64_dataset_imagenet100_64_beta_0.1_js_client_lmax1p00_tau0p85_tkd1p00_nofeat_canonical_seed0_r100.pkl
ImageNet100-64,beta_0.1,30,0.0394434729591012,0.042686024568974974,/home/minss/fl/DXFL/logs/lambda/final/logs_js_client_ofat_extensions_seed0/dataset/imagenet100_64/imagenet100_64/beta_0.1/seed0/adaptive_js_client/imagenet100_64_dataset_imagenet100_64_beta_0.1_js_client_lmax1p00_tau0p85_tkd1p00_nofeat_canonical_seed0_r100.pkl
ImageNet100-64,beta_0.1,31,0.04272224009037018,0.045746138691902166,/home/minss/fl/DXFL/logs/lambda/final/logs_js_client_ofat_extensions_seed0/dataset/imagenet100_64/imagenet100_64/beta_0.1/seed0/adaptive_js_client/imagenet100_64_dataset_imagenet100_64_beta_0.1_js_client_lmax1p00_tau0p85_tkd1p00_nofeat_canonical_seed0_r100.pkl
ImageNet100-64,beta_0.1,32,0.05030656345188618,0.047549268603324896,/home/minss/fl/DXFL/logs/lambda/final/logs_js_client_ofat_extensions_seed0/dataset/imagenet100_64/imagenet100_64/beta_0.1/seed0/adaptive_js_client/imagenet100_64_dataset_imagenet100_64_beta_0.1_js_client_lmax1p00_tau0p85_tkd1p00_nofeat_canonical_seed0_r100.pkl
ImageNet100-64,beta_0.1,33,0.053661635331809523,0.04954146452248097,/home/minss/fl/DXFL/logs/lambda/final/logs_js_client_ofat_extensions_seed0/dataset/imagenet100_64/imagenet100_64/beta_0.1/seed0/adaptive_js_client/imagenet100_64_dataset_imagenet100_64_beta_0.1_js_client_lmax1p00_tau0p85_tkd1p00_nofeat_canonical_seed0_r100.pkl
ImageNet100-64,beta_0.1,34,0.051612431183457375,0.05335479203611612,/home/minss/fl/DXFL/logs/lambda/final/logs_js_client_ofat_extensions_seed0/dataset/imagenet100_64/imagenet100_64/beta_0.1/seed0/adaptive_js_client/imagenet100_64_dataset_imagenet100_64_beta_0.1_js_client_lmax1p00_tau0p85_tkd1p00_nofeat_canonical_seed0_r100.pkl
ImageNet100-64,beta_0.1,35,0.04940445255488157,0.05576920200139285,/home/minss/fl/DXFL/logs/lambda/final/logs_js_client_ofat_extensions_seed0/dataset/imagenet100_64/imagenet100_64/beta_0.1/seed0/adaptive_js_client/imagenet100_64_dataset_imagenet100_64_beta_0.1_js_client_lmax1p00_tau0p85_tkd1p00_nofeat_canonical_seed0_r100.pkl
ImageNet100-64,beta_0.1,36,0.061788877658545974,0.05951385714113713,/home/minss/fl/DXFL/logs/lambda/final/logs_js_client_ofat_extensions_seed0/dataset/imagenet100_64/imagenet100_64/beta_0.1/seed0/adaptive_js_client/imagenet100_64_dataset_imagenet100_64_beta_0.1_js_client_lmax1p00_tau0p85_tkd1p00_nofeat_canonical_seed0_r100.pkl
ImageNet100-64,beta_0.1,37,0.06237861327826977,0.060694226324558266,/home/minss/fl/DXFL/logs/lambda/final/logs_js_client_ofat_extensions_seed0/dataset/imagenet100_64/imagenet100_64/beta_0.1/seed0/adaptive_js_client/imagenet100_64_dataset_imagenet100_64_beta_0.1_js_client_lmax1p00_tau0p85_tkd1p00_nofeat_canonical_seed0_r100.pkl
ImageNet100-64,beta_0.1,38,0.07238491103053094,0.06620108079165221,/home/minss/fl/DXFL/logs/lambda/final/logs_js_client_ofat_extensions_seed0/dataset/imagenet100_64/imagenet100_64/beta_0.1/seed0/adaptive_js_client/imagenet100_64_dataset_imagenet100_64_beta_0.1_js_client_lmax1p00_tau0p85_tkd1p00_nofeat_canonical_seed0_r100.pkl
ImageNet100-64,beta_0.1,39,0.05751427710056305,0.0679667278379202,/home/minss/fl/DXFL/logs/lambda/final/logs_js_client_ofat_extensions_seed0/dataset/imagenet100_64/imagenet100_64/beta_0.1/seed0/adaptive_js_client/imagenet100_64_dataset_imagenet100_64_beta_0.1_js_client_lmax1p00_tau0p85_tkd1p00_nofeat_canonical_seed0_r100.pkl
ImageNet100-64,beta_0.1,40,0.07693872489035129,0.07018431089818478,/home/minss/fl/DXFL/logs/lambda/final/logs_js_client_ofat_extensions_seed0/dataset/imagenet100_64/imagenet100_64/beta_0.1/seed0/adaptive_js_client/imagenet100_64_dataset_imagenet100_64_beta_0.1_js_client_lmax1p00_tau0p85_tkd1p00_nofeat_canonical_seed0_r100.pkl
ImageNet100-64,beta_0.1,41,0.0706171128898859,0.07010619513690472,/home/minss/fl/DXFL/logs/lambda/final/logs_js_client_ofat_extensions_seed0/dataset/imagenet100_64/imagenet100_64/beta_0.1/seed0/adaptive_js_client/imagenet100_64_dataset_imagenet100_64_beta_0.1_js_client_lmax1p00_tau0p85_tkd1p00_nofeat_canonical_seed0_r100.pkl
ImageNet100-64,beta_0.1,42,0.07346652857959271,0.0771298786252737,/home/minss/fl/DXFL/logs/lambda/final/logs_js_client_ofat_extensions_seed0/dataset/imagenet100_64/imagenet100_64/beta_0.1/seed0/adaptive_js_client/imagenet100_64_dataset_imagenet100_64_beta_0.1_js_client_lmax1p00_tau0p85_tkd1p00_nofeat_canonical_seed0_r100.pkl
ImageNet100-64,beta_0.1,43,0.07199433222413062,0.08202047646045685,/home/minss/fl/DXFL/logs/lambda/final/logs_js_client_ofat_extensions_seed0/dataset/imagenet100_64/imagenet100_64/beta_0.1/seed0/adaptive_js_client/imagenet100_64_dataset_imagenet100_64_beta_0.1_js_client_lmax1p00_tau0p85_tkd1p00_nofeat_canonical_seed0_r100.pkl
ImageNet100-64,beta_0.1,44,0.092632694542408,0.08708666138350964,/home/minss/fl/DXFL/logs/lambda/final/logs_js_client_ofat_extensions_seed0/dataset/imagenet100_64/imagenet100_64/beta_0.1/seed0/adaptive_js_client/imagenet100_64_dataset_imagenet100_64_beta_0.1_js_client_lmax1p00_tau0p85_tkd1p00_nofeat_canonical_seed0_r100.pkl
ImageNet100-64,beta_0.1,45,0.10139171406626701,0.09146934255957603,/home/minss/fl/DXFL/logs/lambda/final/logs_js_client_ofat_extensions_seed0/dataset/imagenet100_64/imagenet100_64/beta_0.1/seed0/adaptive_js_client/imagenet100_64_dataset_imagenet100_64_beta_0.1_js_client_lmax1p00_tau0p85_tkd1p00_nofeat_canonical_seed0_r100.pkl
ImageNet100-64,beta_0.1,46,0.09594803750514984,0.09805496424436569,/home/minss/fl/DXFL/logs/lambda/final/logs_js_client_ofat_extensions_seed0/dataset/imagenet100_64/imagenet100_64/beta_0.1/seed0/adaptive_js_client/imagenet100_64_dataset_imagenet100_64_beta_0.1_js_client_lmax1p00_tau0p85_tkd1p00_nofeat_canonical_seed0_r100.pkl
ImageNet100-64,beta_0.1,47,0.0953799344599247,0.10431479185819627,/home/minss/fl/DXFL/logs/lambda/final/logs_js_client_ofat_extensions_seed0/dataset/imagenet100_64/imagenet100_64/beta_0.1/seed0/adaptive_js_client/imagenet100_64_dataset_imagenet100_64_beta_0.1_js_client_lmax1p00_tau0p85_tkd1p00_nofeat_canonical_seed0_r100.pkl
ImageNet100-64,beta_0.1,48,0.10492244064807892,0.10720254674553872,/home/minss/fl/DXFL/logs/lambda/final/logs_js_client_ofat_extensions_seed0/dataset/imagenet100_64/imagenet100_64/beta_0.1/seed0/adaptive_js_client/imagenet100_64_dataset_imagenet100_64_beta_0.1_js_client_lmax1p00_tau0p85_tkd1p00_nofeat_canonical_seed0_r100.pkl
ImageNet100-64,beta_0.1,49,0.12393183261156082,0.11024372383952141,/home/minss/fl/DXFL/logs/lambda/final/logs_js_client_ofat_extensions_seed0/dataset/imagenet100_64/imagenet100_64/beta_0.1/seed0/adaptive_js_client/imagenet100_64_dataset_imagenet100_64_beta_0.1_js_client_lmax1p00_tau0p85_tkd1p00_nofeat_canonical_seed0_r100.pkl
ImageNet100-64,beta_0.1,50,0.11583048850297928,0.11897954612970353,/home/minss/fl/DXFL/logs/lambda/final/logs_js_client_ofat_extensions_seed0/dataset/imagenet100_64/imagenet100_64/beta_0.1/seed0/adaptive_js_client/imagenet100_64_dataset_imagenet100_64_beta_0.1_js_client_lmax1p00_tau0p85_tkd1p00_nofeat_canonical_seed0_r100.pkl
ImageNet100-64,beta_0.1,51,0.11115392297506332,0.12449418261647226,/home/minss/fl/DXFL/logs/lambda/final/logs_js_client_ofat_extensions_seed0/dataset/imagenet100_64/imagenet100_64/beta_0.1/seed0/adaptive_js_client/imagenet100_64_dataset_imagenet100_64_beta_0.1_js_client_lmax1p00_tau0p85_tkd1p00_nofeat_canonical_seed0_r100.pkl
ImageNet100-64,beta_0.1,52,0.13905904591083526,0.12307626247406006,/home/minss/fl/DXFL/logs/lambda/final/logs_js_client_ofat_extensions_seed0/dataset/imagenet100_64/imagenet100_64/beta_0.1/seed0/adaptive_js_client/imagenet100_64_dataset_imagenet100_64_beta_0.1_js_client_lmax1p00_tau0p85_tkd1p00_nofeat_canonical_seed0_r100.pkl
ImageNet100-64,beta_0.1,53,0.13249562308192253,0.12649344503879548,/home/minss/fl/DXFL/logs/lambda/final/logs_js_client_ofat_extensions_seed0/dataset/imagenet100_64/imagenet100_64/beta_0.1/seed0/adaptive_js_client/imagenet100_64_dataset_imagenet100_64_beta_0.1_js_client_lmax1p00_tau0p85_tkd1p00_nofeat_canonical_seed0_r100.pkl
ImageNet100-64,beta_0.1,54,0.1168422318994999,0.12782332301139834,/home/minss/fl/DXFL/logs/lambda/final/logs_js_client_ofat_extensions_seed0/dataset/imagenet100_64/imagenet100_64/beta_0.1/seed0/adaptive_js_client/imagenet100_64_dataset_imagenet100_64_beta_0.1_js_client_lmax1p00_tau0p85_tkd1p00_nofeat_canonical_seed0_r100.pkl
ImageNet100-64,beta_0.1,55,0.13291640132665633,0.12212283045053482,/home/minss/fl/DXFL/logs/lambda/final/logs_js_client_ofat_extensions_seed0/dataset/imagenet100_64/imagenet100_64/beta_0.1/seed0/adaptive_js_client/imagenet100_64_dataset_imagenet100_64_beta_0.1_js_client_lmax1p00_tau0p85_tkd1p00_nofeat_canonical_seed0_r100.pkl
ImageNet100-64,beta_0.1,56,0.11780331283807755,0.11913602128624916,/home/minss/fl/DXFL/logs/lambda/final/logs_js_client_ofat_extensions_seed0/dataset/imagenet100_64/imagenet100_64/beta_0.1/seed0/adaptive_js_client/imagenet100_64_dataset_imagenet100_64_beta_0.1_js_client_lmax1p00_tau0p85_tkd1p00_nofeat_canonical_seed0_r100.pkl
ImageNet100-64,beta_0.1,57,0.1105565831065178,0.119372366219759,/home/minss/fl/DXFL/logs/lambda/final/logs_js_client_ofat_extensions_seed0/dataset/imagenet100_64/imagenet100_64/beta_0.1/seed0/adaptive_js_client/imagenet100_64_dataset_imagenet100_64_beta_0.1_js_client_lmax1p00_tau0p85_tkd1p00_nofeat_canonical_seed0_r100.pkl
ImageNet100-64,beta_0.1,58,0.11756157726049424,0.1187892608344555,/home/minss/fl/DXFL/logs/lambda/final/logs_js_client_ofat_extensions_seed0/dataset/imagenet100_64/imagenet100_64/beta_0.1/seed0/adaptive_js_client/imagenet100_64_dataset_imagenet100_64_beta_0.1_js_client_lmax1p00_tau0p85_tkd1p00_nofeat_canonical_seed0_r100.pkl
ImageNet100-64,beta_0.1,59,0.11802395656704903,0.12075300306081774,/home/minss/fl/DXFL/logs/lambda/final/logs_js_client_ofat_extensions_seed0/dataset/imagenet100_64/imagenet100_64/beta_0.1/seed0/adaptive_js_client/imagenet100_64_dataset_imagenet100_64_beta_0.1_js_client_lmax1p00_tau0p85_tkd1p00_nofeat_canonical_seed0_r100.pkl
ImageNet100-64,beta_0.1,60,0.13000087440013885,0.12470998838543894,/home/minss/fl/DXFL/logs/lambda/final/logs_js_client_ofat_extensions_seed0/dataset/imagenet100_64/imagenet100_64/beta_0.1/seed0/adaptive_js_client/imagenet100_64_dataset_imagenet100_64_beta_0.1_js_client_lmax1p00_tau0p85_tkd1p00_nofeat_canonical_seed0_r100.pkl
ImageNet100-64,beta_0.1,61,0.1276220239698887,0.1257206937670708,/home/minss/fl/DXFL/logs/lambda/final/logs_js_client_ofat_extensions_seed0/dataset/imagenet100_64/imagenet100_64/beta_0.1/seed0/adaptive_js_client/imagenet100_64_dataset_imagenet100_64_beta_0.1_js_client_lmax1p00_tau0p85_tkd1p00_nofeat_canonical_seed0_r100.pkl
ImageNet100-64,beta_0.1,62,0.1303415097296238,0.13076653242111208,/home/minss/fl/DXFL/logs/lambda/final/logs_js_client_ofat_extensions_seed0/dataset/imagenet100_64/imagenet100_64/beta_0.1/seed0/adaptive_js_client/imagenet100_64_dataset_imagenet100_64_beta_0.1_js_client_lmax1p00_tau0p85_tkd1p00_nofeat_canonical_seed0_r100.pkl
ImageNet100-64,beta_0.1,63,0.12261510416865348,0.1316255769133568,/home/minss/fl/DXFL/logs/lambda/final/logs_js_client_ofat_extensions_seed0/dataset/imagenet100_64/imagenet100_64/beta_0.1/seed0/adaptive_js_client/imagenet100_64_dataset_imagenet100_64_beta_0.1_js_client_lmax1p00_tau0p85_tkd1p00_nofeat_canonical_seed0_r100.pkl
ImageNet100-64,beta_0.1,64,0.14325314983725548,0.13273585721850398,/home/minss/fl/DXFL/logs/lambda/final/logs_js_client_ofat_extensions_seed0/dataset/imagenet100_64/imagenet100_64/beta_0.1/seed0/adaptive_js_client/imagenet100_64_dataset_imagenet100_64_beta_0.1_js_client_lmax1p00_tau0p85_tkd1p00_nofeat_canonical_seed0_r100.pkl
ImageNet100-64,beta_0.1,65,0.13429609686136246,0.1344183175265789,/home/minss/fl/DXFL/logs/lambda/final/logs_js_client_ofat_extensions_seed0/dataset/imagenet100_64/imagenet100_64/beta_0.1/seed0/adaptive_js_client/imagenet100_64_dataset_imagenet100_64_beta_0.1_js_client_lmax1p00_tau0p85_tkd1p00_nofeat_canonical_seed0_r100.pkl
ImageNet100-64,beta_0.1,66,0.13317342549562455,0.13557987093925478,/home/minss/fl/DXFL/logs/lambda/final/logs_js_client_ofat_extensions_seed0/dataset/imagenet100_64/imagenet100_64/beta_0.1/seed0/adaptive_js_client/imagenet100_64_dataset_imagenet100_64_beta_0.1_js_client_lmax1p00_tau0p85_tkd1p00_nofeat_canonical_seed0_r100.pkl
ImageNet100-64,beta_0.1,67,0.13875381126999856,0.13464792892336847,/home/minss/fl/DXFL/logs/lambda/final/logs_js_client_ofat_extensions_seed0/dataset/imagenet100_64/imagenet100_64/beta_0.1/seed0/adaptive_js_client/imagenet100_64_dataset_imagenet100_64_beta_0.1_js_client_lmax1p00_tau0p85_tkd1p00_nofeat_canonical_seed0_r100.pkl
ImageNet100-64,beta_0.1,68,0.12842287123203278,0.13062876112759114,/home/minss/fl/DXFL/logs/lambda/final/logs_js_client_ofat_extensions_seed0/dataset/imagenet100_64/imagenet100_64/beta_0.1/seed0/adaptive_js_client/imagenet100_64_dataset_imagenet100_64_beta_0.1_js_client_lmax1p00_tau0p85_tkd1p00_nofeat_canonical_seed0_r100.pkl
ImageNet100-64,beta_0.1,69,0.13859343975782396,0.12828616045415403,/home/minss/fl/DXFL/logs/lambda/final/logs_js_client_ofat_extensions_seed0/dataset/imagenet100_64/imagenet100_64/beta_0.1/seed0/adaptive_js_client/imagenet100_64_dataset_imagenet100_64_beta_0.1_js_client_lmax1p00_tau0p85_tkd1p00_nofeat_canonical_seed0_r100.pkl
ImageNet100-64,beta_0.1,70,0.11420025788247586,0.12835220135748387,/home/minss/fl/DXFL/logs/lambda/final/logs_js_client_ofat_extensions_seed0/dataset/imagenet100_64/imagenet100_64/beta_0.1/seed0/adaptive_js_client/imagenet100_64_dataset_imagenet100_64_beta_0.1_js_client_lmax1p00_tau0p85_tkd1p00_nofeat_canonical_seed0_r100.pkl
ImageNet100-64,beta_0.1,71,0.12146042212843895,0.13067782364785674,/home/minss/fl/DXFL/logs/lambda/final/logs_js_client_ofat_extensions_seed0/dataset/imagenet100_64/imagenet100_64/beta_0.1/seed0/adaptive_js_client/imagenet100_64_dataset_imagenet100_64_beta_0.1_js_client_lmax1p00_tau0p85_tkd1p00_nofeat_canonical_seed0_r100.pkl
ImageNet100-64,beta_0.1,72,0.1390840157866478,0.1267078536003828,/home/minss/fl/DXFL/logs/lambda/final/logs_js_client_ofat_extensions_seed0/dataset/imagenet100_64/imagenet100_64/beta_0.1/seed0/adaptive_js_client/imagenet100_64_dataset_imagenet100_64_beta_0.1_js_client_lmax1p00_tau0p85_tkd1p00_nofeat_canonical_seed0_r100.pkl
ImageNet100-64,beta_0.1,73,0.140050982683897,0.1272775998711586,/home/minss/fl/DXFL/logs/lambda/final/logs_js_client_ofat_extensions_seed0/dataset/imagenet100_64/imagenet100_64/beta_0.1/seed0/adaptive_js_client/imagenet100_64_dataset_imagenet100_64_beta_0.1_js_client_lmax1p00_tau0p85_tkd1p00_nofeat_canonical_seed0_r100.pkl
ImageNet100-64,beta_0.1,74,0.11874358952045441,0.12834237009286883,/home/minss/fl/DXFL/logs/lambda/final/logs_js_client_ofat_extensions_seed0/dataset/imagenet100_64/imagenet100_64/beta_0.1/seed0/adaptive_js_client/imagenet100_64_dataset_imagenet100_64_beta_0.1_js_client_lmax1p00_tau0p85_tkd1p00_nofeat_canonical_seed0_r100.pkl
ImageNet100-64,beta_0.1,75,0.11704898923635483,0.12963768124580383,/home/minss/fl/DXFL/logs/lambda/final/logs_js_client_ofat_extensions_seed0/dataset/imagenet100_64/imagenet100_64/beta_0.1/seed0/adaptive_js_client/imagenet100_64_dataset_imagenet100_64_beta_0.1_js_client_lmax1p00_tau0p85_tkd1p00_nofeat_canonical_seed0_r100.pkl
ImageNet100-64,beta_0.1,76,0.12678427323698999,0.1300685791671276,/home/minss/fl/DXFL/logs/lambda/final/logs_js_client_ofat_extensions_seed0/dataset/imagenet100_64/imagenet100_64/beta_0.1/seed0/adaptive_js_client/imagenet100_64_dataset_imagenet100_64_beta_0.1_js_client_lmax1p00_tau0p85_tkd1p00_nofeat_canonical_seed0_r100.pkl
ImageNet100-64,beta_0.1,77,0.14556057155132293,0.13067989006638528,/home/minss/fl/DXFL/logs/lambda/final/logs_js_client_ofat_extensions_seed0/dataset/imagenet100_64/imagenet100_64/beta_0.1/seed0/adaptive_js_client/imagenet100_64_dataset_imagenet100_64_beta_0.1_js_client_lmax1p00_tau0p85_tkd1p00_nofeat_canonical_seed0_r100.pkl
ImageNet100-64,beta_0.1,78,0.1422054722905159,0.13646402254700662,/home/minss/fl/DXFL/logs/lambda/final/logs_js_client_ofat_extensions_seed0/dataset/imagenet100_64/imagenet100_64/beta_0.1/seed0/adaptive_js_client/imagenet100_64_dataset_imagenet100_64_beta_0.1_js_client_lmax1p00_tau0p85_tkd1p00_nofeat_canonical_seed0_r100.pkl
ImageNet100-64,beta_0.1,79,0.1218001440167427,0.14007638916373255,/home/minss/fl/DXFL/logs/lambda/final/logs_js_client_ofat_extensions_seed0/dataset/imagenet100_64/imagenet100_64/beta_0.1/seed0/adaptive_js_client/imagenet100_64_dataset_imagenet100_64_beta_0.1_js_client_lmax1p00_tau0p85_tkd1p00_nofeat_canonical_seed0_r100.pkl
ImageNet100-64,beta_0.1,80,0.14596965163946152,0.13668929338455202,/home/minss/fl/DXFL/logs/lambda/final/logs_js_client_ofat_extensions_seed0/dataset/imagenet100_64/imagenet100_64/beta_0.1/seed0/adaptive_js_client/imagenet100_64_dataset_imagenet100_64_beta_0.1_js_client_lmax1p00_tau0p85_tkd1p00_nofeat_canonical_seed0_r100.pkl
ImageNet100-64,beta_0.1,81,0.1448461063206196,0.13865687772631646,/home/minss/fl/DXFL/logs/lambda/final/logs_js_client_ofat_extensions_seed0/dataset/imagenet100_64/imagenet100_64/beta_0.1/seed0/adaptive_js_client/imagenet100_64_dataset_imagenet100_64_beta_0.1_js_client_lmax1p00_tau0p85_tkd1p00_nofeat_canonical_seed0_r100.pkl
ImageNet100-64,beta_0.1,82,0.1286250926554203,0.14032290771603584,/home/minss/fl/DXFL/logs/lambda/final/logs_js_client_ofat_extensions_seed0/dataset/imagenet100_64/imagenet100_64/beta_0.1/seed0/adaptive_js_client/imagenet100_64_dataset_imagenet100_64_beta_0.1_js_client_lmax1p00_tau0p85_tkd1p00_nofeat_canonical_seed0_r100.pkl
ImageNet100-64,beta_0.1,83,0.15204339399933814,0.14102357372641564,/home/minss/fl/DXFL/logs/lambda/final/logs_js_client_ofat_extensions_seed0/dataset/imagenet100_64/imagenet100_64/beta_0.1/seed0/adaptive_js_client/imagenet100_64_dataset_imagenet100_64_beta_0.1_js_client_lmax1p00_tau0p85_tkd1p00_nofeat_canonical_seed0_r100.pkl
ImageNet100-64,beta_0.1,84,0.13013029396533965,0.1424325904250145,/home/minss/fl/DXFL/logs/lambda/final/logs_js_client_ofat_extensions_seed0/dataset/imagenet100_64/imagenet100_64/beta_0.1/seed0/adaptive_js_client/imagenet100_64_dataset_imagenet100_64_beta_0.1_js_client_lmax1p00_tau0p85_tkd1p00_nofeat_canonical_seed0_r100.pkl
ImageNet100-64,beta_0.1,85,0.14947298169136047,0.1477446274459362,/home/minss/fl/DXFL/logs/lambda/final/logs_js_client_ofat_extensions_seed0/dataset/imagenet100_64/imagenet100_64/beta_0.1/seed0/adaptive_js_client/imagenet100_64_dataset_imagenet100_64_beta_0.1_js_client_lmax1p00_tau0p85_tkd1p00_nofeat_canonical_seed0_r100.pkl
ImageNet100-64,beta_0.1,86,0.15189118981361388,0.1478046502172947,/home/minss/fl/DXFL/logs/lambda/final/logs_js_client_ofat_extensions_seed0/dataset/imagenet100_64/imagenet100_64/beta_0.1/seed0/adaptive_js_client/imagenet100_64_dataset_imagenet100_64_beta_0.1_js_client_lmax1p00_tau0p85_tkd1p00_nofeat_canonical_seed0_r100.pkl
ImageNet100-64,beta_0.1,87,0.15518527776002883,0.14802984431385996,/home/minss/fl/DXFL/logs/lambda/final/logs_js_client_ofat_extensions_seed0/dataset/imagenet100_64/imagenet100_64/beta_0.1/seed0/adaptive_js_client/imagenet100_64_dataset_imagenet100_64_beta_0.1_js_client_lmax1p00_tau0p85_tkd1p00_nofeat_canonical_seed0_r100.pkl
ImageNet100-64,beta_0.1,88,0.1523435078561306,0.14505001097917558,/home/minss/fl/DXFL/logs/lambda/final/logs_js_client_ofat_extensions_seed0/dataset/imagenet100_64/imagenet100_64/beta_0.1/seed0/adaptive_js_client/imagenet100_64_dataset_imagenet100_64_beta_0.1_js_client_lmax1p00_tau0p85_tkd1p00_nofeat_canonical_seed0_r100.pkl
ImageNet100-64,beta_0.1,89,0.1312562644481659,0.14311784267425537,/home/minss/fl/DXFL/logs/lambda/final/logs_js_client_ofat_extensions_seed0/dataset/imagenet100_64/imagenet100_64/beta_0.1/seed0/adaptive_js_client/imagenet100_64_dataset_imagenet100_64_beta_0.1_js_client_lmax1p00_tau0p85_tkd1p00_nofeat_canonical_seed0_r100.pkl
ImageNet100-64,beta_0.1,90,0.1345738150179386,0.1391290244460106,/home/minss/fl/DXFL/logs/lambda/final/logs_js_client_ofat_extensions_seed0/dataset/imagenet100_64/imagenet100_64/beta_0.1/seed0/adaptive_js_client/imagenet100_64_dataset_imagenet100_64_beta_0.1_js_client_lmax1p00_tau0p85_tkd1p00_nofeat_canonical_seed0_r100.pkl
ImageNet100-64,beta_0.1,91,0.1422303482890129,0.13471403896808626,/home/minss/fl/DXFL/logs/lambda/final/logs_js_client_ofat_extensions_seed0/dataset/imagenet100_64/imagenet100_64/beta_0.1/seed0/adaptive_js_client/imagenet100_64_dataset_imagenet100_64_beta_0.1_js_client_lmax1p00_tau0p85_tkd1p00_nofeat_canonical_seed0_r100.pkl
ImageNet100-64,beta_0.1,92,0.13524118661880494,0.1388731062412262,/home/minss/fl/DXFL/logs/lambda/final/logs_js_client_ofat_extensions_seed0/dataset/imagenet100_64/imagenet100_64/beta_0.1/seed0/adaptive_js_client/imagenet100_64_dataset_imagenet100_64_beta_0.1_js_client_lmax1p00_tau0p85_tkd1p00_nofeat_canonical_seed0_r100.pkl
ImageNet100-64,beta_0.1,93,0.13026858046650885,0.1449470415711403,/home/minss/fl/DXFL/logs/lambda/final/logs_js_client_ofat_extensions_seed0/dataset/imagenet100_64/imagenet100_64/beta_0.1/seed0/adaptive_js_client/imagenet100_64_dataset_imagenet100_64_beta_0.1_js_client_lmax1p00_tau0p85_tkd1p00_nofeat_canonical_seed0_r100.pkl
ImageNet100-64,beta_0.1,94,0.15205160081386565,0.1463071693480015,/home/minss/fl/DXFL/logs/lambda/final/logs_js_client_ofat_extensions_seed0/dataset/imagenet100_64/imagenet100_64/beta_0.1/seed0/adaptive_js_client/imagenet100_64_dataset_imagenet100_64_beta_0.1_js_client_lmax1p00_tau0p85_tkd1p00_nofeat_canonical_seed0_r100.pkl
ImageNet100-64,beta_0.1,95,0.16494349166750907,0.15161844953894615,/home/minss/fl/DXFL/logs/lambda/final/logs_js_client_ofat_extensions_seed0/dataset/imagenet100_64/imagenet100_64/beta_0.1/seed0/adaptive_js_client/imagenet100_64_dataset_imagenet100_64_beta_0.1_js_client_lmax1p00_tau0p85_tkd1p00_nofeat_canonical_seed0_r100.pkl
ImageNet100-64,beta_0.1,96,0.14903098717331886,0.15291709139943122,/home/minss/fl/DXFL/logs/lambda/final/logs_js_client_ofat_extensions_seed0/dataset/imagenet100_64/imagenet100_64/beta_0.1/seed0/adaptive_js_client/imagenet100_64_dataset_imagenet100_64_beta_0.1_js_client_lmax1p00_tau0p85_tkd1p00_nofeat_canonical_seed0_r100.pkl
ImageNet100-64,beta_0.1,97,0.1617975875735283,0.15492222264409067,/home/minss/fl/DXFL/logs/lambda/final/logs_js_client_ofat_extensions_seed0/dataset/imagenet100_64/imagenet100_64/beta_0.1/seed0/adaptive_js_client/imagenet100_64_dataset_imagenet100_64_beta_0.1_js_client_lmax1p00_tau0p85_tkd1p00_nofeat_canonical_seed0_r100.pkl
ImageNet100-64,beta_0.1,98,0.13676178976893424,0.15130998879671098,/home/minss/fl/DXFL/logs/lambda/final/logs_js_client_ofat_extensions_seed0/dataset/imagenet100_64/imagenet100_64/beta_0.1/seed0/adaptive_js_client/imagenet100_64_dataset_imagenet100_64_beta_0.1_js_client_lmax1p00_tau0p85_tkd1p00_nofeat_canonical_seed0_r100.pkl
ImageNet100-64,beta_0.1,99,0.16207725703716278,0.15088025584816933,/home/minss/fl/DXFL/logs/lambda/final/logs_js_client_ofat_extensions_seed0/dataset/imagenet100_64/imagenet100_64/beta_0.1/seed0/adaptive_js_client/imagenet100_64_dataset_imagenet100_64_beta_0.1_js_client_lmax1p00_tau0p85_tkd1p00_nofeat_canonical_seed0_r100.pkl
ImageNet100-64,beta_0.1,100,0.14688232243061067,0.1478972028195858,/home/minss/fl/DXFL/logs/lambda/final/logs_js_client_ofat_extensions_seed0/dataset/imagenet100_64/imagenet100_64/beta_0.1/seed0/adaptive_js_client/imagenet100_64_dataset_imagenet100_64_beta_0.1_js_client_lmax1p00_tau0p85_tkd1p00_nofeat_canonical_seed0_r100.pkl
